Log file open, 12/16/25 22:44:25
LogWindows: Failed to load 'aqProf.dll' (GetLastError=126)
LogWindows: File 'aqProf.dll' does not exist
LogWindows: Failed to load 'VtuneApi.dll' (GetLastError=126)
LogWindows: File 'VtuneApi.dll' does not exist
LogWindows: Failed to load 'VtuneApi32e.dll' (GetLastError=126)
LogWindows: File 'VtuneApi32e.dll' does not exist
LogConsoleResponse: Display: Failed to find resolution value strings in scalability ini. Falling back to default.
LogConsoleResponse: Display: Failed to find resolution value strings in scalability ini. Falling back to default.
LogInit: Display: Running engine for game: MarsMarine
LogPlatformFile: Not using cached read wrapper
LogTaskGraph: Started task graph with 5 named threads and 35 total threads with 3 sets of task threads.
LogStats: Stats thread started at 0.235876
LogICUInternationalization: ICU TimeZone Detection - Raw Offset: +1:00, Platform Override: ''
LogInit: Display: Loading text-based GConfig....
LogPluginManager: Mounting plugin MeshPainting
LogPluginManager: Mounting plugin XGEController
LogPluginManager: Mounting plugin Paper2D
LogPluginManager: Mounting plugin AISupport
LogPluginManager: Mounting plugin EnvironmentQueryEditor
LogPluginManager: Mounting plugin LiveLink
LogPluginManager: Mounting plugin CameraShakePreviewer
LogPluginManager: Mounting plugin GameplayCameras
LogPluginManager: Mounting plugin OodleData
LogPluginManager: Mounting plugin LightPropagationVolume
LogPluginManager: Mounting plugin OodleNetwork
LogPluginManager: Mounting plugin DatasmithContent
LogPluginManager: Mounting plugin AlembicImporter
LogPluginManager: Mounting plugin VariantManagerContent
LogPluginManager: Mounting plugin AutomationUtils
LogPluginManager: Mounting plugin ChaosCloth
LogPluginManager: Mounting plugin BackChannel
LogPluginManager: Mounting plugin ChaosClothEditor
LogPluginManager: Mounting plugin ChaosNiagara
LogPluginManager: Mounting plugin ChaosEditor
LogPluginManager: Mounting plugin ChaosSolverPlugin
LogPluginManager: Mounting plugin AssetManagerEditor
LogPluginManager: Mounting plugin CharacterAI
LogPluginManager: Mounting plugin AnimationSharing
LogPluginManager: Mounting plugin CryptoKeys
LogPluginManager: Mounting plugin CurveEditorTools
LogPluginManager: Mounting plugin DataValidation
LogPluginManager: Mounting plugin GameplayTagsEditor
LogPluginManager: Mounting plugin FacialAnimation
LogPluginManager: Mounting plugin GeometryMode
LogPluginManager: Mounting plugin MacGraphicsSwitching
LogPluginManager: Mounting plugin MaterialAnalyzer
LogPluginManager: Mounting plugin MobileLauncherProfileWizard
LogPluginManager: Mounting plugin PluginBrowser
LogPluginManager: Mounting plugin SpeedTreeImporter
LogPluginManager: Mounting plugin CLionSourceCodeAccess
LogPluginManager: Mounting plugin CodeLiteSourceCodeAccess
LogPluginManager: Mounting plugin GitSourceControl
LogPluginManager: Mounting plugin KDevelopSourceCodeAccess
LogPluginManager: Mounting plugin NullSourceCodeAccess
LogPluginManager: Mounting plugin PixWinPlugin
LogPluginManager: Mounting plugin PerforceSourceControl
LogPluginManager: Mounting plugin PlasticSourceControl
LogPluginManager: Mounting plugin PropertyAccessNode
LogPluginManager: Mounting plugin PluginUtils
LogPluginManager: Mounting plugin SubversionSourceControl
LogPluginManager: Mounting plugin RiderSourceCodeAccess
LogPluginManager: Mounting plugin TextureFormatOodle
LogPluginManager: Mounting plugin UObjectPlugin
LogPluginManager: Mounting plugin VisualStudioCodeSourceCodeAccess
LogPluginManager: Mounting plugin XCodeSourceCodeAccess
LogPluginManager: Mounting plugin VisualStudioSourceCodeAccess
LogPluginManager: Mounting plugin GeometryCache
LogPluginManager: Mounting plugin GeometryCollectionPlugin
LogPluginManager: Mounting plugin GeometryProcessing
LogPluginManager: Mounting plugin MotoSynth
LogPluginManager: Mounting plugin OpenImageDenoise
LogPluginManager: Mounting plugin PlanarCut
LogPluginManager: Mounting plugin ProxyLODPlugin
LogPluginManager: Mounting plugin PlatformCrypto
LogPluginManager: Mounting plugin PythonScriptPlugin
LogPluginManager: Mounting plugin LuminPlatformFeatures
LogPluginManager: Mounting plugin MagicLeap
LogPluginManager: Mounting plugin MagicLeapMedia
LogPluginManager: Mounting plugin MagicLeapLightEstimation
LogPluginManager: Mounting plugin MagicLeapPassableWorld
LogPluginManager: Mounting plugin Niagara
LogPluginManager: Mounting plugin SkeletalReduction
LogPluginManager: Mounting plugin MLSDK
LogPluginManager: Mounting plugin AndroidMedia
LogPluginManager: Mounting plugin AvfMedia
LogPluginManager: Mounting plugin ImgMedia
LogPluginManager: Mounting plugin MediaCompositing
LogPluginManager: Mounting plugin WebMMedia
LogPluginManager: Mounting plugin WmfMedia
LogPluginManager: Mounting plugin UdpMessaging
LogPluginManager: Mounting plugin MediaPlayerEditor
LogPluginManager: Mounting plugin TcpMessaging
LogPluginManager: Mounting plugin OnlineSubsystem
LogPluginManager: Mounting plugin OnlineSubsystemNull
LogPluginManager: Mounting plugin OnlineSubsystemUtils
LogPluginManager: Mounting plugin ActorSequence
LogPluginManager: Mounting plugin LevelSequenceEditor
LogPluginManager: Mounting plugin MatineeToLevelSequence
LogPluginManager: Mounting plugin LauncherChunkInstaller
LogPluginManager: Mounting plugin TemplateSequence
LogPluginManager: Mounting plugin ActorLayerUtilities
LogPluginManager: Mounting plugin AppleImageUtils
LogPluginManager: Mounting plugin AndroidPermission
LogPluginManager: Mounting plugin AppleMoviePlayer
LogPluginManager: Mounting plugin AndroidDeviceProfileSelector
LogPluginManager: Mounting plugin AndroidMoviePlayer
LogPluginManager: Mounting plugin AssetTags
LogPluginManager: Mounting plugin ArchVisCharacter
LogPluginManager: Mounting plugin AudioSynesthesia
LogPluginManager: Mounting plugin CableComponent
LogPluginManager: Mounting plugin AudioCapture
LogPluginManager: Mounting plugin CustomMeshComponent
LogPluginManager: Mounting plugin ChunkDownloader
LogPluginManager: Mounting plugin ExampleDeviceProfileSelector
LogPluginManager: Mounting plugin EditableMesh
LogPluginManager: Mounting plugin GoogleCloudMessaging
LogPluginManager: Mounting plugin ScreenshotTools
LogPluginManager: Mounting plugin GooglePAD
LogPluginManager: Mounting plugin IOSDeviceProfileSelector
LogPluginManager: Mounting plugin LocationServicesBPLibrary
LogPluginManager: Mounting plugin LinuxDeviceProfileSelector
LogPluginManager: Mounting plugin MobilePatchingUtils
LogPluginManager: Mounting plugin OpenXR
LogPluginManager: Mounting plugin OpenXREyeTracker
LogPluginManager: Mounting plugin OpenXRHandTracking
LogPluginManager: Mounting plugin PostSplashScreen
LogPluginManager: Mounting plugin PhysXVehicles
LogPluginManager: Mounting plugin ProceduralMeshComponent
LogPluginManager: Mounting plugin PropertyAccessEditor
LogPluginManager: Mounting plugin RuntimePhysXCooking
LogPluginManager: Mounting plugin SignificanceManager
LogPluginManager: Mounting plugin SoundFields
LogPluginManager: Mounting plugin Synthesis
LogPluginManager: Mounting plugin WebMMoviePlayer
LogPluginManager: Mounting plugin WindowsMoviePlayer
LogPluginManager: Mounting plugin Takes
LogPluginManager: Mounting plugin ContentBrowserAssetDataSource
LogPluginManager: Mounting plugin ContentBrowserClassDataSource
LogPluginManager: Mounting plugin ContentBrowserFileDataSource
LogPluginManager: Mounting plugin OnlineSubsystemIOS
LogPluginManager: Mounting plugin OnlineSubsystemGooglePlay
LogPluginManager: Mounting plugin OculusVR
LogPluginManager: Mounting plugin SteamVR
PixWinPlugin: PIX capture plugin failed to initialize! Check that the process is launched from PIX.
LogInit: Using libcurl 7.55.1-DEV
LogInit:  - built for x86_64-pc-win32
LogInit:  - supports SSL with OpenSSL/1.1.1
LogInit:  - supports HTTP deflate (compression) using libz 1.2.8
LogInit:  - other features:
LogInit:      CURL_VERSION_SSL
LogInit:      CURL_VERSION_LIBZ
LogInit:      CURL_VERSION_IPV6
LogInit:      CURL_VERSION_ASYNCHDNS
LogInit:      CURL_VERSION_LARGEFILE
LogInit:      CURL_VERSION_IDN
LogInit:  CurlRequestOptions (configurable via config and command line):
LogInit:  - bVerifyPeer = true  - Libcurl will verify peer certificate
LogInit:  - bUseHttpProxy = false  - Libcurl will NOT use HTTP proxy
LogInit:  - bDontReuseConnections = false  - Libcurl will reuse connections
LogInit:  - MaxHostConnections = 16  - Libcurl will limit the number of connections to a host
LogInit:  - LocalHostAddr = Default
LogInit:  - BufferSize = 65536
LogOnline: OSS: Creating online subsystem instance for: NULL
LogInit: WinSock: version 1.1 (2.2), MaxSocks=32767, MaxUdp=65467
LogOnline: OSS: TryLoadSubsystemAndSetDefault: Loaded subsystem for module [NULL]
LogOculusPluginWrapper: OculusPlugin initialized successfully
LogHMD: Failed initializing OVRPlugin 1.59.0
LogInit: Build: ++UE4+Release-4.27-CL-18319896
LogInit: Engine Version: 4.27.2-18319896+++UE4+Release-4.27
LogInit: Compatible Engine Version: 4.27.0-17155196+++UE4+Release-4.27
LogInit: Net CL: 17155196
LogInit: OS: Windows 10 (Release 2009) (), CPU: 12th Gen Intel(R) Core(TM) i5-1245U, GPU: Intel(R) Iris(R) Xe Graphics
LogInit: Compiled (64-bit): Nov 30 2021 07:12:08
LogInit: Compiled with Visual C++: 19.24.28315.00
LogInit: Build Configuration: Development
LogInit: Branch Name: ++UE4+Release-4.27
LogInit: Command Line:  -AUTH_LOGIN=unused -AUTH_PASSWORD=9b85862b387c47f69d55b17c35fc972b -AUTH_TYPE=exchangecode -epicapp=UE_4.27 -epicenv=Prod -EpicPortal -epicusername=cirarula -epicuserid=460cba60c5e74658afe364f0ea51f614 -epiclocale=pl -epicsandboxid=ue
LogInit: Base Directory: C:/Program Files/Epic Games/UE_4.27/Engine/Binaries/Win64/
LogInit: Allocator: TBB
LogInit: Installed Engine Build: 1
LogDevObjectVersion: Number of dev versions registered: 29
LogDevObjectVersion:   Dev-Blueprints (B0D832E4-1F89-4F0D-ACCF-7EB736FD4AA2): 10
LogDevObjectVersion:   Dev-Build (E1C64328-A22C-4D53-A36C-8E866417BD8C): 0
LogDevObjectVersion:   Dev-Core (375EC13C-06E4-48FB-B500-84F0262A717E): 4
LogDevObjectVersion:   Dev-Editor (E4B068ED-F494-42E9-A231-DA0B2E46BB41): 40
LogDevObjectVersion:   Dev-Framework (CFFC743F-43B0-4480-9391-14DF171D2073): 37
LogDevObjectVersion:   Dev-Mobile (B02B49B5-BB20-44E9-A304-32B752E40360): 3
LogDevObjectVersion:   Dev-Networking (A4E4105C-59A1-49B5-A7C5-40C4547EDFEE): 0
LogDevObjectVersion:   Dev-Online (39C831C9-5AE6-47DC-9A44-9C173E1C8E7C): 0
LogDevObjectVersion:   Dev-Physics (78F01B33-EBEA-4F98-B9B4-84EACCB95AA2): 14
LogDevObjectVersion:   Dev-Platform (6631380F-2D4D-43E0-8009-CF276956A95A): 0
LogDevObjectVersion:   Dev-Rendering (12F88B9F-8875-4AFC-A67C-D90C383ABD29): 45
LogDevObjectVersion:   Dev-Sequencer (7B5AE74C-D270-4C10-A958-57980B212A5A): 13
LogDevObjectVersion:   Dev-VR (D7296918-1DD6-4BDD-9DE2-64A83CC13884): 3
LogDevObjectVersion:   Dev-LoadTimes (C2A15278-BFE7-4AFE-6C17-90FF531DF755): 1
LogDevObjectVersion:   Private-Geometry (6EACA3D4-40EC-4CC1-B786-8BED09428FC5): 3
LogDevObjectVersion:   Dev-AnimPhys (29E575DD-E0A3-4627-9D10-D276232CDCEA): 17
LogDevObjectVersion:   Dev-Anim (AF43A65D-7FD3-4947-9873-3E8ED9C1BB05): 15
LogDevObjectVersion:   Dev-ReflectionCapture (6B266CEC-1EC7-4B8F-A30B-E4D90942FC07): 1
LogDevObjectVersion:   Dev-Automation (0DF73D61-A23F-47EA-B727-89E90C41499A): 1
LogDevObjectVersion:   FortniteMain (601D1886-AC64-4F84-AA16-D3DE0DEAC7D6): 47
LogDevObjectVersion:   FortniteRelease (E7086368-6B23-4C58-8439-1B7016265E91): 1
LogDevObjectVersion:   Dev-Enterprise (9DFFBCD6-494F-0158-E221-12823C92A888): 10
LogDevObjectVersion:   Dev-Niagara (F2AED0AC-9AFE-416F-8664-AA7FFA26D6FC): 1
LogDevObjectVersion:   Dev-Destruction (174F1F0B-B4C6-45A5-B13F-2EE8D0FB917D): 10
LogDevObjectVersion:   Dev-Physics-Ext (35F94A83-E258-406C-A318-09F59610247C): 41
LogDevObjectVersion:   Dev-PhysicsMaterial-Chaos (B68FC16E-8B1B-42E2-B453-215C058844FE): 1
LogDevObjectVersion:   Dev-CineCamera (B2E18506-4273-CFC2-A54E-F4BB758BBA07): 1
LogDevObjectVersion:   Dev-VirtualProduction (64F58936-FD1B-42BA-BA96-7289D5D0FA4E): 1
LogDevObjectVersion:   Dev-MediaFramework (6F0ED827-A609-4895-9C91-998D90180EA4): 2
LogInit: Presizing for max 25165824 objects, including 0 objects not considered by GC, pre-allocating 0 bytes for permanent pool.
LogConfig: Applying CVar settings from Section [/Script/Engine.StreamingSettings] File [C:/Rzeczy/gry/1 rok/TopDownShooterAD25/03_MarsMarine 4.27/Saved/Config/Windows/Engine.ini]
LogConfig: Setting CVar [[s.MinBulkDataSizeForAsyncLoading:131072]]
LogConfig: Setting CVar [[s.AsyncLoadingThreadEnabled:0]]
LogConfig: Setting CVar [[s.EventDrivenLoaderEnabled:1]]
LogConfig: Setting CVar [[s.WarnIfTimeLimitExceeded:0]]
LogConfig: Setting CVar [[s.TimeLimitExceededMultiplier:1.5]]
LogConfig: Setting CVar [[s.TimeLimitExceededMinTime:0.005]]
LogConfig: Setting CVar [[s.UseBackgroundLevelStreaming:1]]
LogConfig: Setting CVar [[s.PriorityAsyncLoadingExtraTime:15.0]]
LogConfig: Setting CVar [[s.LevelStreamingActorsUpdateTimeLimit:5.0]]
LogConfig: Setting CVar [[s.PriorityLevelStreamingActorsUpdateExtraTime:5.0]]
LogConfig: Setting CVar [[s.LevelStreamingComponentsRegistrationGranularity:10]]
LogConfig: Setting CVar [[s.UnregisterComponentsTimeLimit:1.0]]
LogConfig: Setting CVar [[s.LevelStreamingComponentsUnregistrationGranularity:5]]
LogConfig: Setting CVar [[s.FlushStreamingOnExit:1]]
LogInit: Object subsystem initialized
LogConfig: Setting CVar [[con.DebugEarlyDefault:1]]
LogConfig: Setting CVar [[r.setres:1280x720]]
[2025.12.16-21.44.26:440][  0]LogConfig: Setting CVar [[r.VSync:0]]
[2025.12.16-21.44.26:440][  0]LogConfig: Setting CVar [[r.RHICmdBypass:0]]
[2025.12.16-21.44.26:440][  0]LogConfig: Applying CVar settings from Section [/Script/Engine.RendererSettings] File [C:/Rzeczy/gry/1 rok/TopDownShooterAD25/03_MarsMarine 4.27/Saved/Config/Windows/Engine.ini]
[2025.12.16-21.44.26:440][  0]LogConfig: Setting CVar [[r.GPUCrashDebugging:0]]
[2025.12.16-21.44.26:440][  0]LogConfig: Applying CVar settings from Section [/Script/Engine.RendererOverrideSettings] File [C:/Rzeczy/gry/1 rok/TopDownShooterAD25/03_MarsMarine 4.27/Saved/Config/Windows/Engine.ini]
[2025.12.16-21.44.26:440][  0]LogConfig: Applying CVar settings from Section [/Script/Engine.StreamingSettings] File [C:/Rzeczy/gry/1 rok/TopDownShooterAD25/03_MarsMarine 4.27/Saved/Config/Windows/Engine.ini]
[2025.12.16-21.44.26:440][  0]LogConfig: Setting CVar [[s.MinBulkDataSizeForAsyncLoading:131072]]
[2025.12.16-21.44.26:440][  0]LogConfig: Setting CVar [[s.AsyncLoadingThreadEnabled:0]]
[2025.12.16-21.44.26:441][  0]LogConfig: Setting CVar [[s.EventDrivenLoaderEnabled:1]]
[2025.12.16-21.44.26:441][  0]LogConfig: Setting CVar [[s.WarnIfTimeLimitExceeded:0]]
[2025.12.16-21.44.26:441][  0]LogConfig: Setting CVar [[s.TimeLimitExceededMultiplier:1.5]]
[2025.12.16-21.44.26:441][  0]LogConfig: Setting CVar [[s.TimeLimitExceededMinTime:0.005]]
[2025.12.16-21.44.26:441][  0]LogConfig: Setting CVar [[s.UseBackgroundLevelStreaming:1]]
[2025.12.16-21.44.26:441][  0]LogConfig: Setting CVar [[s.PriorityAsyncLoadingExtraTime:15.0]]
[2025.12.16-21.44.26:441][  0]LogConfig: Setting CVar [[s.LevelStreamingActorsUpdateTimeLimit:5.0]]
[2025.12.16-21.44.26:441][  0]LogConfig: Setting CVar [[s.PriorityLevelStreamingActorsUpdateExtraTime:5.0]]
[2025.12.16-21.44.26:441][  0]LogConfig: Setting CVar [[s.LevelStreamingComponentsRegistrationGranularity:10]]
[2025.12.16-21.44.26:441][  0]LogConfig: Setting CVar [[s.UnregisterComponentsTimeLimit:1.0]]
[2025.12.16-21.44.26:441][  0]LogConfig: Setting CVar [[s.LevelStreamingComponentsUnregistrationGranularity:5]]
[2025.12.16-21.44.26:441][  0]LogConfig: Setting CVar [[s.FlushStreamingOnExit:1]]
[2025.12.16-21.44.26:441][  0]LogConfig: Applying CVar settings from Section [/Script/Engine.GarbageCollectionSettings] File [C:/Rzeczy/gry/1 rok/TopDownShooterAD25/03_MarsMarine 4.27/Saved/Config/Windows/Engine.ini]
[2025.12.16-21.44.26:441][  0]LogConfig: Setting CVar [[gc.MaxObjectsNotConsideredByGC:1]]
[2025.12.16-21.44.26:441][  0]LogConfig: Setting CVar [[gc.SizeOfPermanentObjectPool:0]]
[2025.12.16-21.44.26:441][  0]LogConfig: Setting CVar [[gc.FlushStreamingOnGC:0]]
[2025.12.16-21.44.26:441][  0]LogConfig: Setting CVar [[gc.NumRetriesBeforeForcingGC:10]]
[2025.12.16-21.44.26:441][  0]LogConfig: Setting CVar [[gc.AllowParallelGC:1]]
[2025.12.16-21.44.26:441][  0]LogConfig: Setting CVar [[gc.TimeBetweenPurgingPendingKillObjects:61.1]]
[2025.12.16-21.44.26:441][  0]LogConfig: Setting CVar [[gc.MaxObjectsInEditor:25165824]]
[2025.12.16-21.44.26:441][  0]LogConfig: Setting CVar [[gc.IncrementalBeginDestroyEnabled:1]]
[2025.12.16-21.44.26:441][  0]LogConfig: Setting CVar [[gc.CreateGCClusters:1]]
[2025.12.16-21.44.26:441][  0]LogConfig: Setting CVar [[gc.MinGCClusterSize:5]]
[2025.12.16-21.44.26:441][  0]LogConfig: Setting CVar [[gc.ActorClusteringEnabled:0]]
[2025.12.16-21.44.26:441][  0]LogConfig: Setting CVar [[gc.BlueprintClusteringEnabled:0]]
[2025.12.16-21.44.26:441][  0]LogConfig: Setting CVar [[gc.UseDisregardForGCOnDedicatedServers:0]]
[2025.12.16-21.44.26:441][  0]LogConfig: Setting CVar [[gc.MultithreadedDestructionEnabled:1]]
[2025.12.16-21.44.26:441][  0]LogConfig: Applying CVar settings from Section [/Script/Engine.NetworkSettings] File [C:/Rzeczy/gry/1 rok/TopDownShooterAD25/03_MarsMarine 4.27/Saved/Config/Windows/Engine.ini]
[2025.12.16-21.44.26:441][  0]LogConfig: Applying CVar settings from Section [/Script/UnrealEd.CookerSettings] File [C:/Rzeczy/gry/1 rok/TopDownShooterAD25/03_MarsMarine 4.27/Saved/Config/Windows/Engine.ini]
[2025.12.16-21.44.26:451][  0]LogConfig: Applying CVar settings from Section [ViewDistanceQuality@3] File [C:/Rzeczy/gry/1 rok/TopDownShooterAD25/03_MarsMarine 4.27/Saved/Config/Windows/Scalability.ini]
[2025.12.16-21.44.26:451][  0]LogConfig: Setting CVar [[r.SkeletalMeshLODBias:0]]
[2025.12.16-21.44.26:451][  0]LogConfig: Setting CVar [[r.ViewDistanceScale:1.0]]
[2025.12.16-21.44.26:451][  0]LogConfig: Applying CVar settings from Section [AntiAliasingQuality@3] File [C:/Rzeczy/gry/1 rok/TopDownShooterAD25/03_MarsMarine 4.27/Saved/Config/Windows/Scalability.ini]
[2025.12.16-21.44.26:451][  0]LogConfig: Setting CVar [[r.PostProcessAAQuality:4]]
[2025.12.16-21.44.26:451][  0]LogConfig: Applying CVar settings from Section [ShadowQuality@3] File [C:/Rzeczy/gry/1 rok/TopDownShooterAD25/03_MarsMarine 4.27/Saved/Config/Windows/Scalability.ini]
[2025.12.16-21.44.26:451][  0]LogConfig: Setting CVar [[r.LightFunctionQuality:1]]
[2025.12.16-21.44.26:451][  0]LogConfig: Setting CVar [[r.ShadowQuality:5]]
[2025.12.16-21.44.26:451][  0]LogConfig: Setting CVar [[r.Shadow.CSM.MaxCascades:10]]
[2025.12.16-21.44.26:451][  0]LogConfig: Setting CVar [[r.Shadow.MaxResolution:2048]]
[2025.12.16-21.44.26:451][  0]LogConfig: Setting CVar [[r.Shadow.MaxCSMResolution:2048]]
[2025.12.16-21.44.26:451][  0]LogConfig: Setting CVar [[r.Shadow.RadiusThreshold:0.01]]
[2025.12.16-21.44.26:451][  0]LogConfig: Setting CVar [[r.Shadow.DistanceScale:1.0]]
[2025.12.16-21.44.26:451][  0]LogConfig: Setting CVar [[r.Shadow.CSM.TransitionScale:1.0]]
[2025.12.16-21.44.26:451][  0]LogConfig: Setting CVar [[r.Shadow.PreShadowResolutionFactor:1.0]]
[2025.12.16-21.44.26:451][  0]LogConfig: Setting CVar [[r.DistanceFieldShadowing:1]]
[2025.12.16-21.44.26:451][  0]LogConfig: Setting CVar [[r.DistanceFieldAO:1]]
[2025.12.16-21.44.26:451][  0]LogConfig: Setting CVar [[r.AOQuality:2]]
[2025.12.16-21.44.26:451][  0]LogConfig: Setting CVar [[r.VolumetricFog:1]]
[2025.12.16-21.44.26:451][  0]LogConfig: Setting CVar [[r.VolumetricFog.GridPixelSize:8]]
[2025.12.16-21.44.26:451][  0]LogConfig: Setting CVar [[r.VolumetricFog.GridSizeZ:128]]
[2025.12.16-21.44.26:451][  0]LogConfig: Setting CVar [[r.VolumetricFog.HistoryMissSupersampleCount:4]]
[2025.12.16-21.44.26:451][  0]LogConfig: Setting CVar [[r.LightMaxDrawDistanceScale:1]]
[2025.12.16-21.44.26:451][  0]LogConfig: Setting CVar [[r.CapsuleShadows:1]]
[2025.12.16-21.44.26:451][  0]LogConfig: Applying CVar settings from Section [PostProcessQuality@3] File [C:/Rzeczy/gry/1 rok/TopDownShooterAD25/03_MarsMarine 4.27/Saved/Config/Windows/Scalability.ini]
[2025.12.16-21.44.26:451][  0]LogConfig: Setting CVar [[r.MotionBlurQuality:4]]
[2025.12.16-21.44.26:451][  0]LogConfig: Setting CVar [[r.AmbientOcclusionMipLevelFactor:0.4]]
[2025.12.16-21.44.26:452][  0]LogConfig: Setting CVar [[r.AmbientOcclusionMaxQuality:100]]
[2025.12.16-21.44.26:452][  0]LogConfig: Setting CVar [[r.AmbientOcclusionLevels:-1]]
[2025.12.16-21.44.26:452][  0]LogConfig: Setting CVar [[r.AmbientOcclusionRadiusScale:1.0]]
[2025.12.16-21.44.26:452][  0]LogConfig: Setting CVar [[r.DepthOfFieldQuality:2]]
[2025.12.16-21.44.26:452][  0]LogConfig: Setting CVar [[r.RenderTargetPoolMin:400]]
[2025.12.16-21.44.26:452][  0]LogConfig: Setting CVar [[r.LensFlareQuality:2]]
[2025.12.16-21.44.26:452][  0]LogConfig: Setting CVar [[r.SceneColorFringeQuality:1]]
[2025.12.16-21.44.26:452][  0]LogConfig: Setting CVar [[r.EyeAdaptationQuality:2]]
[2025.12.16-21.44.26:452][  0]LogConfig: Setting CVar [[r.BloomQuality:5]]
[2025.12.16-21.44.26:452][  0]LogConfig: Setting CVar [[r.FastBlurThreshold:100]]
[2025.12.16-21.44.26:452][  0]LogConfig: Setting CVar [[r.Upscale.Quality:3]]
[2025.12.16-21.44.26:452][  0]LogConfig: Setting CVar [[r.Tonemapper.GrainQuantization:1]]
[2025.12.16-21.44.26:452][  0]LogConfig: Setting CVar [[r.LightShaftQuality:1]]
[2025.12.16-21.44.26:452][  0]LogConfig: Setting CVar [[r.Filter.SizeScale:1]]
[2025.12.16-21.44.26:452][  0]LogConfig: Setting CVar [[r.Tonemapper.Quality:5]]
[2025.12.16-21.44.26:452][  0]LogConfig: Setting CVar [[r.DOF.Gather.AccumulatorQuality:1        ; higher gathering accumulator quality]]
[2025.12.16-21.44.26:452][  0]LogConfig: Setting CVar [[r.DOF.Gather.PostfilterMethod:1          ; Median3x3 postfilering method]]
[2025.12.16-21.44.26:452][  0]LogConfig: Setting CVar [[r.DOF.Gather.EnableBokehSettings:0       ; no bokeh simulation when gathering]]
[2025.12.16-21.44.26:452][  0]LogConfig: Setting CVar [[r.DOF.Gather.RingCount:4                 ; medium number of samples when gathering]]
[2025.12.16-21.44.26:452][  0]LogConfig: Setting CVar [[r.DOF.Scatter.ForegroundCompositing:1    ; additive foreground scattering]]
[2025.12.16-21.44.26:452][  0]LogConfig: Setting CVar [[r.DOF.Scatter.BackgroundCompositing:2    ; additive background scattering]]
[2025.12.16-21.44.26:452][  0]LogConfig: Setting CVar [[r.DOF.Scatter.EnableBokehSettings:1      ; bokeh simulation when scattering]]
[2025.12.16-21.44.26:452][  0]LogConfig: Setting CVar [[r.DOF.Scatter.MaxSpriteRatio:0.1         ; only a maximum of 10% of scattered bokeh]]
[2025.12.16-21.44.26:452][  0]LogConfig: Setting CVar [[r.DOF.Recombine.Quality:1                ; cheap slight out of focus]]
[2025.12.16-21.44.26:452][  0]LogConfig: Setting CVar [[r.DOF.Recombine.EnableBokehSettings:0    ; no bokeh simulation on slight out of focus]]
[2025.12.16-21.44.26:452][  0]LogConfig: Setting CVar [[r.DOF.TemporalAAQuality:1                ; more stable temporal accumulation]]
[2025.12.16-21.44.26:452][  0]LogConfig: Setting CVar [[r.DOF.Kernel.MaxForegroundRadius:0.025]]
[2025.12.16-21.44.26:452][  0]LogConfig: Setting CVar [[r.DOF.Kernel.MaxBackgroundRadius:0.025]]
[2025.12.16-21.44.26:452][  0]LogConfig: Applying CVar settings from Section [TextureQuality@3] File [C:/Rzeczy/gry/1 rok/TopDownShooterAD25/03_MarsMarine 4.27/Saved/Config/Windows/Scalability.ini]
[2025.12.16-21.44.26:452][  0]LogConfig: Setting CVar [[r.Streaming.MipBias:0]]
[2025.12.16-21.44.26:452][  0]LogConfig: Setting CVar [[r.Streaming.AmortizeCPUToGPUCopy:0]]
[2025.12.16-21.44.26:452][  0]LogConfig: Setting CVar [[r.Streaming.MaxNumTexturesToStreamPerFrame:0]]
[2025.12.16-21.44.26:452][  0]LogConfig: Setting CVar [[r.Streaming.Boost:1]]
[2025.12.16-21.44.26:452][  0]LogConfig: Setting CVar [[r.MaxAnisotropy:8]]
[2025.12.16-21.44.26:452][  0]LogConfig: Setting CVar [[r.VT.MaxAnisotropy:8]]
[2025.12.16-21.44.26:452][  0]LogConfig: Setting CVar [[r.Streaming.LimitPoolSizeToVRAM:0]]
[2025.12.16-21.44.26:452][  0]LogConfig: Setting CVar [[r.Streaming.PoolSize:1000]]
[2025.12.16-21.44.26:452][  0]LogConfig: Setting CVar [[r.Streaming.MaxEffectiveScreenSize:0]]
[2025.12.16-21.44.26:452][  0]LogConfig: Applying CVar settings from Section [EffectsQuality@3] File [C:/Rzeczy/gry/1 rok/TopDownShooterAD25/03_MarsMarine 4.27/Saved/Config/Windows/Scalability.ini]
[2025.12.16-21.44.26:452][  0]LogConfig: Setting CVar [[r.TranslucencyLightingVolumeDim:64]]
[2025.12.16-21.44.26:452][  0]LogConfig: Setting CVar [[r.RefractionQuality:2]]
[2025.12.16-21.44.26:452][  0]LogConfig: Setting CVar [[r.SSR.Quality:3]]
[2025.12.16-21.44.26:452][  0]LogConfig: Setting CVar [[r.SSR.HalfResSceneColor:0]]
[2025.12.16-21.44.26:452][  0]LogConfig: Setting CVar [[r.SceneColorFormat:4]]
[2025.12.16-21.44.26:452][  0]LogConfig: Setting CVar [[r.DetailMode:2]]
[2025.12.16-21.44.26:452][  0]LogConfig: Setting CVar [[r.TranslucencyVolumeBlur:1]]
[2025.12.16-21.44.26:452][  0]LogConfig: Setting CVar [[r.MaterialQualityLevel:1 ; High quality]]
[2025.12.16-21.44.26:452][  0]LogConfig: Setting CVar [[r.AnisotropicMaterials:1]]
[2025.12.16-21.44.26:452][  0]LogConfig: Setting CVar [[r.SSS.Scale:1]]
[2025.12.16-21.44.26:452][  0]LogConfig: Setting CVar [[r.SSS.SampleSet:2]]
[2025.12.16-21.44.26:452][  0]LogConfig: Setting CVar [[r.SSS.Quality:1]]
[2025.12.16-21.44.26:452][  0]LogConfig: Setting CVar [[r.SSS.HalfRes:0]]
[2025.12.16-21.44.26:452][  0]LogConfig: Setting CVar [[r.SSGI.Quality:3]]
[2025.12.16-21.44.26:452][  0]LogConfig: Setting CVar [[r.EmitterSpawnRateScale:1.0]]
[2025.12.16-21.44.26:452][  0]LogConfig: Setting CVar [[r.ParticleLightQuality:2]]
[2025.12.16-21.44.26:452][  0]LogConfig: Setting CVar [[r.SkyAtmosphere.AerialPerspectiveLUT.FastApplyOnOpaque:1 ; Always have FastSkyLUT 1 in this case to avoid wrong sky]]
[2025.12.16-21.44.26:452][  0]LogConfig: Setting CVar [[r.SkyAtmosphere.AerialPerspectiveLUT.SampleCountMaxPerSlice:4]]
[2025.12.16-21.44.26:452][  0]LogConfig: Setting CVar [[r.SkyAtmosphere.AerialPerspectiveLUT.DepthResolution:16.0]]
[2025.12.16-21.44.26:453][  0]LogConfig: Setting CVar [[r.SkyAtmosphere.FastSkyLUT:1]]
[2025.12.16-21.44.26:453][  0]LogConfig: Setting CVar [[r.SkyAtmosphere.FastSkyLUT.SampleCountMin:4.0]]
[2025.12.16-21.44.26:453][  0]LogConfig: Setting CVar [[r.SkyAtmosphere.FastSkyLUT.SampleCountMax:128.0]]
[2025.12.16-21.44.26:453][  0]LogConfig: Setting CVar [[r.SkyAtmosphere.SampleCountMin:4.0]]
[2025.12.16-21.44.26:453][  0]LogConfig: Setting CVar [[r.SkyAtmosphere.SampleCountMax:128.0]]
[2025.12.16-21.44.26:453][  0]LogConfig: Setting CVar [[r.SkyAtmosphere.TransmittanceLUT.UseSmallFormat:0]]
[2025.12.16-21.44.26:453][  0]LogConfig: Setting CVar [[r.SkyAtmosphere.TransmittanceLUT.SampleCount:10.0]]
[2025.12.16-21.44.26:453][  0]LogConfig: Setting CVar [[r.SkyAtmosphere.MultiScatteringLUT.SampleCount:15.0]]
[2025.12.16-21.44.26:453][  0]LogConfig: Setting CVar [[r.SkyLight.RealTimeReflectionCapture:1]]
[2025.12.16-21.44.26:453][  0]LogConfig: Applying CVar settings from Section [FoliageQuality@3] File [C:/Rzeczy/gry/1 rok/TopDownShooterAD25/03_MarsMarine 4.27/Saved/Config/Windows/Scalability.ini]
[2025.12.16-21.44.26:453][  0]LogConfig: Setting CVar [[foliage.DensityScale:1.0]]
[2025.12.16-21.44.26:453][  0]LogConfig: Setting CVar [[grass.DensityScale:1.0]]
[2025.12.16-21.44.26:453][  0]LogConfig: Applying CVar settings from Section [ShadingQuality@3] File [C:/Rzeczy/gry/1 rok/TopDownShooterAD25/03_MarsMarine 4.27/Saved/Config/Windows/Scalability.ini]
[2025.12.16-21.44.26:453][  0]LogConfig: Setting CVar [[r.HairStrands.SkyLighting.IntegrationType:2]]
[2025.12.16-21.44.26:453][  0]LogConfig: Setting CVar [[r.HairStrands.SkyAO.SampleCount:4]]
[2025.12.16-21.44.26:453][  0]LogConfig: Setting CVar [[r.HairStrands.Visibility.MSAA.SamplePerPixel:4]]
[2025.12.16-21.44.26:453][  0]LogInit: Selected Device Profile: [Windows]
[2025.12.16-21.44.26:453][  0]LogInit: Applying CVar settings loaded from the selected device profile: [Windows]
[2025.12.16-21.44.26:453][  0]LogHAL: Display: Platform has ~ 16 GB [16849256448 / 17179869184 / 16], which maps to Larger [LargestMinGB=32, LargerMinGB=12, DefaultMinGB=8, SmallerMinGB=6, SmallestMinGB=0)
[2025.12.16-21.44.26:453][  0]LogInit: Going up to parent DeviceProfile []
[2025.12.16-21.44.26:453][  0]LogConfig: Applying CVar settings from Section [ViewDistanceQuality@3] File [C:/Rzeczy/gry/1 rok/TopDownShooterAD25/03_MarsMarine 4.27/Saved/Config/Windows/Scalability.ini]
[2025.12.16-21.44.26:453][  0]LogConfig: Setting CVar [[r.SkeletalMeshLODBias:0]]
[2025.12.16-21.44.26:453][  0]LogConfig: Setting CVar [[r.ViewDistanceScale:1.0]]
[2025.12.16-21.44.26:453][  0]LogConfig: Applying CVar settings from Section [AntiAliasingQuality@3] File [C:/Rzeczy/gry/1 rok/TopDownShooterAD25/03_MarsMarine 4.27/Saved/Config/Windows/Scalability.ini]
[2025.12.16-21.44.26:453][  0]LogConfig: Setting CVar [[r.PostProcessAAQuality:4]]
[2025.12.16-21.44.26:453][  0]LogConfig: Applying CVar settings from Section [ShadowQuality@3] File [C:/Rzeczy/gry/1 rok/TopDownShooterAD25/03_MarsMarine 4.27/Saved/Config/Windows/Scalability.ini]
[2025.12.16-21.44.26:453][  0]LogConfig: Setting CVar [[r.LightFunctionQuality:1]]
[2025.12.16-21.44.26:453][  0]LogConfig: Setting CVar [[r.ShadowQuality:5]]
[2025.12.16-21.44.26:453][  0]LogConfig: Setting CVar [[r.Shadow.CSM.MaxCascades:10]]
[2025.12.16-21.44.26:453][  0]LogConfig: Setting CVar [[r.Shadow.MaxResolution:2048]]
[2025.12.16-21.44.26:453][  0]LogConfig: Setting CVar [[r.Shadow.MaxCSMResolution:2048]]
[2025.12.16-21.44.26:453][  0]LogConfig: Setting CVar [[r.Shadow.RadiusThreshold:0.01]]
[2025.12.16-21.44.26:453][  0]LogConfig: Setting CVar [[r.Shadow.DistanceScale:1.0]]
[2025.12.16-21.44.26:453][  0]LogConfig: Setting CVar [[r.Shadow.CSM.TransitionScale:1.0]]
[2025.12.16-21.44.26:453][  0]LogConfig: Setting CVar [[r.Shadow.PreShadowResolutionFactor:1.0]]
[2025.12.16-21.44.26:453][  0]LogConfig: Setting CVar [[r.DistanceFieldShadowing:1]]
[2025.12.16-21.44.26:453][  0]LogConfig: Setting CVar [[r.DistanceFieldAO:1]]
[2025.12.16-21.44.26:453][  0]LogConfig: Setting CVar [[r.AOQuality:2]]
[2025.12.16-21.44.26:453][  0]LogConfig: Setting CVar [[r.VolumetricFog:1]]
[2025.12.16-21.44.26:453][  0]LogConfig: Setting CVar [[r.VolumetricFog.GridPixelSize:8]]
[2025.12.16-21.44.26:453][  0]LogConfig: Setting CVar [[r.VolumetricFog.GridSizeZ:128]]
[2025.12.16-21.44.26:453][  0]LogConfig: Setting CVar [[r.VolumetricFog.HistoryMissSupersampleCount:4]]
[2025.12.16-21.44.26:453][  0]LogConfig: Setting CVar [[r.LightMaxDrawDistanceScale:1]]
[2025.12.16-21.44.26:453][  0]LogConfig: Setting CVar [[r.CapsuleShadows:1]]
[2025.12.16-21.44.26:453][  0]LogConfig: Applying CVar settings from Section [PostProcessQuality@3] File [C:/Rzeczy/gry/1 rok/TopDownShooterAD25/03_MarsMarine 4.27/Saved/Config/Windows/Scalability.ini]
[2025.12.16-21.44.26:453][  0]LogConfig: Setting CVar [[r.MotionBlurQuality:4]]
[2025.12.16-21.44.26:453][  0]LogConfig: Setting CVar [[r.AmbientOcclusionMipLevelFactor:0.4]]
[2025.12.16-21.44.26:453][  0]LogConfig: Setting CVar [[r.AmbientOcclusionMaxQuality:100]]
[2025.12.16-21.44.26:453][  0]LogConfig: Setting CVar [[r.AmbientOcclusionLevels:-1]]
[2025.12.16-21.44.26:454][  0]LogConfig: Setting CVar [[r.AmbientOcclusionRadiusScale:1.0]]
[2025.12.16-21.44.26:454][  0]LogConfig: Setting CVar [[r.DepthOfFieldQuality:2]]
[2025.12.16-21.44.26:454][  0]LogConfig: Setting CVar [[r.RenderTargetPoolMin:400]]
[2025.12.16-21.44.26:454][  0]LogConfig: Setting CVar [[r.LensFlareQuality:2]]
[2025.12.16-21.44.26:454][  0]LogConfig: Setting CVar [[r.SceneColorFringeQuality:1]]
[2025.12.16-21.44.26:454][  0]LogConfig: Setting CVar [[r.EyeAdaptationQuality:2]]
[2025.12.16-21.44.26:454][  0]LogConfig: Setting CVar [[r.BloomQuality:5]]
[2025.12.16-21.44.26:454][  0]LogConfig: Setting CVar [[r.FastBlurThreshold:100]]
[2025.12.16-21.44.26:454][  0]LogConfig: Setting CVar [[r.Upscale.Quality:3]]
[2025.12.16-21.44.26:454][  0]LogConfig: Setting CVar [[r.Tonemapper.GrainQuantization:1]]
[2025.12.16-21.44.26:454][  0]LogConfig: Setting CVar [[r.LightShaftQuality:1]]
[2025.12.16-21.44.26:454][  0]LogConfig: Setting CVar [[r.Filter.SizeScale:1]]
[2025.12.16-21.44.26:454][  0]LogConfig: Setting CVar [[r.Tonemapper.Quality:5]]
[2025.12.16-21.44.26:454][  0]LogConfig: Setting CVar [[r.DOF.Gather.AccumulatorQuality:1        ; higher gathering accumulator quality]]
[2025.12.16-21.44.26:454][  0]LogConfig: Setting CVar [[r.DOF.Gather.PostfilterMethod:1          ; Median3x3 postfilering method]]
[2025.12.16-21.44.26:454][  0]LogConfig: Setting CVar [[r.DOF.Gather.EnableBokehSettings:0       ; no bokeh simulation when gathering]]
[2025.12.16-21.44.26:454][  0]LogConfig: Setting CVar [[r.DOF.Gather.RingCount:4                 ; medium number of samples when gathering]]
[2025.12.16-21.44.26:454][  0]LogConfig: Setting CVar [[r.DOF.Scatter.ForegroundCompositing:1    ; additive foreground scattering]]
[2025.12.16-21.44.26:454][  0]LogConfig: Setting CVar [[r.DOF.Scatter.BackgroundCompositing:2    ; additive background scattering]]
[2025.12.16-21.44.26:454][  0]LogConfig: Setting CVar [[r.DOF.Scatter.EnableBokehSettings:1      ; bokeh simulation when scattering]]
[2025.12.16-21.44.26:454][  0]LogConfig: Setting CVar [[r.DOF.Scatter.MaxSpriteRatio:0.1         ; only a maximum of 10% of scattered bokeh]]
[2025.12.16-21.44.26:454][  0]LogConfig: Setting CVar [[r.DOF.Recombine.Quality:1                ; cheap slight out of focus]]
[2025.12.16-21.44.26:454][  0]LogConfig: Setting CVar [[r.DOF.Recombine.EnableBokehSettings:0    ; no bokeh simulation on slight out of focus]]
[2025.12.16-21.44.26:454][  0]LogConfig: Setting CVar [[r.DOF.TemporalAAQuality:1                ; more stable temporal accumulation]]
[2025.12.16-21.44.26:454][  0]LogConfig: Setting CVar [[r.DOF.Kernel.MaxForegroundRadius:0.025]]
[2025.12.16-21.44.26:454][  0]LogConfig: Setting CVar [[r.DOF.Kernel.MaxBackgroundRadius:0.025]]
[2025.12.16-21.44.26:454][  0]LogConfig: Applying CVar settings from Section [TextureQuality@3] File [C:/Rzeczy/gry/1 rok/TopDownShooterAD25/03_MarsMarine 4.27/Saved/Config/Windows/Scalability.ini]
[2025.12.16-21.44.26:454][  0]LogConfig: Setting CVar [[r.Streaming.MipBias:0]]
[2025.12.16-21.44.26:454][  0]LogConfig: Setting CVar [[r.Streaming.AmortizeCPUToGPUCopy:0]]
[2025.12.16-21.44.26:454][  0]LogConfig: Setting CVar [[r.Streaming.MaxNumTexturesToStreamPerFrame:0]]
[2025.12.16-21.44.26:454][  0]LogConfig: Setting CVar [[r.Streaming.Boost:1]]
[2025.12.16-21.44.26:454][  0]LogConfig: Setting CVar [[r.MaxAnisotropy:8]]
[2025.12.16-21.44.26:454][  0]LogConfig: Setting CVar [[r.VT.MaxAnisotropy:8]]
[2025.12.16-21.44.26:454][  0]LogConfig: Setting CVar [[r.Streaming.LimitPoolSizeToVRAM:0]]
[2025.12.16-21.44.26:454][  0]LogConfig: Setting CVar [[r.Streaming.PoolSize:1000]]
[2025.12.16-21.44.26:454][  0]LogConfig: Setting CVar [[r.Streaming.MaxEffectiveScreenSize:0]]
[2025.12.16-21.44.26:454][  0]LogConfig: Applying CVar settings from Section [EffectsQuality@3] File [C:/Rzeczy/gry/1 rok/TopDownShooterAD25/03_MarsMarine 4.27/Saved/Config/Windows/Scalability.ini]
[2025.12.16-21.44.26:454][  0]LogConfig: Setting CVar [[r.TranslucencyLightingVolumeDim:64]]
[2025.12.16-21.44.26:454][  0]LogConfig: Setting CVar [[r.RefractionQuality:2]]
[2025.12.16-21.44.26:454][  0]LogConfig: Setting CVar [[r.SSR.Quality:3]]
[2025.12.16-21.44.26:454][  0]LogConfig: Setting CVar [[r.SSR.HalfResSceneColor:0]]
[2025.12.16-21.44.26:454][  0]LogConfig: Setting CVar [[r.SceneColorFormat:4]]
[2025.12.16-21.44.26:454][  0]LogConfig: Setting CVar [[r.DetailMode:2]]
[2025.12.16-21.44.26:454][  0]LogConfig: Setting CVar [[r.TranslucencyVolumeBlur:1]]
[2025.12.16-21.44.26:454][  0]LogConfig: Setting CVar [[r.MaterialQualityLevel:1 ; High quality]]
[2025.12.16-21.44.26:454][  0]LogConfig: Setting CVar [[r.AnisotropicMaterials:1]]
[2025.12.16-21.44.26:454][  0]LogConfig: Setting CVar [[r.SSS.Scale:1]]
[2025.12.16-21.44.26:454][  0]LogConfig: Setting CVar [[r.SSS.SampleSet:2]]
[2025.12.16-21.44.26:454][  0]LogConfig: Setting CVar [[r.SSS.Quality:1]]
[2025.12.16-21.44.26:454][  0]LogConfig: Setting CVar [[r.SSS.HalfRes:0]]
[2025.12.16-21.44.26:454][  0]LogConfig: Setting CVar [[r.SSGI.Quality:3]]
[2025.12.16-21.44.26:454][  0]LogConfig: Setting CVar [[r.EmitterSpawnRateScale:1.0]]
[2025.12.16-21.44.26:454][  0]LogConfig: Setting CVar [[r.ParticleLightQuality:2]]
[2025.12.16-21.44.26:454][  0]LogConfig: Setting CVar [[r.SkyAtmosphere.AerialPerspectiveLUT.FastApplyOnOpaque:1 ; Always have FastSkyLUT 1 in this case to avoid wrong sky]]
[2025.12.16-21.44.26:454][  0]LogConfig: Setting CVar [[r.SkyAtmosphere.AerialPerspectiveLUT.SampleCountMaxPerSlice:4]]
[2025.12.16-21.44.26:454][  0]LogConfig: Setting CVar [[r.SkyAtmosphere.AerialPerspectiveLUT.DepthResolution:16.0]]
[2025.12.16-21.44.26:454][  0]LogConfig: Setting CVar [[r.SkyAtmosphere.FastSkyLUT:1]]
[2025.12.16-21.44.26:454][  0]LogConfig: Setting CVar [[r.SkyAtmosphere.FastSkyLUT.SampleCountMin:4.0]]
[2025.12.16-21.44.26:454][  0]LogConfig: Setting CVar [[r.SkyAtmosphere.FastSkyLUT.SampleCountMax:128.0]]
[2025.12.16-21.44.26:454][  0]LogConfig: Setting CVar [[r.SkyAtmosphere.SampleCountMin:4.0]]
[2025.12.16-21.44.26:454][  0]LogConfig: Setting CVar [[r.SkyAtmosphere.SampleCountMax:128.0]]
[2025.12.16-21.44.26:454][  0]LogConfig: Setting CVar [[r.SkyAtmosphere.TransmittanceLUT.UseSmallFormat:0]]
[2025.12.16-21.44.26:455][  0]LogConfig: Setting CVar [[r.SkyAtmosphere.TransmittanceLUT.SampleCount:10.0]]
[2025.12.16-21.44.26:455][  0]LogConfig: Setting CVar [[r.SkyAtmosphere.MultiScatteringLUT.SampleCount:15.0]]
[2025.12.16-21.44.26:455][  0]LogConfig: Setting CVar [[r.SkyLight.RealTimeReflectionCapture:1]]
[2025.12.16-21.44.26:455][  0]LogConfig: Applying CVar settings from Section [FoliageQuality@3] File [C:/Rzeczy/gry/1 rok/TopDownShooterAD25/03_MarsMarine 4.27/Saved/Config/Windows/Scalability.ini]
[2025.12.16-21.44.26:455][  0]LogConfig: Setting CVar [[foliage.DensityScale:1.0]]
[2025.12.16-21.44.26:455][  0]LogConfig: Setting CVar [[grass.DensityScale:1.0]]
[2025.12.16-21.44.26:455][  0]LogConfig: Applying CVar settings from Section [ShadingQuality@3] File [C:/Rzeczy/gry/1 rok/TopDownShooterAD25/03_MarsMarine 4.27/Saved/Config/Windows/Scalability.ini]
[2025.12.16-21.44.26:455][  0]LogConfig: Setting CVar [[r.HairStrands.SkyLighting.IntegrationType:2]]
[2025.12.16-21.44.26:455][  0]LogConfig: Setting CVar [[r.HairStrands.SkyAO.SampleCount:4]]
[2025.12.16-21.44.26:455][  0]LogConfig: Setting CVar [[r.HairStrands.Visibility.MSAA.SamplePerPixel:4]]
[2025.12.16-21.44.26:455][  0]LogConfig: Applying CVar settings from Section [Startup] File [../../../Engine/Config/ConsoleVariables.ini]
[2025.12.16-21.44.26:455][  0]LogConfig: Setting CVar [[net.UseAdaptiveNetUpdateFrequency:0]]
[2025.12.16-21.44.26:455][  0]LogConfig: Setting CVar [[p.chaos.AllowCreatePhysxBodies:1]]
[2025.12.16-21.44.26:455][  0]LogConfig: Setting CVar [[fx.SkipVectorVMBackendOptimizations:1]]
[2025.12.16-21.44.26:455][  0]LogConfig: Applying CVar settings from Section [ConsoleVariables] File [C:/Rzeczy/gry/1 rok/TopDownShooterAD25/03_MarsMarine 4.27/Saved/Config/Windows/Engine.ini]
[2025.12.16-21.44.26:455][  0]LogConfig: Applying CVar settings from Section [ConsoleVariables] File [C:/Rzeczy/gry/1 rok/TopDownShooterAD25/03_MarsMarine 4.27/Saved/Config/Windows/Editor.ini]
[2025.12.16-21.44.26:455][  0]LogInit: Computer: DESKTOP-QAAO9HT
[2025.12.16-21.44.26:455][  0]LogInit: User: DELL
[2025.12.16-21.44.26:455][  0]LogInit: CPU Page size=4096, Cores=10
[2025.12.16-21.44.26:455][  0]LogInit: High frequency timer resolution =10.000000 MHz
[2025.12.16-21.44.26:456][  0]LogMemory: Memory total: Physical=15.7GB (16GB approx)
[2025.12.16-21.44.26:456][  0]LogMemory: Platform Memory Stats for Windows
[2025.12.16-21.44.26:456][  0]LogMemory: Process Physical Memory: 145.64 MB used, 145.64 MB peak
[2025.12.16-21.44.26:456][  0]LogMemory: Process Virtual Memory: 130.04 MB used, 130.04 MB peak
[2025.12.16-21.44.26:456][  0]LogMemory: Physical Memory: 12109.93 MB used,  3958.78 MB free, 16068.70 MB total
[2025.12.16-21.44.26:456][  0]LogMemory: Virtual Memory: 134213928.00 MB used,  3797.16 MB free, 134217728.00 MB total
[2025.12.16-21.44.26:466][  0]LogWindows: WindowsPlatformFeatures enabled
[2025.12.16-21.44.26:504][  0]LogInit: Physics initialised using underlying interface: PhysX
[2025.12.16-21.44.26:505][  0]LogInit: Using OS detected language (pl-PL).
[2025.12.16-21.44.26:505][  0]LogInit: Using OS detected locale (pl-PL).
[2025.12.16-21.44.26:512][  0]LogTextLocalizationManager: No specific localization for 'pl-PL' exists, so the 'pl' localization will be used.
[2025.12.16-21.44.26:513][  0]LogTextLocalizationResource: LocRes '../../../Engine/Content/Localization/Editor/pl/Editor.locres' could not be opened for reading!
[2025.12.16-21.44.26:513][  0]LogTextLocalizationResource: LocRes '../../../Engine/Content/Localization/EditorTutorials/pl/EditorTutorials.locres' could not be opened for reading!
[2025.12.16-21.44.26:513][  0]LogTextLocalizationResource: LocRes '../../../Engine/Content/Localization/Keywords/pl/Keywords.locres' could not be opened for reading!
[2025.12.16-21.44.26:513][  0]LogTextLocalizationResource: LocRes '../../../Engine/Content/Localization/Category/pl/Category.locres' could not be opened for reading!
[2025.12.16-21.44.26:513][  0]LogTextLocalizationResource: LocRes '../../../Engine/Content/Localization/ToolTips/pl/ToolTips.locres' could not be opened for reading!
[2025.12.16-21.44.26:513][  0]LogTextLocalizationResource: LocRes '../../../Engine/Content/Localization/PropertyNames/pl/PropertyNames.locres' could not be opened for reading!
[2025.12.16-21.44.26:514][  0]LogTextLocalizationResource: LocRes '../../../Engine/Content/Localization/Engine/pl/Engine.locres' could not be opened for reading!
[2025.12.16-21.44.26:515][  0]LogInit: Setting process to per monitor DPI aware
[2025.12.16-21.44.26:602][  0]LogWindowsTextInputMethodSystem: Display: IME system deactivated.
[2025.12.16-21.44.26:628][  0]LogSlate: New Slate User Created.  User Index 0, Is Virtual User: 0
[2025.12.16-21.44.26:628][  0]LogSlate: Slate User Registered.  User Index 0, Is Virtual User: 0
[2025.12.16-21.44.26:854][  0]LogD3D11RHI: Loaded GFSDK_Aftermath_Lib.x64.dll
[2025.12.16-21.44.26:862][  0]LogHMD: Failed to initialize OpenVR with code 110
[2025.12.16-21.44.26:862][  0]LogD3D11RHI: D3D11 min allowed feature level: 11_0
[2025.12.16-21.44.26:862][  0]LogD3D11RHI: D3D11 max allowed feature level: 11_0
[2025.12.16-21.44.26:862][  0]LogD3D11RHI: D3D11 adapters:
[2025.12.16-21.44.27:014][  0]LogD3D11RHI:    0. 'Intel(R) Iris(R) Xe Graphics' (Feature Level 11_0)
[2025.12.16-21.44.27:014][  0]LogD3D11RHI:       128/0/8034 MB DedicatedVideo/DedicatedSystem/SharedSystem, Outputs:1, VendorId:0x8086
[2025.12.16-21.44.27:017][  0]LogD3D11RHI:    1. 'Microsoft Basic Render Driver' (Feature Level 11_0)
[2025.12.16-21.44.27:017][  0]LogD3D11RHI:       0/0/8034 MB DedicatedVideo/DedicatedSystem/SharedSystem, Outputs:0, VendorId:0x1414
[2025.12.16-21.44.27:017][  0]LogD3D11RHI: Chosen D3D11 Adapter:
[2025.12.16-21.44.27:017][  0]LogD3D11RHI:     Description : Intel(R) Iris(R) Xe Graphics
[2025.12.16-21.44.27:017][  0]LogD3D11RHI:     VendorId    : 8086
[2025.12.16-21.44.27:017][  0]LogD3D11RHI:     DeviceId    : 46a8
[2025.12.16-21.44.27:017][  0]LogD3D11RHI:     SubSysId    : b031028
[2025.12.16-21.44.27:017][  0]LogD3D11RHI:     Revision    : 000c
[2025.12.16-21.44.27:017][  0]LogD3D11RHI:     DedicatedVideoMemory : 134217728 bytes
[2025.12.16-21.44.27:017][  0]LogD3D11RHI:     DedicatedSystemMemory : 0 bytes
[2025.12.16-21.44.27:017][  0]LogD3D11RHI:     SharedSystemMemory : 8424628224 bytes
[2025.12.16-21.44.27:017][  0]LogD3D11RHI:     AdapterLuid : 0 88711
[2025.12.16-21.44.27:028][  0]LogD3D11RHI: Creating new Direct3DDevice
[2025.12.16-21.44.27:028][  0]LogD3D11RHI:     GPU DeviceId: 0x46a8 (for the marketing name, search the web for "GPU Device Id")
[2025.12.16-21.44.27:028][  0]LogWindows: EnumDisplayDevices:
[2025.12.16-21.44.27:028][  0]LogWindows:    0. 'Intel(R) Iris(R) Xe Graphics' (P:1 D:1)
[2025.12.16-21.44.27:029][  0]LogWindows:    1. 'Intel(R) Iris(R) Xe Graphics' (P:0 D:0)
[2025.12.16-21.44.27:029][  0]LogWindows:    2. 'Intel(R) Iris(R) Xe Graphics' (P:0 D:0)
[2025.12.16-21.44.27:029][  0]LogWindows:    3. 'Intel(R) Iris(R) Xe Graphics' (P:0 D:0)
[2025.12.16-21.44.27:029][  0]LogWindows: DebugString: FoundDriverCount:4 
[2025.12.16-21.44.27:029][  0]LogD3D11RHI:     Adapter Name: Intel(R) Iris(R) Xe Graphics
[2025.12.16-21.44.27:029][  0]LogD3D11RHI:   Driver Version: 32.0.101.7077 (internal:32.0.101.7077, unified:32.0.101.7077)
[2025.12.16-21.44.27:029][  0]LogD3D11RHI:      Driver Date: 9-16-2025
[2025.12.16-21.44.27:029][  0]LogRHI: Texture pool is 1523 MB (70% of 2176 MB)
[2025.12.16-21.44.27:076][  0]LogD3D11RHI: Creating D3DDevice using adapter:
[2025.12.16-21.44.27:076][  0]LogD3D11RHI:     Description : Intel(R) Iris(R) Xe Graphics
[2025.12.16-21.44.27:076][  0]LogD3D11RHI:     VendorId    : 8086
[2025.12.16-21.44.27:076][  0]LogD3D11RHI:     DeviceId    : 46a8
[2025.12.16-21.44.27:076][  0]LogD3D11RHI:     SubSysId    : b031028
[2025.12.16-21.44.27:076][  0]LogD3D11RHI:     Revision    : 000c
[2025.12.16-21.44.27:076][  0]LogD3D11RHI:     DedicatedVideoMemory : 134217728 bytes
[2025.12.16-21.44.27:076][  0]LogD3D11RHI:     DedicatedSystemMemory : 0 bytes
[2025.12.16-21.44.27:076][  0]LogD3D11RHI:     SharedSystemMemory : 8424628224 bytes
[2025.12.16-21.44.27:076][  0]LogD3D11RHI:     AdapterLuid : 0 88711
[2025.12.16-21.44.27:180][  0]LogD3D11RHI: RHI does not have support for 64 bit atomics
[2025.12.16-21.44.27:209][  0]LogD3D11RHI: Intel Extensions support version Full=16777216, Major=1, Minor=0, Revision=0
[2025.12.16-21.44.27:209][  0]LogD3D11RHI: Intel Extensions support version Full=16777217, Major=1, Minor=0, Revision=1
[2025.12.16-21.44.27:209][  0]LogD3D11RHI: Intel Extensions Framework enabled
[2025.12.16-21.44.27:210][  0]LogD3D11RHI: [IntelMetricsDiscovery] Started
[2025.12.16-21.44.27:210][  0]LogD3D11RHI: Async texture creation enabled
[2025.12.16-21.44.27:210][  0]LogD3D11RHI: Array index from any shader is supported
[2025.12.16-21.44.27:227][  0]LogD3D11RHI: GPU Timing Frequency: 19.200000 (Debug: 2 0)
[2025.12.16-21.44.27:746][  0]LogTargetPlatformManager: Display: Loaded TargetPlatform 'AllDesktop'
[2025.12.16-21.44.27:779][  0]LogTargetPlatformManager: Display: Loaded TargetPlatform 'Android'
[2025.12.16-21.44.27:780][  0]LogTargetPlatformManager: Display: Loaded TargetPlatform 'Android_ASTC'
[2025.12.16-21.44.27:780][  0]LogTargetPlatformManager: Display: Loaded TargetPlatform 'Android_DXT'
[2025.12.16-21.44.27:780][  0]LogTargetPlatformManager: Display: Loaded TargetPlatform 'Android_ETC2'
[2025.12.16-21.44.27:780][  0]LogTargetPlatformManager: Display: Loaded TargetPlatform 'AndroidClient'
[2025.12.16-21.44.27:780][  0]LogTargetPlatformManager: Display: Loaded TargetPlatform 'Android_ASTCClient'
[2025.12.16-21.44.27:780][  0]LogTargetPlatformManager: Display: Loaded TargetPlatform 'Android_DXTClient'
[2025.12.16-21.44.27:780][  0]LogTargetPlatformManager: Display: Loaded TargetPlatform 'Android_ETC2Client'
[2025.12.16-21.44.27:780][  0]LogTargetPlatformManager: Display: Loaded TargetPlatform 'Android_Multi'
[2025.12.16-21.44.27:780][  0]LogTargetPlatformManager: Display: Loaded TargetPlatform 'Android_MultiClient'
[2025.12.16-21.44.27:810][  0]LogTargetPlatformManager: Display: Loaded TargetPlatform 'IOSClient'
[2025.12.16-21.44.27:810][  0]LogTargetPlatformManager: Display: Loaded TargetPlatform 'IOS'
[2025.12.16-21.44.27:824][  0]LogTargetPlatformManager: Display: Loaded TargetPlatform 'Linux'
[2025.12.16-21.44.27:831][  0]LogTargetPlatformManager: Display: Loaded TargetPlatform 'LinuxNoEditor'
[2025.12.16-21.44.27:839][  0]LogTargetPlatformManager: Display: Loaded TargetPlatform 'LinuxClient'
[2025.12.16-21.44.27:846][  0]LogTargetPlatformManager: Display: Loaded TargetPlatform 'LinuxServer'
[2025.12.16-21.44.27:861][  0]LogTargetPlatformManager: Display: Loaded TargetPlatform 'LinuxAArch64NoEditor'
[2025.12.16-21.44.27:870][  0]LogTargetPlatformManager: Display: Loaded TargetPlatform 'LinuxAArch64Client'
[2025.12.16-21.44.27:878][  0]LogTargetPlatformManager: Display: Loaded TargetPlatform 'LinuxAArch64Server'
[2025.12.16-21.44.27:914][  0]LogTargetPlatformManager: Display: Loaded TargetPlatform 'Lumin'
[2025.12.16-21.44.27:914][  0]LogTargetPlatformManager: Display: Loaded TargetPlatform 'LuminClient'
[2025.12.16-21.44.27:930][  0]LogTargetPlatformManager: Display: Loaded TargetPlatform 'MacNoEditor'
[2025.12.16-21.44.27:938][  0]LogTargetPlatformManager: Display: Loaded TargetPlatform 'Mac'
[2025.12.16-21.44.27:947][  0]LogTargetPlatformManager: Display: Loaded TargetPlatform 'MacClient'
[2025.12.16-21.44.27:955][  0]LogTargetPlatformManager: Display: Loaded TargetPlatform 'MacServer'
[2025.12.16-21.44.27:970][  0]LogTargetPlatformManager: Display: Loaded TargetPlatform 'TVOSClient'
[2025.12.16-21.44.27:970][  0]LogTargetPlatformManager: Display: Loaded TargetPlatform 'TVOS'
[2025.12.16-21.44.27:983][  0]LogTargetPlatformManager: Display: Loaded TargetPlatform 'WindowsNoEditor'
[2025.12.16-21.44.27:991][  0]LogTargetPlatformManager: Display: Loaded TargetPlatform 'Windows'
[2025.12.16-21.44.27:998][  0]LogTargetPlatformManager: Display: Loaded TargetPlatform 'WindowsClient'
[2025.12.16-21.44.28:005][  0]LogTargetPlatformManager: Display: Loaded TargetPlatform 'WindowsServer'
[2025.12.16-21.44.28:005][  0]LogTargetPlatformManager: Display: Building Assets For Windows
[2025.12.16-21.44.28:019][  0]LogAudioDebug: Display: Lib vorbis DLL was dynamically loaded.
[2025.12.16-21.44.28:069][  0]LogTextureFormatOodle: Display: Oodle Texture 2.9.0 init RDO Off
[2025.12.16-21.44.28:122][  0]LogRendererCore: Ray tracing is disabled. Reason: r.RayTracing=0.
[2025.12.16-21.44.28:122][  0]LogShaderCompilers: Guid format shader working directory is -28 characters bigger than the processId version (../../../../../../Rzeczy/gry/1 rok/TopDownShooterAD25/03_MarsMarine 4.27/Intermediate/Shaders/WorkingDirectory/23856/).
[2025.12.16-21.44.28:122][  0]LogShaderCompilers: Cleaned the shader compiler working directory 'C:/Users/DELL/AppData/Local/Temp/UnrealShaderWorkingDir/642034AB402D130EACA3D1A2F08694BE/'.
[2025.12.16-21.44.28:122][  0]LogXGEController: Cannot use XGE Controller as Incredibuild is not installed on this machine.
[2025.12.16-21.44.28:122][  0]LogShaderCompilers: Cannot use XGE Shader Compiler as Incredibuild is not installed on this machine.
[2025.12.16-21.44.28:122][  0]LogShaderCompilers: Display: Using Local Shader Compiler.
[2025.12.16-21.44.29:487][  0]LogDerivedDataCache: Display: Max Cache Size: 512 MB
[2025.12.16-21.44.29:608][  0]LogDerivedDataCache: Loaded boot cache 0.12s 94MB C:/Users/DELL/AppData/Local/UnrealEngine/4.27/DerivedDataCache/Boot.ddc.
[2025.12.16-21.44.29:608][  0]LogDerivedDataCache: Display: Loaded Boot cache: C:/Users/DELL/AppData/Local/UnrealEngine/4.27/DerivedDataCache/Boot.ddc
[2025.12.16-21.44.29:608][  0]LogDerivedDataCache: FDerivedDataBackendGraph:  Pak pak cache file ../../../../../../Rzeczy/gry/1 rok/TopDownShooterAD25/03_MarsMarine 4.27/DerivedDataCache/DDC.ddp not found, will not use a pak cache.
[2025.12.16-21.44.29:608][  0]LogDerivedDataCache: Unable to find inner node Pak for hierarchical cache Hierarchy.
[2025.12.16-21.44.29:609][  0]LogDerivedDataCache: FDerivedDataBackendGraph:  CompressedPak pak cache file ../../../../../../Rzeczy/gry/1 rok/TopDownShooterAD25/03_MarsMarine 4.27/DerivedDataCache/Compressed.ddp not found, will not use a pak cache.
[2025.12.16-21.44.29:609][  0]LogDerivedDataCache: Unable to find inner node CompressedPak for hierarchical cache Hierarchy.
[2025.12.16-21.44.29:647][  0]LogDerivedDataCache: Display: Pak cache opened for reading ../../../Engine/DerivedDataCache/Compressed.ddp.
[2025.12.16-21.44.29:647][  0]LogDerivedDataCache: FDerivedDataBackendGraph:  EnterprisePak pak cache file ../../../Enterprise/DerivedDataCache/Compressed.ddp not found, will not use a pak cache.
[2025.12.16-21.44.29:647][  0]LogDerivedDataCache: Unable to find inner node EnterprisePak for hierarchical cache Hierarchy.
[2025.12.16-21.44.29:662][  0]LogDerivedDataCache: Speed tests for C:/Users/DELL/AppData/Local/UnrealEngine/Common/DerivedDataCache took 0.01 seconds
[2025.12.16-21.44.29:662][  0]LogDerivedDataCache: Display: Performance to C:/Users/DELL/AppData/Local/UnrealEngine/Common/DerivedDataCache: Latency=0.04ms. RandomReadSpeed=543.87MBs, RandomWriteSpeed=78.27MBs. Assigned SpeedClass 'Local'
[2025.12.16-21.44.29:664][  0]LogDerivedDataCache: Using Local data cache path C:/Users/DELL/AppData/Local/UnrealEngine/Common/DerivedDataCache: Writable
[2025.12.16-21.44.29:664][  0]LogDerivedDataCache: Shared data cache path not found in *engine.ini, will not use an Shared cache.
[2025.12.16-21.44.29:664][  0]LogDerivedDataCache: Unable to find inner node Shared for hierarchical cache Hierarchy.
[2025.12.16-21.44.29:771][  0]LogSlate: Using FreeType 2.10.0
[2025.12.16-21.44.29:771][  0]LogSlate: SlateFontServices - WITH_FREETYPE: 1, WITH_HARFBUZZ: 1
[2025.12.16-21.44.29:837][  0]LogAssetRegistry: FAssetRegistry took 0.0064 seconds to start up
[2025.12.16-21.44.30:368][  0]LogInit: Selected Device Profile: [Windows]
[2025.12.16-21.44.30:369][  0]LogInit: Active device profile: [0000017E1FB66E00][0000017E16A62F00 49] Windows
[2025.12.16-21.44.30:369][  0]LogInit: Profiles: [0000017E1FB66E00][0000017E16A62F00 49] Windows, [0000017E1FB05800][0000017E1B5D1080 49] WindowsNoEditor, [0000017E1FB66200][0000017E1DDC3200 49] WindowsServer, [0000017E1FB06300][0000017E1DDC7380 49] WindowsClient, [0000017E1FB64D00][0000017E1DDCB500 49] IOS, [0000017E1FB07C00][0000017E1DDD7680 49] iPadAir, [0000017E1FB06E00][0000017E1DDDB800 49] iPadAir2, [0000017E1FA0CE00][0000017E1D5D5AC0 49] IPadPro, [0000017E1FA0CF00][0000017E1D5D1B00 49] iPadAir3, [0000017E1FB64900][0000017E1D5D8100 49] iPadAir4, [0000017E1FA0F100][0000017E1D5DC280 49] iPadMini2, [0000017E1FA0C400][0000017E1D5E0400 49] iPadMini3, [0000017E1FB05F00][0000017E1D5E4580 49] iPadMini4, [0000017E1FA0EB00][0000017E1D5E8700 49] iPadMini5, [0000017E1FA38700][0000017E1B5C8980 49] iPhone6, [0000017E1FA38800][0000017E1D5EC9C0 49] iPodTouch6, [0000017E1FB67300][0000017E1D5F4C00 49] iPhone7, [0000017E1FB66B00][0000017E1D5F0C40 49] iPodTouch7, [0000017E1FA38400][0000017E1D5F8D80 49] iPhone5S, [0000017E1FB05A00][0000017E1D600F00 49] iPhone6Plus, [0000017E1FA3A700][0000017E1D605080 49] iPhone6S, [0000017E1FB04300][0000017E1D697200 49] iPhone6SPlus, [0000017E1FA3AC00][0000017E1D6B3380 49] iPhone7Plus, [0000017E1FB05300][0000017E1D7A5500 49] iPhoneSE, [0000017E1FA3B100][0000017E1CEC9680 49] iPhone8, [0000017E1FB64200][0000017E1CECD800 49] iPhone8Plus, [0000017E1FA39E00][0000017E1CED1980 49] iPhoneX, [0000017E1FB66600][0000017E1CED9B00 49] iPhoneXS, [0000017E1FA38D00][0000017E1CEE0100 49] iPhoneXSMax, [0000017E1FB67E00][0000017E1CEF0280 49] iPhoneXR, [0000017E1FA3B500][0000017E1CEF4400 49] iPhone11, [0000017E1FB66300][0000017E1CEF8580 49] iPhone11Pro, [0000017E1FA39400][0000017E1CEFC700 49] iPhone11ProMax, [0000017E1FB64600][0000017E1CF04880 49] iPhoneSE2, [0000017E1FA38F00][0000017E1CF0CA00 49] iPhone12Mini, [0000017E1FB64500][0000017E1D5FCB40 49] iPhone12, [0000017E1FA38B00][0000017E1D074C80 49] iPhone12Pro, [0000017E1FB66000][0000017E1D078DC0 49] iPhone12ProMax, [0000017E1FA3A400][0000017E1DA7AF00 49] iPadPro105, [0000017E1FB65200][0000017E1DAA3080 49] iPadPro129, [0000017E1FA3B700][0000017E1D9C3200 49] iPadPro97, [0000017E1FB65500][0000017E1D9C7380 49] iPadPro2_129, [0000017E1FA39200][0000017E1D9CB500 49] iPad5, [0000017E1FB64700][0000017E1D677680 49] iPad6, [0000017E1FA39C00][0000017E1D79D800 49] iPad7, [0000017E1FB66100][0000017E1D7A1980 49] iPad8, [0000017E1FA3A300][0000017E1D67BB00 49] iPadPro11, [0000017E1FB65000][0000017E1D67E100 49] iPadPro2_11, [0000017E1FA39600][0000017E1D682280 49] iPadPro3_129, [0000017E1FB65100][0000017E1D686400 49] iPadPro4_129, [0000017E1FA3AB00][0000017E1D68A580 49] AppleTV, [0000017E1FB65F00][0000017E1D692700 49] AppleTV4K, [0000017E1FA3A200][0000017E1D594880 49] TVOS, [0000017E1FB66500][0000017E1D5AEA00 49] Mac, [0000017E1FA38500][0000017E1CF92B80 49] MacClient, [0000017E1FB64300][0000017E1CFB4D00 49] MacNoEditor, [0000017E1FA38900][0000017E1DA9EE40 49] MacServer, [0000017E1FB64400][0000017E1CFC2F80 49] Linux, [0000017E1FA3A800][0000017E1CFC70C0 49] LinuxAArch64, [0000017E1FB66C00][0000017E1CFCF240 49] LinuxNoEditor, [0000017E1FA3A100][0000017E1CFD33C0 49] LinuxAArch64NoEditor, [0000017E1FB64C00][0000017E1CFD7540 49] LinuxClient, [0000017E1FA3BC00][0000017E1CFDB6C0 49] LinuxAArch64Client, [0000017E1FB66700][0000017E1CFDF840 49] LinuxServer, [0000017E1FA3AE00][0000017E1CFE39C0 49] LinuxAArch64Server, [0000017E1FB65900][0000017E1CFE7B40 49] Android, [0000017E1FA39000][0000017E1CFEA140 49] Android_Low, [0000017E1FB06F00][0000017E1CFEE2C0 49] Android_Mid, [0000017E1FA0D800][0000017E1CFF2440 49] Android_High, [0000017E1FB06B00][0000017E1CFF65C0 49] Android_Default, [0000017E1FA0D500][0000017E1D922740 49] Android_Adreno4xx, [0000017E1FB05200][0000017E1D9268C0 49] Android_Adreno5xx_Low, [0000017E1FA0E100][0000017E1D92AA40 49] Android_Adreno5xx, [0000017E1FB04F00][0000017E1D92EBC0 49] Android_Adreno6xx, [0000017E1FA0C300][0000017E1CFFAD40 49] Android_Adreno6xx_Vulkan, [0000017E1FB05000][0000017E1CFFEEC0 49] Android_Mali_T6xx, [0000017E1FA0E700][0000017E1CFCB000 49] Android_Mali_T7xx, [0000017E1FB07400][0000017E1D007140 49] Android_Mali_T8xx, [0000017E1FA0CC00][0000017E1D00B280 49] Android_Mali_G71, [0000017E1FB07800][0000017E1D00F3C0 49] Android_Mali_G72, [0000017E1FA0C100][0000017E1D017540 49] Android_Mali_G72_Vulkan, [0000017E1FB04E00][0000017E1D01B6C0 49] Android_Mali_G76, [0000017E1FA0EC00][0000017E1DA7F840 49] Android_Mali_G76_Vulkan, [0000017E1FB04700][0000017E1DA839C0 49] Android_Mali_G77, [0000017E1FA0C900][0000017E1D933B40 49] Android_Mali_G77_Vulkan, [0000017E1FB04A00][0000017E1D002140 49] Android_Mali_G78, [0000017E1FA0DA00][0000017E1DA922C0 49] Android_Mali_G78_Vulkan, [0000017E1FB07B00][0000017E1DA96440 49] Android_Mali_G710, [0000017E1FA0E300][0000017E1DA9A5C0 49] Android_Mali_G710_Vulkan, [0000017E1FB06A00][0000017E11280740 49] Android_Vulkan_SM5, [0000017E1FA0ED00][0000017E112848C0 49] Android_PowerVR_G6xxx, [0000017E1FB05700][0000017E1CF00A40 49] Android_PowerVR_GT7xxx, [0000017E1FA0F800][0000017E1CF08BC0 49] Android_PowerVR_GE8xxx, [0000017E1FB06100][0000017E11288D40 49] Android_PowerVR_GM9xxx, [0000017E1FA0F900][0000017E1128CEC0 49] Android_PowerVR_GM9xxx_Vulkan, [0000017E1FB07300][0000017E11291040 49] Android_TegraK1, [0000017E1FA0D600][0000017E1D013180 49] Android_Unknown_Vulkan, [0000017E1FB05B00][0000017E112952C0 49] Lumin, [0000017E1FB67600][0000017E11299400 49] Lumin_Desktop, [0000017E1FB07D00][0000017E1D64B540 49] HoloLens, 
[2025.12.16-21.44.30:649][  0]LogMeshReduction: Using QuadricMeshReduction for automatic static mesh reduction
[2025.12.16-21.44.30:649][  0]LogMeshReduction: Using SimplygonMeshReduction for automatic skeletal mesh reduction
[2025.12.16-21.44.30:649][  0]LogMeshReduction: Using ProxyLODMeshReduction for automatic mesh merging
[2025.12.16-21.44.30:649][  0]LogMeshReduction: No distributed automatic mesh merging module available
[2025.12.16-21.44.30:649][  0]LogMeshMerging: No distributed automatic mesh merging module available
[2025.12.16-21.44.30:678][  0]LogNetVersion: MarsMarine 1.0.0, NetCL: 17155196, EngineNetVer: 17, GameNetVer: 0 (Checksum: 4288930687)
[2025.12.16-21.44.31:564][  0]LogTexture: Default maximum texture size for cubemaps generated from long-lat sources has been changed from 512 to unlimited. In order to preserve old behaiour for '/Engine/MapTemplates/Sky/DaylightAmbientCubemap.DaylightAmbientCubemap', its maximum texture size has been explicitly set to 512.
[2025.12.16-21.44.31:676][  0]LogHMD: PokeAHoleMaterial loaded successfully
[2025.12.16-21.44.31:685][  0]LogUObjectArray: 17178 objects as part of root set at end of initial load.
[2025.12.16-21.44.31:685][  0]LogUObjectAllocator: 4302048 out of 0 bytes used by permanent object pool.
[2025.12.16-21.44.31:685][  0]LogUObjectArray: CloseDisregardForGC: 0/0 objects in disregard for GC pool
[2025.12.16-21.44.32:144][  0]LogPython: Using Python 3.7.7
[2025.12.16-21.44.32:919][  0]LogNiagaraDebuggerClient: Niagara Debugger Client Initialized | Session: 895A7DEB47DE6AA2CEBCEB85C622A06F | Instance: 96721E90406C5BEA4AAA55A97A01E5DB (DESKTOP-QAAO9HT-23856).
[2025.12.16-21.44.32:992][  0]LogUdpMessaging: Initializing bridge on interface 0.0.0.0:0 to multicast group 230.0.0.1:6666.
[2025.12.16-21.44.33:002][  0]LogTcpMessaging: Initializing TcpMessaging bridge
[2025.12.16-21.44.33:399][  0]SourceControl: Source control is disabled
[2025.12.16-21.44.33:399][  0]SourceControl: Source control is disabled
[2025.12.16-21.44.33:403][  0]SourceControl: Source control is disabled
[2025.12.16-21.44.33:408][  0]SourceControl: Source control is disabled
[2025.12.16-21.44.33:411][  0]SourceControl: Source control is disabled
[2025.12.16-21.44.33:425][  0]LogUProjectInfo: Found projects:
[2025.12.16-21.44.33:434][  0]LogVSAccessor: Display: Unable to create Visual Studio setup instance: 80040154
[2025.12.16-21.44.33:435][  0]LogVSAccessor: Display: Unable to create Visual Studio setup instance: 80040154
[2025.12.16-21.44.33:437][  0]LogVSAccessor: Display: Unable to create Visual Studio setup instance: 80040154
[2025.12.16-21.44.33:477][  0]LogOpenImageDenoise: OIDN starting up
[2025.12.16-21.44.33:548][  0]LogAndroidPermission: UAndroidPermissionCallbackProxy::GetInstance
[2025.12.16-21.44.33:574][  0]LogAudioCaptureCore: Display: No Audio Capture implementations found. Audio input will be silent.
[2025.12.16-21.44.33:574][  0]LogAudioCaptureCore: Display: No Audio Capture implementations found. Audio input will be silent.
[2025.12.16-21.44.33:714][  0]LogCollectionManager: Loaded 0 collections in 0.002189 seconds
[2025.12.16-21.44.33:746][  0]LogFileCache: Scanning file cache for directory 'C:/Rzeczy/gry/1 rok/TopDownShooterAD25/03_MarsMarine 4.27/Saved/Collections/' took 0.00s
[2025.12.16-21.44.33:746][  0]LogFileCache: Scanning file cache for directory 'C:/Rzeczy/gry/1 rok/TopDownShooterAD25/03_MarsMarine 4.27/Content/Developers/DELL/Collections/' took 0.00s
[2025.12.16-21.44.33:746][  0]LogFileCache: Scanning file cache for directory 'C:/Rzeczy/gry/1 rok/TopDownShooterAD25/03_MarsMarine 4.27/Content/Collections/' took 0.00s
[2025.12.16-21.44.33:746][  0]LogOcInput: OculusInput pre-init called
[2025.12.16-21.44.34:132][  0]LogEngine: Initializing Engine...
[2025.12.16-21.44.34:135][  0]LogHMD: Failed to enumerate extensions. Please check that you have a valid OpenXR runtime installed.
[2025.12.16-21.44.34:136][  0]LogHMD: Failed to initialize OpenVR with code 110
[2025.12.16-21.44.34:136][  0]LogMagicLeap: Warning: VR disabled because ZI is not enabled.  To enable, in the editor, Edit -> Project Settings -> Plugins -> Magic Leap Plugin -> Enable Zero Iteration
[2025.12.16-21.44.34:137][  0]LogStats: UGameplayTagsManager::InitializeManager -  0.000 s
[2025.12.16-21.44.34:303][  0]LogInit: Initializing FReadOnlyCVARCache
[2025.12.16-21.44.34:316][  0]LogAIModule: Creating AISystem for world Untitled
[2025.12.16-21.44.34:317][  0]LogAudio: Display: Initializing Audio Device Manager...
[2025.12.16-21.44.34:322][  0]LogAudio: Display: Loading Default Audio Settings Objects...
[2025.12.16-21.44.34:323][  0]LogAudio: Display: No default SoundConcurrencyObject specified (or failed to load).
[2025.12.16-21.44.34:323][  0]LogAudio: Display: Audio Device Manager Initialized
[2025.12.16-21.44.34:323][  0]LogAudio: Display: Creating Audio Device:                 Id: 1, Scope: Shared, Realtime: True
[2025.12.16-21.44.34:323][  0]LogAudioMixer: Display: Audio Mixer Platform Settings:
[2025.12.16-21.44.34:323][  0]LogAudioMixer: Display: 	Sample Rate:						  48000
[2025.12.16-21.44.34:323][  0]LogAudioMixer: Display: 	Callback Buffer Frame Size Requested: 1024
[2025.12.16-21.44.34:323][  0]LogAudioMixer: Display: 	Callback Buffer Frame Size To Use:	  1024
[2025.12.16-21.44.34:323][  0]LogAudioMixer: Display: 	Number of buffers to queue:			  2
[2025.12.16-21.44.34:323][  0]LogAudioMixer: Display: 	Max Channels (voices):				  32
[2025.12.16-21.44.34:323][  0]LogAudioMixer: Display: 	Number of Async Source Workers:		  0
[2025.12.16-21.44.34:323][  0]LogAudio: Display: AudioDevice MaxSources: 32
[2025.12.16-21.44.34:324][  0]LogAudio: Display: Audio Spatialization Plugin: None (built-in).
[2025.12.16-21.44.34:324][  0]LogAudio: Display: Audio Reverb Plugin: None (built-in).
[2025.12.16-21.44.34:324][  0]LogAudio: Display: Audio Occlusion Plugin: None (built-in).
[2025.12.16-21.44.34:324][  0]LogAudioMixer: Display: Initializing audio mixer.
[2025.12.16-21.44.34:339][  0]LogAudioMixer: Display: 0: FrontLeft
[2025.12.16-21.44.34:339][  0]LogAudioMixer: Display: 1: FrontRight
[2025.12.16-21.44.34:950][  0]LogAudioMixer: Display: Using Audio Device Głośniki (Realtek(R) Audio)
[2025.12.16-21.44.34:952][  0]LogAudioMixer: Display: Initializing Sound Submixes...
[2025.12.16-21.44.34:955][  0]LogAudioMixer: Display: Creating Master Submix 'MasterSubmixDefault'
[2025.12.16-21.44.34:955][  0]LogAudioMixer: Display: Creating Master Submix 'MasterReverbSubmixDefault'
[2025.12.16-21.44.34:956][  0]LogAudioMixer: Display: Creating Master Submix 'MasterEQSubmixDefault'
[2025.12.16-21.44.34:957][  0]LogAudioMixer: FMixerPlatformXAudio2::StartAudioStream() called
[2025.12.16-21.44.34:957][  0]LogAudioMixer: Display: Output buffers initialized: Frames=1024, Channels=2, Samples=2048
[2025.12.16-21.44.34:957][  0]LogAudioMixer: Display: Starting AudioMixerPlatformInterface::RunInternal()
[2025.12.16-21.44.34:957][  0]LogAudioMixer: Display: FMixerPlatformXAudio2::SubmitBuffer() called for the first time
[2025.12.16-21.44.34:957][  0]LogInit: FAudioDevice initialized.
[2025.12.16-21.44.34:958][  0]LogAudio: Display: Audio Device (ID: 1) registered with world 'Untitled'.
[2025.12.16-21.44.34:958][  0]LogNetVersion: Set ProjectVersion to 1.0.0.0. Version Checksum will be recalculated on next use.
[2025.12.16-21.44.35:053][  0]LogDerivedDataCache: Saved boot cache 0.10s 94MB C:/Users/DELL/AppData/Local/UnrealEngine/4.27/DerivedDataCache/Boot.ddc.
[2025.12.16-21.44.35:053][  0]LogInit: Texture streaming: Enabled
[2025.12.16-21.44.35:068][  0]LogAnalytics: Display: [UEEditor.Rocket.Release] APIServer = https://datarouter.ol.epicgames.com/. AppVersion = 4.27.2-18319896+++UE4+Release-4.27
[2025.12.16-21.44.35:072][  0]LogEngineSessionManager: EngineSessionManager initialized
[2025.12.16-21.44.35:072][  0]LogEditorSessionSummary: Verbose: Initializing EditorSessionSummaryWriter for editor session tracking
[2025.12.16-21.44.35:073][  0]LogEditorSessionSummary: EditorSessionSummaryWriter initialized
[2025.12.16-21.44.35:101][  0]LogInit: Transaction tracking system initialized
[2025.12.16-21.44.35:127][  0]BlueprintLog: New page: Editor Load
[2025.12.16-21.44.35:204][  0]LocalizationService: Localization service is disabled
[2025.12.16-21.44.35:237][  0]TimingProfiler: Initialize
[2025.12.16-21.44.35:238][  0]TimingProfiler: OnSessionChanged
[2025.12.16-21.44.35:238][  0]LoadingProfiler: Initialize
[2025.12.16-21.44.35:238][  0]LoadingProfiler: OnSessionChanged
[2025.12.16-21.44.35:238][  0]NetworkingProfiler: Initialize
[2025.12.16-21.44.35:238][  0]NetworkingProfiler: OnSessionChanged
[2025.12.16-21.44.35:238][  0]MemoryProfiler: Initialize
[2025.12.16-21.44.35:238][  0]MemoryProfiler: OnSessionChanged
[2025.12.16-21.44.35:305][  0]LogVSAccessor: Display: Unable to create Visual Studio setup instance: 80040154
[2025.12.16-21.44.35:306][  0]LogVSAccessor: Display: Unable to create Visual Studio setup instance: 80040154
[2025.12.16-21.44.35:308][  0]LogVSAccessor: Display: Unable to create Visual Studio setup instance: 80040154
[2025.12.16-21.44.35:445][  0]LogCook: Display: CookSettings for Memory: MemoryMaxUsedVirtual 0MiB, MemoryMaxUsedPhysical 16384MiB, MemoryMinFreeVirtual 0MiB, MemoryMinFreePhysical 1024MiB
[2025.12.16-21.44.35:445][  0]LogCook: Display: Mobile HDR setting 1
[2025.12.16-21.44.35:742][  0]LogFileCache: Scanning file cache for directory 'C:/Rzeczy/gry/1 rok/TopDownShooterAD25/03_MarsMarine 4.27/Content/' took 0.03s
[2025.12.16-21.44.36:118][  0]LogInit: Display: Engine is initialized. Leaving FEngineLoop::Init()
[2025.12.16-21.44.36:122][  0]SourceControl: Source control is disabled
[2025.12.16-21.44.36:122][  0]LogUnrealEdMisc: Loading editor; pre map load, took 12.112
[2025.12.16-21.44.36:122][  0]Cmd: MAP LOAD FILE="../../../../../../Rzeczy/gry/1 rok/TopDownShooterAD25/03_MarsMarine 4.27/Content/Levels/Mars.umap" TEMPLATE=0 SHOWPROGRESS=1 FEATURELEVEL=3
[2025.12.16-21.44.36:122][  0]LightingResults: New page: Lighting Build
[2025.12.16-21.44.36:125][  0]LogWorld: UWorld::CleanupWorld for Untitled, bSessionEnded=true, bCleanupResources=true
[2025.12.16-21.44.36:125][  0]LogSlate: InvalidateAllWidgets triggered.  All widgets were invalidated
[2025.12.16-21.44.36:125][  0]MapCheck: New page: Map Check
[2025.12.16-21.44.36:125][  0]LightingResults: New page: Lighting Build
[2025.12.16-21.44.36:135][  0]LogAudio: Display: Audio Device unregistered from world 'None'.
[2025.12.16-21.44.36:139][  0]LogUObjectHash: Compacting FUObjectHashTables data took   1.40ms
[2025.12.16-21.44.37:936][  0]LogSkeletalMesh: Display: [AssetLog] C:\Rzeczy\gry\1 rok\TopDownShooterAD25\03_MarsMarine 4.27\Content\Weapons\Rifle.uasset: Find and fix some bad tangent! please re-import this skeletal mesh asset to fix the issue. The shading of the skeletal mesh will be bad and faceted.
[2025.12.16-21.44.38:023][  0]LogAudio: Display: Audio Device (ID: 1) registered with world 'Mars'.
[2025.12.16-21.44.38:024][  0]LogAIModule: Creating AISystem for world Mars
[2025.12.16-21.44.38:052][  0]LogEditorServer: Finished looking for orphan Actors (0.000 secs)
[2025.12.16-21.44.38:084][  0]LogUObjectHash: Compacting FUObjectHashTables data took   1.20ms
[2025.12.16-21.44.38:084][  0]Cmd: MAP CHECKDEP NOCLEARLOG
[2025.12.16-21.44.38:085][  0]MapCheck: Map check complete: 0 Error(s), 0 Warning(s), took 0,188ms to complete.
[2025.12.16-21.44.38:085][  0]LogFileHelpers: Loading map 'Mars' took 1.963
[2025.12.16-21.44.38:087][  0]LogUnrealEdMisc: Total Editor Startup Time, took 14.077
[2025.12.16-21.44.38:616][  0]LogSlate: Only BGRA pngs, bmps or icos are supported in by External Image Picker
[2025.12.16-21.44.38:707][  0]LogSlate: Updating window title bar state: overlay mode, drag disabled, window buttons hidden, title bar hidden
[2025.12.16-21.44.38:714][  0]LogSlate: Updating window title bar state: overlay mode, drag disabled, window buttons hidden, title bar hidden
[2025.12.16-21.44.38:720][  0]LogSlate: Updating window title bar state: overlay mode, drag disabled, window buttons hidden, title bar hidden
[2025.12.16-21.44.38:728][  0]LogSlate: Updating window title bar state: overlay mode, drag disabled, window buttons hidden, title bar hidden
[2025.12.16-21.44.38:745][  0]LogNativeClassHierarchy: Verbose: Native class hierarchy populated in 0.0115 seconds. Added 3822 classes and 928 folders.
[2025.12.16-21.44.38:748][  0]LogNativeClassHierarchy: Verbose: Native class hierarchy updated for 'WidgetCarousel' in 0.0003 seconds. Added 0 classes and 0 folders.
[2025.12.16-21.44.38:750][  0]LogPakFile: PakFile PrimaryIndexSize=187
[2025.12.16-21.44.38:750][  0]LogPakFile: PakFile PathHashIndexSize=101
[2025.12.16-21.44.38:750][  0]LogPakFile: PakFile FullDirectoryIndexSize=148
[2025.12.16-21.44.38:750][  0]LogShaderLibrary: Display: ShaderCodeLibraryPakFileMountedCallback: PakFile 'C:/Program Files/Epic Games/UE_4.27/FeaturePacks/FP_FirstPerson.upack' (chunk index -1, root 'root:/') mounted
[2025.12.16-21.44.38:750][  0]LogShaderLibrary: Display: ShaderCodeLibraryPakFileMountedCallback: pending pak file info (ChunkID:-1 Root:root:/ File:C:/Program Files/Epic Games/UE_4.27/FeaturePacks/FP_FirstPerson.upack)
[2025.12.16-21.44.38:750][  0]LogPakFile: OnPakFileMounted2Time == 0.000063
[2025.12.16-21.44.38:750][  0]LogPakFile: PakFile PrimaryIndexSize=189
[2025.12.16-21.44.38:750][  0]LogPakFile: PakFile PathHashIndexSize=101
[2025.12.16-21.44.38:750][  0]LogPakFile: PakFile FullDirectoryIndexSize=152
[2025.12.16-21.44.38:750][  0]LogShaderLibrary: Display: ShaderCodeLibraryPakFileMountedCallback: PakFile 'C:/Program Files/Epic Games/UE_4.27/FeaturePacks/FP_FirstPersonBP.upack' (chunk index -1, root 'root:/') mounted
[2025.12.16-21.44.38:750][  0]LogShaderLibrary: Display: ShaderCodeLibraryPakFileMountedCallback: pending pak file info (ChunkID:-1 Root:root:/ File:C:/Program Files/Epic Games/UE_4.27/FeaturePacks/FP_FirstPersonBP.upack)
[2025.12.16-21.44.38:750][  0]LogPakFile: OnPakFileMounted2Time == 0.000044
[2025.12.16-21.44.38:752][  0]LogPakFile: PakFile PrimaryIndexSize=191
[2025.12.16-21.44.38:752][  0]LogPakFile: PakFile PathHashIndexSize=101
[2025.12.16-21.44.38:752][  0]LogPakFile: PakFile FullDirectoryIndexSize=160
[2025.12.16-21.44.38:752][  0]LogShaderLibrary: Display: ShaderCodeLibraryPakFileMountedCallback: PakFile 'C:/Program Files/Epic Games/UE_4.27/FeaturePacks/MobileStarterContent.upack' (chunk index -1, root 'root:/') mounted
[2025.12.16-21.44.38:752][  0]LogShaderLibrary: Display: ShaderCodeLibraryPakFileMountedCallback: pending pak file info (ChunkID:-1 Root:root:/ File:C:/Program Files/Epic Games/UE_4.27/FeaturePacks/MobileStarterContent.upack)
[2025.12.16-21.44.38:752][  0]LogPakFile: OnPakFileMounted2Time == 0.000038
[2025.12.16-21.44.38:753][  0]LogPakFile: PakFile PrimaryIndexSize=185
[2025.12.16-21.44.38:753][  0]LogPakFile: PakFile PathHashIndexSize=101
[2025.12.16-21.44.38:753][  0]LogPakFile: PakFile FullDirectoryIndexSize=148
[2025.12.16-21.44.38:753][  0]LogShaderLibrary: Display: ShaderCodeLibraryPakFileMountedCallback: PakFile 'C:/Program Files/Epic Games/UE_4.27/FeaturePacks/StarterContent.upack' (chunk index -1, root 'root:/') mounted
[2025.12.16-21.44.38:753][  0]LogShaderLibrary: Display: ShaderCodeLibraryPakFileMountedCallback: pending pak file info (ChunkID:-1 Root:root:/ File:C:/Program Files/Epic Games/UE_4.27/FeaturePacks/StarterContent.upack)
[2025.12.16-21.44.38:753][  0]LogPakFile: OnPakFileMounted2Time == 0.000046
[2025.12.16-21.44.38:754][  0]LogPakFile: PakFile PrimaryIndexSize=190
[2025.12.16-21.44.38:754][  0]LogPakFile: PakFile PathHashIndexSize=101
[2025.12.16-21.44.38:754][  0]LogPakFile: PakFile FullDirectoryIndexSize=154
[2025.12.16-21.44.38:754][  0]LogShaderLibrary: Display: ShaderCodeLibraryPakFileMountedCallback: PakFile 'C:/Program Files/Epic Games/UE_4.27/FeaturePacks/TP_2DSideScroller.upack' (chunk index -1, root 'root:/') mounted
[2025.12.16-21.44.38:754][  0]LogShaderLibrary: Display: ShaderCodeLibraryPakFileMountedCallback: pending pak file info (ChunkID:-1 Root:root:/ File:C:/Program Files/Epic Games/UE_4.27/FeaturePacks/TP_2DSideScroller.upack)
[2025.12.16-21.44.38:754][  0]LogPakFile: OnPakFileMounted2Time == 0.000040
[2025.12.16-21.44.38:755][  0]LogPakFile: PakFile PrimaryIndexSize=192
[2025.12.16-21.44.38:755][  0]LogPakFile: PakFile PathHashIndexSize=101
[2025.12.16-21.44.38:755][  0]LogPakFile: PakFile FullDirectoryIndexSize=158
[2025.12.16-21.44.38:755][  0]LogShaderLibrary: Display: ShaderCodeLibraryPakFileMountedCallback: PakFile 'C:/Program Files/Epic Games/UE_4.27/FeaturePacks/TP_2DSideScrollerBP.upack' (chunk index -1, root 'root:/') mounted
[2025.12.16-21.44.38:755][  0]LogShaderLibrary: Display: ShaderCodeLibraryPakFileMountedCallback: pending pak file info (ChunkID:-1 Root:root:/ File:C:/Program Files/Epic Games/UE_4.27/FeaturePacks/TP_2DSideScrollerBP.upack)
[2025.12.16-21.44.38:755][  0]LogPakFile: OnPakFileMounted2Time == 0.000039
[2025.12.16-21.44.38:756][  0]LogPakFile: PakFile PrimaryIndexSize=182
[2025.12.16-21.44.38:756][  0]LogPakFile: PakFile PathHashIndexSize=101
[2025.12.16-21.44.38:756][  0]LogPakFile: PakFile FullDirectoryIndexSize=138
[2025.12.16-21.44.38:756][  0]LogShaderLibrary: Display: ShaderCodeLibraryPakFileMountedCallback: PakFile 'C:/Program Files/Epic Games/UE_4.27/FeaturePacks/TP_Flying.upack' (chunk index -1, root 'root:/') mounted
[2025.12.16-21.44.38:756][  0]LogShaderLibrary: Display: ShaderCodeLibraryPakFileMountedCallback: pending pak file info (ChunkID:-1 Root:root:/ File:C:/Program Files/Epic Games/UE_4.27/FeaturePacks/TP_Flying.upack)
[2025.12.16-21.44.38:756][  0]LogPakFile: OnPakFileMounted2Time == 0.000044
[2025.12.16-21.44.38:757][  0]LogPakFile: PakFile PrimaryIndexSize=184
[2025.12.16-21.44.38:757][  0]LogPakFile: PakFile PathHashIndexSize=101
[2025.12.16-21.44.38:757][  0]LogPakFile: PakFile FullDirectoryIndexSize=142
[2025.12.16-21.44.38:757][  0]LogShaderLibrary: Display: ShaderCodeLibraryPakFileMountedCallback: PakFile 'C:/Program Files/Epic Games/UE_4.27/FeaturePacks/TP_FlyingBP.upack' (chunk index -1, root 'root:/') mounted
[2025.12.16-21.44.38:757][  0]LogShaderLibrary: Display: ShaderCodeLibraryPakFileMountedCallback: pending pak file info (ChunkID:-1 Root:root:/ File:C:/Program Files/Epic Games/UE_4.27/FeaturePacks/TP_FlyingBP.upack)
[2025.12.16-21.44.38:757][  0]LogPakFile: OnPakFileMounted2Time == 0.000038
[2025.12.16-21.44.38:757][  0]LogPakFile: PakFile PrimaryIndexSize=188
[2025.12.16-21.44.38:757][  0]LogPakFile: PakFile PathHashIndexSize=101
[2025.12.16-21.44.38:757][  0]LogPakFile: PakFile FullDirectoryIndexSize=150
[2025.12.16-21.44.38:757][  0]LogShaderLibrary: Display: ShaderCodeLibraryPakFileMountedCallback: PakFile 'C:/Program Files/Epic Games/UE_4.27/FeaturePacks/TP_HandheldARBP.upack' (chunk index -1, root 'root:/') mounted
[2025.12.16-21.44.38:757][  0]LogShaderLibrary: Display: ShaderCodeLibraryPakFileMountedCallback: pending pak file info (ChunkID:-1 Root:root:/ File:C:/Program Files/Epic Games/UE_4.27/FeaturePacks/TP_HandheldARBP.upack)
[2025.12.16-21.44.38:757][  0]LogPakFile: OnPakFileMounted2Time == 0.000039
[2025.12.16-21.44.38:758][  0]LogPakFile: PakFile PrimaryIndexSize=182
[2025.12.16-21.44.38:758][  0]LogPakFile: PakFile PathHashIndexSize=101
[2025.12.16-21.44.38:758][  0]LogPakFile: PakFile FullDirectoryIndexSize=138
[2025.12.16-21.44.38:758][  0]LogShaderLibrary: Display: ShaderCodeLibraryPakFileMountedCallback: PakFile 'C:/Program Files/Epic Games/UE_4.27/FeaturePacks/TP_Puzzle.upack' (chunk index -1, root 'root:/') mounted
[2025.12.16-21.44.38:758][  0]LogShaderLibrary: Display: ShaderCodeLibraryPakFileMountedCallback: pending pak file info (ChunkID:-1 Root:root:/ File:C:/Program Files/Epic Games/UE_4.27/FeaturePacks/TP_Puzzle.upack)
[2025.12.16-21.44.38:758][  0]LogPakFile: OnPakFileMounted2Time == 0.000038
[2025.12.16-21.44.38:759][  0]LogPakFile: PakFile PrimaryIndexSize=184
[2025.12.16-21.44.38:759][  0]LogPakFile: PakFile PathHashIndexSize=101
[2025.12.16-21.44.38:759][  0]LogPakFile: PakFile FullDirectoryIndexSize=142
[2025.12.16-21.44.38:759][  0]LogShaderLibrary: Display: ShaderCodeLibraryPakFileMountedCallback: PakFile 'C:/Program Files/Epic Games/UE_4.27/FeaturePacks/TP_PuzzleBP.upack' (chunk index -1, root 'root:/') mounted
[2025.12.16-21.44.38:759][  0]LogShaderLibrary: Display: ShaderCodeLibraryPakFileMountedCallback: pending pak file info (ChunkID:-1 Root:root:/ File:C:/Program Files/Epic Games/UE_4.27/FeaturePacks/TP_PuzzleBP.upack)
[2025.12.16-21.44.38:759][  0]LogPakFile: OnPakFileMounted2Time == 0.000040
[2025.12.16-21.44.38:760][  0]LogPakFile: PakFile PrimaryIndexSize=183
[2025.12.16-21.44.38:760][  0]LogPakFile: PakFile PathHashIndexSize=101
[2025.12.16-21.44.38:760][  0]LogPakFile: PakFile FullDirectoryIndexSize=140
[2025.12.16-21.44.38:760][  0]LogShaderLibrary: Display: ShaderCodeLibraryPakFileMountedCallback: PakFile 'C:/Program Files/Epic Games/UE_4.27/FeaturePacks/TP_Rolling.upack' (chunk index -1, root 'root:/') mounted
[2025.12.16-21.44.38:760][  0]LogShaderLibrary: Display: ShaderCodeLibraryPakFileMountedCallback: pending pak file info (ChunkID:-1 Root:root:/ File:C:/Program Files/Epic Games/UE_4.27/FeaturePacks/TP_Rolling.upack)
[2025.12.16-21.44.38:760][  0]LogPakFile: OnPakFileMounted2Time == 0.000037
[2025.12.16-21.44.38:760][  0]LogPakFile: PakFile PrimaryIndexSize=185
[2025.12.16-21.44.38:760][  0]LogPakFile: PakFile PathHashIndexSize=101
[2025.12.16-21.44.38:760][  0]LogPakFile: PakFile FullDirectoryIndexSize=144
[2025.12.16-21.44.38:760][  0]LogShaderLibrary: Display: ShaderCodeLibraryPakFileMountedCallback: PakFile 'C:/Program Files/Epic Games/UE_4.27/FeaturePacks/TP_RollingBP.upack' (chunk index -1, root 'root:/') mounted
[2025.12.16-21.44.38:760][  0]LogShaderLibrary: Display: ShaderCodeLibraryPakFileMountedCallback: pending pak file info (ChunkID:-1 Root:root:/ File:C:/Program Files/Epic Games/UE_4.27/FeaturePacks/TP_RollingBP.upack)
[2025.12.16-21.44.38:760][  0]LogPakFile: OnPakFileMounted2Time == 0.000036
[2025.12.16-21.44.38:761][  0]LogPakFile: PakFile PrimaryIndexSize=188
[2025.12.16-21.44.38:761][  0]LogPakFile: PakFile PathHashIndexSize=101
[2025.12.16-21.44.38:761][  0]LogPakFile: PakFile FullDirectoryIndexSize=150
[2025.12.16-21.44.38:761][  0]LogShaderLibrary: Display: ShaderCodeLibraryPakFileMountedCallback: PakFile 'C:/Program Files/Epic Games/UE_4.27/FeaturePacks/TP_SideScroller.upack' (chunk index -1, root 'root:/') mounted
[2025.12.16-21.44.38:761][  0]LogShaderLibrary: Display: ShaderCodeLibraryPakFileMountedCallback: pending pak file info (ChunkID:-1 Root:root:/ File:C:/Program Files/Epic Games/UE_4.27/FeaturePacks/TP_SideScroller.upack)
[2025.12.16-21.44.38:761][  0]LogPakFile: OnPakFileMounted2Time == 0.000036
[2025.12.16-21.44.38:762][  0]LogPakFile: PakFile PrimaryIndexSize=190
[2025.12.16-21.44.38:762][  0]LogPakFile: PakFile PathHashIndexSize=101
[2025.12.16-21.44.38:762][  0]LogPakFile: PakFile FullDirectoryIndexSize=154
[2025.12.16-21.44.38:762][  0]LogShaderLibrary: Display: ShaderCodeLibraryPakFileMountedCallback: PakFile 'C:/Program Files/Epic Games/UE_4.27/FeaturePacks/TP_SideScrollerBP.upack' (chunk index -1, root 'root:/') mounted
[2025.12.16-21.44.38:762][  0]LogShaderLibrary: Display: ShaderCodeLibraryPakFileMountedCallback: pending pak file info (ChunkID:-1 Root:root:/ File:C:/Program Files/Epic Games/UE_4.27/FeaturePacks/TP_SideScrollerBP.upack)
[2025.12.16-21.44.38:762][  0]LogPakFile: OnPakFileMounted2Time == 0.000182
[2025.12.16-21.44.38:762][  0]LogPakFile: PakFile PrimaryIndexSize=187
[2025.12.16-21.44.38:762][  0]LogPakFile: PakFile PathHashIndexSize=101
[2025.12.16-21.44.38:762][  0]LogPakFile: PakFile FullDirectoryIndexSize=148
[2025.12.16-21.44.38:762][  0]LogShaderLibrary: Display: ShaderCodeLibraryPakFileMountedCallback: PakFile 'C:/Program Files/Epic Games/UE_4.27/FeaturePacks/TP_ThirdPerson.upack' (chunk index -1, root 'root:/') mounted
[2025.12.16-21.44.38:762][  0]LogShaderLibrary: Display: ShaderCodeLibraryPakFileMountedCallback: pending pak file info (ChunkID:-1 Root:root:/ File:C:/Program Files/Epic Games/UE_4.27/FeaturePacks/TP_ThirdPerson.upack)
[2025.12.16-21.44.38:762][  0]LogPakFile: OnPakFileMounted2Time == 0.000037
[2025.12.16-21.44.38:763][  0]LogPakFile: PakFile PrimaryIndexSize=189
[2025.12.16-21.44.38:763][  0]LogPakFile: PakFile PathHashIndexSize=101
[2025.12.16-21.44.38:763][  0]LogPakFile: PakFile FullDirectoryIndexSize=152
[2025.12.16-21.44.38:763][  0]LogShaderLibrary: Display: ShaderCodeLibraryPakFileMountedCallback: PakFile 'C:/Program Files/Epic Games/UE_4.27/FeaturePacks/TP_ThirdPersonBP.upack' (chunk index -1, root 'root:/') mounted
[2025.12.16-21.44.38:763][  0]LogShaderLibrary: Display: ShaderCodeLibraryPakFileMountedCallback: pending pak file info (ChunkID:-1 Root:root:/ File:C:/Program Files/Epic Games/UE_4.27/FeaturePacks/TP_ThirdPersonBP.upack)
[2025.12.16-21.44.38:763][  0]LogPakFile: OnPakFileMounted2Time == 0.000039
[2025.12.16-21.44.38:763][  0]LogPakFile: PakFile PrimaryIndexSize=183
[2025.12.16-21.44.38:763][  0]LogPakFile: PakFile PathHashIndexSize=101
[2025.12.16-21.44.38:763][  0]LogPakFile: PakFile FullDirectoryIndexSize=140
[2025.12.16-21.44.38:763][  0]LogShaderLibrary: Display: ShaderCodeLibraryPakFileMountedCallback: PakFile 'C:/Program Files/Epic Games/UE_4.27/FeaturePacks/TP_TopDown.upack' (chunk index -1, root 'root:/') mounted
[2025.12.16-21.44.38:763][  0]LogShaderLibrary: Display: ShaderCodeLibraryPakFileMountedCallback: pending pak file info (ChunkID:-1 Root:root:/ File:C:/Program Files/Epic Games/UE_4.27/FeaturePacks/TP_TopDown.upack)
[2025.12.16-21.44.38:763][  0]LogPakFile: OnPakFileMounted2Time == 0.000044
[2025.12.16-21.44.38:765][  0]LogPakFile: PakFile PrimaryIndexSize=185
[2025.12.16-21.44.38:766][  0]LogPakFile: PakFile PathHashIndexSize=101
[2025.12.16-21.44.38:766][  0]LogPakFile: PakFile FullDirectoryIndexSize=144
[2025.12.16-21.44.38:766][  0]LogShaderLibrary: Display: ShaderCodeLibraryPakFileMountedCallback: PakFile 'C:/Program Files/Epic Games/UE_4.27/FeaturePacks/TP_TopDownBP.upack' (chunk index -1, root 'root:/') mounted
[2025.12.16-21.44.38:766][  0]LogShaderLibrary: Display: ShaderCodeLibraryPakFileMountedCallback: pending pak file info (ChunkID:-1 Root:root:/ File:C:/Program Files/Epic Games/UE_4.27/FeaturePacks/TP_TopDownBP.upack)
[2025.12.16-21.44.38:766][  0]LogPakFile: OnPakFileMounted2Time == 0.000041
[2025.12.16-21.44.38:766][  0]LogPakFile: PakFile PrimaryIndexSize=185
[2025.12.16-21.44.38:766][  0]LogPakFile: PakFile PathHashIndexSize=101
[2025.12.16-21.44.38:766][  0]LogPakFile: PakFile FullDirectoryIndexSize=144
[2025.12.16-21.44.38:766][  0]LogShaderLibrary: Display: ShaderCodeLibraryPakFileMountedCallback: PakFile 'C:/Program Files/Epic Games/UE_4.27/FeaturePacks/TP_TwinStick.upack' (chunk index -1, root 'root:/') mounted
[2025.12.16-21.44.38:766][  0]LogShaderLibrary: Display: ShaderCodeLibraryPakFileMountedCallback: pending pak file info (ChunkID:-1 Root:root:/ File:C:/Program Files/Epic Games/UE_4.27/FeaturePacks/TP_TwinStick.upack)
[2025.12.16-21.44.38:766][  0]LogPakFile: OnPakFileMounted2Time == 0.000040
[2025.12.16-21.44.38:767][  0]LogPakFile: PakFile PrimaryIndexSize=187
[2025.12.16-21.44.38:767][  0]LogPakFile: PakFile PathHashIndexSize=101
[2025.12.16-21.44.38:767][  0]LogPakFile: PakFile FullDirectoryIndexSize=148
[2025.12.16-21.44.38:767][  0]LogShaderLibrary: Display: ShaderCodeLibraryPakFileMountedCallback: PakFile 'C:/Program Files/Epic Games/UE_4.27/FeaturePacks/TP_TwinStickBP.upack' (chunk index -1, root 'root:/') mounted
[2025.12.16-21.44.38:767][  0]LogShaderLibrary: Display: ShaderCodeLibraryPakFileMountedCallback: pending pak file info (ChunkID:-1 Root:root:/ File:C:/Program Files/Epic Games/UE_4.27/FeaturePacks/TP_TwinStickBP.upack)
[2025.12.16-21.44.38:767][  0]LogPakFile: OnPakFileMounted2Time == 0.000035
[2025.12.16-21.44.38:767][  0]LogPakFile: PakFile PrimaryIndexSize=183
[2025.12.16-21.44.38:767][  0]LogPakFile: PakFile PathHashIndexSize=101
[2025.12.16-21.44.38:767][  0]LogPakFile: PakFile FullDirectoryIndexSize=140
[2025.12.16-21.44.38:767][  0]LogShaderLibrary: Display: ShaderCodeLibraryPakFileMountedCallback: PakFile 'C:/Program Files/Epic Games/UE_4.27/FeaturePacks/TP_Vehicle.upack' (chunk index -1, root 'root:/') mounted
[2025.12.16-21.44.38:767][  0]LogShaderLibrary: Display: ShaderCodeLibraryPakFileMountedCallback: pending pak file info (ChunkID:-1 Root:root:/ File:C:/Program Files/Epic Games/UE_4.27/FeaturePacks/TP_Vehicle.upack)
[2025.12.16-21.44.38:767][  0]LogPakFile: OnPakFileMounted2Time == 0.000033
[2025.12.16-21.44.38:768][  0]LogPakFile: PakFile PrimaryIndexSize=186
[2025.12.16-21.44.38:768][  0]LogPakFile: PakFile PathHashIndexSize=101
[2025.12.16-21.44.38:768][  0]LogPakFile: PakFile FullDirectoryIndexSize=146
[2025.12.16-21.44.38:768][  0]LogShaderLibrary: Display: ShaderCodeLibraryPakFileMountedCallback: PakFile 'C:/Program Files/Epic Games/UE_4.27/FeaturePacks/TP_VehicleAdv.upack' (chunk index -1, root 'root:/') mounted
[2025.12.16-21.44.38:768][  0]LogShaderLibrary: Display: ShaderCodeLibraryPakFileMountedCallback: pending pak file info (ChunkID:-1 Root:root:/ File:C:/Program Files/Epic Games/UE_4.27/FeaturePacks/TP_VehicleAdv.upack)
[2025.12.16-21.44.38:768][  0]LogPakFile: OnPakFileMounted2Time == 0.000039
[2025.12.16-21.44.38:769][  0]LogPakFile: PakFile PrimaryIndexSize=188
[2025.12.16-21.44.38:769][  0]LogPakFile: PakFile PathHashIndexSize=101
[2025.12.16-21.44.38:769][  0]LogPakFile: PakFile FullDirectoryIndexSize=150
[2025.12.16-21.44.38:769][  0]LogShaderLibrary: Display: ShaderCodeLibraryPakFileMountedCallback: PakFile 'C:/Program Files/Epic Games/UE_4.27/FeaturePacks/TP_VehicleAdvBP.upack' (chunk index -1, root 'root:/') mounted
[2025.12.16-21.44.38:769][  0]LogShaderLibrary: Display: ShaderCodeLibraryPakFileMountedCallback: pending pak file info (ChunkID:-1 Root:root:/ File:C:/Program Files/Epic Games/UE_4.27/FeaturePacks/TP_VehicleAdvBP.upack)
[2025.12.16-21.44.38:769][  0]LogPakFile: OnPakFileMounted2Time == 0.000044
[2025.12.16-21.44.38:770][  0]LogPakFile: PakFile PrimaryIndexSize=185
[2025.12.16-21.44.38:770][  0]LogPakFile: PakFile PathHashIndexSize=101
[2025.12.16-21.44.38:770][  0]LogPakFile: PakFile FullDirectoryIndexSize=144
[2025.12.16-21.44.38:770][  0]LogShaderLibrary: Display: ShaderCodeLibraryPakFileMountedCallback: PakFile 'C:/Program Files/Epic Games/UE_4.27/FeaturePacks/TP_VehicleBP.upack' (chunk index -1, root 'root:/') mounted
[2025.12.16-21.44.38:770][  0]LogShaderLibrary: Display: ShaderCodeLibraryPakFileMountedCallback: pending pak file info (ChunkID:-1 Root:root:/ File:C:/Program Files/Epic Games/UE_4.27/FeaturePacks/TP_VehicleBP.upack)
[2025.12.16-21.44.38:770][  0]LogPakFile: OnPakFileMounted2Time == 0.000035
[2025.12.16-21.44.38:770][  0]LogPakFile: PakFile PrimaryIndexSize=192
[2025.12.16-21.44.38:770][  0]LogPakFile: PakFile PathHashIndexSize=101
[2025.12.16-21.44.38:770][  0]LogPakFile: PakFile FullDirectoryIndexSize=158
[2025.12.16-21.44.38:770][  0]LogShaderLibrary: Display: ShaderCodeLibraryPakFileMountedCallback: PakFile 'C:/Program Files/Epic Games/UE_4.27/FeaturePacks/TP_VirtualRealityBP.upack' (chunk index -1, root 'root:/') mounted
[2025.12.16-21.44.38:770][  0]LogShaderLibrary: Display: ShaderCodeLibraryPakFileMountedCallback: pending pak file info (ChunkID:-1 Root:root:/ File:C:/Program Files/Epic Games/UE_4.27/FeaturePacks/TP_VirtualRealityBP.upack)
[2025.12.16-21.44.38:770][  0]LogPakFile: OnPakFileMounted2Time == 0.000036
[2025.12.16-21.44.38:822][  0]LogNativeClassHierarchy: Verbose: Native class hierarchy updated for 'AddContentDialog' in 0.0003 seconds. Added 0 classes and 0 folders.
[2025.12.16-21.44.38:824][  0]LogNativeClassHierarchy: Verbose: Native class hierarchy updated for 'SceneOutliner' in 0.0003 seconds. Added 2 classes and 0 folders.
[2025.12.16-21.44.38:904][  0]LogSlate: Took 0.000322 seconds to synchronously load lazily loaded font '../../../Engine/Content/Slate/Fonts/Roboto-Regular.ttf' (155K)
[2025.12.16-21.44.38:906][  0]LogSlate: Took 0.000255 seconds to synchronously load lazily loaded font '../../../Engine/Content/Editor/Slate/Fonts/FontAwesome.ttf' (139K)
[2025.12.16-21.44.38:907][  0]LogSlate: Took 0.000267 seconds to synchronously load lazily loaded font '../../../Engine/Content/Slate/Fonts/Roboto-Bold.ttf' (160K)
[2025.12.16-21.44.39:007][  0]LogRenderer: Reallocating scene render targets to support 724x340 Format 10 NumSamples 1 (Frame:1).
[2025.12.16-21.44.39:178][  0]LogNativeClassHierarchy: Verbose: Native class hierarchy updated for 'HierarchicalLODOutliner' in 0.0004 seconds. Added 0 classes and 0 folders.
[2025.12.16-21.44.39:178][  0]LogLoad: (Engine Initialization) Total time: 15.17 seconds
[2025.12.16-21.44.39:178][  0]LogLoad: (Engine Initialization) Total Blueprint compile time: 0.00 seconds
[2025.12.16-21.44.39:512][  0]LogContentStreaming: Texture pool size now 1000 MB
[2025.12.16-21.44.39:538][  1]LogFileCache: Retrieving MD5 hashes for directory 'C:/Rzeczy/gry/1 rok/TopDownShooterAD25/03_MarsMarine 4.27/Content/' took 0.32s
[2025.12.16-21.44.39:572][  1]LogAssetRegistry: Asset discovery search completed in 9.7376 seconds
[2025.12.16-21.44.39:586][  1]LogCollectionManager: Fixed up redirectors for 0 collections in 0.000008 seconds (updated 0 objects)
[2025.12.16-21.44.39:646][  2]LogSlate: Took 0.000524 seconds to synchronously load lazily loaded font '../../../Engine/Content/Slate/Fonts/Roboto-Light.ttf' (167K)
[2025.12.16-21.44.40:278][ 22]LogSlate: Took 0.000589 seconds to synchronously load lazily loaded font '../../../Engine/Content/Slate/Fonts/Roboto-Light.ttf' (167K)
[2025.12.16-21.44.43:875][163]LogTemp: Repeating last play command: Selected Viewport
[2025.12.16-21.44.43:891][163]LogPlayLevel: PlayLevel: No blueprints needed recompiling
[2025.12.16-21.44.43:892][163]PIE: New page: PIE session: Mars (16 gru 2025, 23:44:43)
[2025.12.16-21.44.43:895][163]LogOnline: OSS: Creating online subsystem instance for: NULL
[2025.12.16-21.44.43:898][163]LogOnline: OSS: TryLoadSubsystemAndSetDefault: Loaded subsystem for module [NULL]
[2025.12.16-21.44.43:898][163]LogPlayLevel: Creating play world package: /Game/Levels/UEDPIE_0_Mars
[2025.12.16-21.44.44:030][163]LogPlayLevel: PIE: StaticDuplicateObject took: (0.131450s)
[2025.12.16-21.44.44:033][163]LogAIModule: Creating AISystem for world Mars
[2025.12.16-21.44.44:033][163]LogPlayLevel: PIE: World Init took: (0.002988s)
[2025.12.16-21.44.44:034][163]LogPlayLevel: PIE: Created PIE world by copying editor world from /Game/Levels/Mars.Mars to /Game/Levels/UEDPIE_0_Mars.Mars (0.134907s)
[2025.12.16-21.44.44:051][163]LogUObjectHash: Compacting FUObjectHashTables data took   1.60ms
[2025.12.16-21.44.44:052][163]LogAudio: Display: Creating Audio Device:                 Id: 2, Scope: Unique, Realtime: True
[2025.12.16-21.44.44:053][163]LogAudioMixer: Display: Audio Mixer Platform Settings:
[2025.12.16-21.44.44:053][163]LogAudioMixer: Display: 	Sample Rate:						  48000
[2025.12.16-21.44.44:053][163]LogAudioMixer: Display: 	Callback Buffer Frame Size Requested: 1024
[2025.12.16-21.44.44:053][163]LogAudioMixer: Display: 	Callback Buffer Frame Size To Use:	  1024
[2025.12.16-21.44.44:053][163]LogAudioMixer: Display: 	Number of buffers to queue:			  2
[2025.12.16-21.44.44:053][163]LogAudioMixer: Display: 	Max Channels (voices):				  32
[2025.12.16-21.44.44:053][163]LogAudioMixer: Display: 	Number of Async Source Workers:		  0
[2025.12.16-21.44.44:053][163]LogAudio: Display: AudioDevice MaxSources: 32
[2025.12.16-21.44.44:054][163]LogAudio: Display: Audio Spatialization Plugin: None (built-in).
[2025.12.16-21.44.44:054][163]LogAudio: Display: Audio Reverb Plugin: None (built-in).
[2025.12.16-21.44.44:054][163]LogAudio: Display: Audio Occlusion Plugin: None (built-in).
[2025.12.16-21.44.44:054][163]LogAudioMixer: Display: Initializing audio mixer.
[2025.12.16-21.44.44:066][163]LogAudioMixer: Display: 0: FrontLeft
[2025.12.16-21.44.44:066][163]LogAudioMixer: Display: 1: FrontRight
[2025.12.16-21.44.44:146][163]LogAudioMixer: Display: Using Audio Device Głośniki (Realtek(R) Audio)
[2025.12.16-21.44.44:147][163]LogAudioMixer: Display: Initializing Sound Submixes...
[2025.12.16-21.44.44:147][163]LogAudioMixer: Display: Creating Master Submix 'MasterSubmixDefault'
[2025.12.16-21.44.44:147][163]LogAudioMixer: Display: Creating Master Submix 'MasterReverbSubmixDefault'
[2025.12.16-21.44.44:148][163]LogAudioMixer: Display: Creating Master Submix 'MasterEQSubmixDefault'
[2025.12.16-21.44.44:148][163]LogAudioMixer: FMixerPlatformXAudio2::StartAudioStream() called
[2025.12.16-21.44.44:148][163]LogAudioMixer: Display: Output buffers initialized: Frames=1024, Channels=2, Samples=2048
[2025.12.16-21.44.44:150][163]LogAudioMixer: Display: Starting AudioMixerPlatformInterface::RunInternal()
[2025.12.16-21.44.44:150][163]LogAudioMixer: Display: FMixerPlatformXAudio2::SubmitBuffer() called for the first time
[2025.12.16-21.44.44:150][163]LogInit: FAudioDevice initialized.
[2025.12.16-21.44.44:150][163]LogAudio: Display: Audio Device (ID: 2) registered with world 'Mars'.
[2025.12.16-21.44.44:170][163]LogLoad: Game class is 'BP_MarsMarine_GameMode_C'
[2025.12.16-21.44.44:177][163]LogWorld: Bringing World /Game/Levels/UEDPIE_0_Mars.Mars up for play (max tick rate 60) at 2025.12.16-22.44.44
[2025.12.16-21.44.44:179][163]LogWorld: Bringing up level for play took: 0.005577
[2025.12.16-21.44.44:180][163]LogOnline: OSS: Creating online subsystem instance for: :Context_3
[2025.12.16-21.44.44:189][163]LogNativeClassHierarchy: Verbose: Native class hierarchy updated for 'MovieSceneCapture' in 0.0007 seconds. Added 20 classes and 0 folders.
[2025.12.16-21.44.44:196][163]PIE: Server logged in
[2025.12.16-21.44.44:198][163]PIE: Play in editor total start time 0,309 seconds.
[2025.12.16-21.44.53:818][585]LogSlate: Updating window title bar state: overlay mode, drag disabled, window buttons hidden, title bar hidden
[2025.12.16-21.44.53:818][585]LogWorld: BeginTearingDown for /Game/Levels/UEDPIE_0_Mars
[2025.12.16-21.44.53:819][585]LogWorld: UWorld::CleanupWorld for Mars, bSessionEnded=true, bCleanupResources=true
[2025.12.16-21.44.53:821][585]LogSlate: InvalidateAllWidgets triggered.  All widgets were invalidated
[2025.12.16-21.44.53:845][585]LogPlayLevel: Display: Shutting down PIE online subsystems
[2025.12.16-21.44.53:850][585]LogSlate: InvalidateAllWidgets triggered.  All widgets were invalidated
[2025.12.16-21.44.53:873][585]LogAudio: Display: Audio Device unregistered from world 'None'.
[2025.12.16-21.44.53:874][585]LogAudioMixer: FMixerPlatformXAudio2::StopAudioStream() called
[2025.12.16-21.44.53:878][585]LogAudioMixer: FMixerPlatformXAudio2::StopAudioStream() called
[2025.12.16-21.44.53:890][585]LogSlate: Updating window title bar state: overlay mode, drag disabled, window buttons hidden, title bar hidden
[2025.12.16-21.44.53:895][585]LogUObjectHash: Compacting FUObjectHashTables data took   2.05ms
[2025.12.16-21.44.53:941][586]LogPlayLevel: Display: Destroying online subsystem :Context_3
[2025.12.16-21.44.55:422][646]LogUObjectHash: Compacting FUObjectHashTables data took   1.58ms
[2025.12.16-21.44.55:569][646]LogSlate: Window 'MarsMarine - Unreal Editor' being destroyed
[2025.12.16-21.44.55:852][647]Cmd: QUIT_EDITOR
[2025.12.16-21.44.55:852][647]LogCore: Engine exit requested (reason: UUnrealEdEngine::CloseEditor())
[2025.12.16-21.44.55:860][647]LogCore: Engine exit requested (reason: EngineExit() was called; note: exit was already requested)
[2025.12.16-21.44.56:263][647]LogAudio: Display: Beginning Audio Device Manager Shutdown (Module: AudioMixerXAudio2)...
[2025.12.16-21.44.56:263][647]LogAudio: Display: Destroying 1 Remaining Audio Device(s)...
[2025.12.16-21.44.56:263][647]LogAudio: Display: Audio Device unregistered from world 'Mars'.
[2025.12.16-21.44.56:263][647]LogAudioMixer: FMixerPlatformXAudio2::StopAudioStream() called
[2025.12.16-21.44.56:265][647]LogAudioMixer: FMixerPlatformXAudio2::StopAudioStream() called
[2025.12.16-21.44.56:422][647]LogAudio: Display: Audio Device Manager Shutdown
[2025.12.16-21.44.56:423][647]LogWindowsTextInputMethodSystem: Display: IME system deactivated.
[2025.12.16-21.44.56:440][647]LogExit: Preparing to exit.
[2025.12.16-21.44.57:026][647]LogUObjectHash: Compacting FUObjectHashTables data took   0.95ms
[2025.12.16-21.44.57:233][647]LogWorld: UWorld::CleanupWorld for World_1, bSessionEnded=true, bCleanupResources=true
[2025.12.16-21.44.57:233][647]LogWorld: UWorld::CleanupWorld for World_0, bSessionEnded=true, bCleanupResources=true
[2025.12.16-21.44.57:257][647]LogDemo: Cleaned up 0 splitscreen connections with owner deletion
[2025.12.16-21.44.57:263][647]LogWorld: UWorld::CleanupWorld for None, bSessionEnded=true, bCleanupResources=true
[2025.12.16-21.44.57:263][647]LogExit: Editor shut down
[2025.12.16-21.44.57:263][647]LogExit: Transaction tracking system shut down
[2025.12.16-21.44.57:415][647]LogExit: Object subsystem successfully closed.
[2025.12.16-21.44.57:444][647]LogShaderCompilers: Display: === FShaderJobCache stats ===
[2025.12.16-21.44.57:444][647]LogShaderCompilers: Display: Total job queries 0, among them cache hits 0 (0.00%)
[2025.12.16-21.44.57:444][647]LogShaderCompilers: Display: Tracking 0 distinct input hashes that result in 0 distinct outputs (0.00%)
[2025.12.16-21.44.57:444][647]LogShaderCompilers: Display: RAM used: 0.00 MB (0.00 GB) of 819.20 MB (0.80 GB) budget. Usage: 0.00%
[2025.12.16-21.44.57:444][647]LogShaderCompilers: Display: ================================================
[2025.12.16-21.44.57:454][647]LogShaderCompilers: Display: Shaders left to compile 0
[2025.12.16-21.44.57:479][647]LogModuleManager: Shutting down and abandoning module MovieSceneCapture (876)
[2025.12.16-21.44.57:479][647]LogModuleManager: Shutting down and abandoning module Voice (874)
[2025.12.16-21.44.57:479][647]LogModuleManager: Shutting down and abandoning module HierarchicalLODOutliner (872)
[2025.12.16-21.44.57:479][647]LogModuleManager: Shutting down and abandoning module SceneOutliner (870)
[2025.12.16-21.44.57:479][647]LogModuleManager: Shutting down and abandoning module AddContentDialog (868)
[2025.12.16-21.44.57:480][647]LogModuleManager: Shutting down and abandoning module WidgetCarousel (867)
[2025.12.16-21.44.57:480][647]LogModuleManager: Shutting down and abandoning module EditorWidgets (864)
[2025.12.16-21.44.57:480][647]LogModuleManager: Shutting down and abandoning module ExternalImagePicker (862)
[2025.12.16-21.44.57:480][647]LogModuleManager: Shutting down and abandoning module StatsViewer (860)
[2025.12.16-21.44.57:480][647]LogModuleManager: Shutting down and abandoning module PIEPreviewDeviceProfileSelector (858)
[2025.12.16-21.44.57:480][647]LogModuleManager: Shutting down and abandoning module SequenceRecorderSections (856)
[2025.12.16-21.44.57:480][647]LogModuleManager: Shutting down and abandoning module AutomationWorker (854)
[2025.12.16-21.44.57:480][647]LogModuleManager: Shutting down and abandoning module SteamVREditor (852)
[2025.12.16-21.44.57:480][647]LogModuleManager: Shutting down and abandoning module OculusMR (850)
[2025.12.16-21.44.57:480][647]LogModuleManager: Shutting down and abandoning module TakeRecorderSources (848)
[2025.12.16-21.44.57:480][647]LogModuleManager: Shutting down and abandoning module TakeRecorder (847)
[2025.12.16-21.44.57:480][647]LogModuleManager: Shutting down and abandoning module TakeTrackRecorders (844)
[2025.12.16-21.44.57:480][647]LogModuleManager: Shutting down and abandoning module TakesCore (842)
[2025.12.16-21.44.57:480][647]LogModuleManager: Shutting down and abandoning module OpenXRInput (840)
[2025.12.16-21.44.57:480][647]LogModuleManager: Shutting down and abandoning module GooglePADEditor (838)
[2025.12.16-21.44.57:480][647]LogModuleManager: Shutting down and abandoning module AudioCaptureEditor (836)
[2025.12.16-21.44.57:480][647]LogModuleManager: Shutting down and abandoning module TemplateSequenceEditor (834)
[2025.12.16-21.44.57:480][647]LogModuleManager: Shutting down and abandoning module MatineeToLevelSequence (832)
[2025.12.16-21.44.57:480][647]LogModuleManager: Shutting down and abandoning module LevelSequenceEditor (830)
[2025.12.16-21.44.57:480][647]LogModuleManager: Shutting down and abandoning module ActorSequenceEditor (828)
[2025.12.16-21.44.57:480][647]LogModuleManager: Shutting down and abandoning module MediaPlayerEditor (826)
[2025.12.16-21.44.57:480][647]LogModuleManager: Shutting down and abandoning module WmfMediaFactory (824)
[2025.12.16-21.44.57:480][647]LogModuleManager: Shutting down and abandoning module WmfMediaEditor (822)
[2025.12.16-21.44.57:480][647]LogModuleManager: Shutting down and abandoning module WebMMediaFactory (820)
[2025.12.16-21.44.57:480][647]LogModuleManager: Shutting down and abandoning module WebMMediaEditor (818)
[2025.12.16-21.44.57:480][647]LogModuleManager: Shutting down and abandoning module WebMMedia (816)
[2025.12.16-21.44.57:480][647]LogModuleManager: Shutting down and abandoning module MediaCompositingEditor (814)
[2025.12.16-21.44.57:480][647]LogModuleManager: Shutting down and abandoning module SequenceRecorder (813)
[2025.12.16-21.44.57:480][647]LogModuleManager: Shutting down and abandoning module OpenExrWrapper (810)
[2025.12.16-21.44.57:480][647]LogModuleManager: Shutting down and abandoning module ImgMediaFactory (808)
[2025.12.16-21.44.57:480][647]LogModuleManager: Shutting down and abandoning module ImgMediaEditor (806)
[2025.12.16-21.44.57:481][647]LogModuleManager: Shutting down and abandoning module AvfMediaFactory (804)
[2025.12.16-21.44.57:481][647]LogModuleManager: Shutting down and abandoning module AvfMediaEditor (802)
[2025.12.16-21.44.57:481][647]LogModuleManager: Shutting down and abandoning module AndroidMediaFactory (800)
[2025.12.16-21.44.57:481][647]LogModuleManager: Shutting down and abandoning module AndroidMediaEditor (798)
[2025.12.16-21.44.57:481][647]LogModuleManager: Shutting down and abandoning module MagicLeapMediaCodecFactory (796)
[2025.12.16-21.44.57:481][647]LogModuleManager: Shutting down and abandoning module MagicLeapMediaFactory (794)
[2025.12.16-21.44.57:481][647]LogModuleManager: Shutting down and abandoning module MagicLeapMediaEditor (792)
[2025.12.16-21.44.57:481][647]LogModuleManager: Shutting down and abandoning module PlanarCut (790)
[2025.12.16-21.44.57:481][647]LogModuleManager: Shutting down and abandoning module TextureAlignMode (788)
[2025.12.16-21.44.57:481][647]LogModuleManager: Shutting down and abandoning module BspMode (786)
[2025.12.16-21.44.57:481][647]LogModuleManager: Shutting down and abandoning module GeometryMode (784)
[2025.12.16-21.44.57:481][647]LogModuleManager: Shutting down and abandoning module CharacterAI (782)
[2025.12.16-21.44.57:481][647]LogModuleManager: Shutting down and abandoning module CameraShakePreviewer (780)
[2025.12.16-21.44.57:481][647]LogModuleManager: Shutting down and abandoning module SmartSnapping (778)
[2025.12.16-21.44.57:481][647]LogModuleManager: Shutting down and abandoning module SessionServices (776)
[2025.12.16-21.44.57:481][647]LogModuleManager: Shutting down and abandoning module MeshPaint (774)
[2025.12.16-21.44.57:481][647]LogModuleManager: Shutting down and abandoning module VirtualTexturingEditor (772)
[2025.12.16-21.44.57:481][647]LogModuleManager: Shutting down and abandoning module FoliageEdit (770)
[2025.12.16-21.44.57:481][647]LogModuleManager: Shutting down and abandoning module LandscapeEditor (768)
[2025.12.16-21.44.57:481][647]LogModuleManager: Shutting down and abandoning module MeshPaintMode (766)
[2025.12.16-21.44.57:481][647]LogModuleManager: Shutting down and abandoning module SceneDepthPickerMode (764)
[2025.12.16-21.44.57:481][647]LogModuleManager: Shutting down and abandoning module ActorPickerMode (762)
[2025.12.16-21.44.57:481][647]LogModuleManager: Shutting down and abandoning module PlacementMode (760)
[2025.12.16-21.44.57:481][647]LogModuleManager: Shutting down and abandoning module ViewportSnapping (758)
[2025.12.16-21.44.57:481][647]LogModuleManager: Shutting down and abandoning module ViewportInteraction (756)
[2025.12.16-21.44.57:481][647]LogModuleManager: Shutting down and abandoning module ClothPainter (754)
[2025.12.16-21.44.57:481][647]LogModuleManager: Shutting down and abandoning module SkeletalMeshEditor (753)
[2025.12.16-21.44.57:481][647]LogModuleManager: Shutting down and abandoning module LogVisualizer (750)
[2025.12.16-21.44.57:481][647]LogModuleManager: Shutting down and abandoning module IntroTutorials (748)
[2025.12.16-21.44.57:481][647]LogModuleManager: Shutting down and abandoning module GameProjectGeneration (747)
[2025.12.16-21.44.57:481][647]LogModuleManager: Shutting down and abandoning module LuminPlatformEditor (744)
[2025.12.16-21.44.57:481][647]LogModuleManager: Shutting down and abandoning module IOSPlatformEditor (742)
[2025.12.16-21.44.57:481][647]LogModuleManager: Shutting down and abandoning module AndroidPlatformEditor (740)
[2025.12.16-21.44.57:481][647]LogModuleManager: Shutting down and abandoning module AndroidDeviceDetection (739)
[2025.12.16-21.44.58:296][647]LogModuleManager: Shutting down and abandoning module WindowsPlatformEditor (736)
[2025.12.16-21.44.58:296][647]LogModuleManager: Shutting down and abandoning module LuminRuntimeSettings (734)
[2025.12.16-21.44.58:296][647]LogModuleManager: Shutting down and abandoning module IOSRuntimeSettings (732)
[2025.12.16-21.44.58:296][647]LogModuleManager: Shutting down and abandoning module AndroidRuntimeSettings (730)
[2025.12.16-21.44.58:296][647]LogModuleManager: Shutting down and abandoning module TraceInsights (728)
[2025.12.16-21.44.58:296][647]MemoryProfiler: Shutdown
[2025.12.16-21.44.58:296][647]NetworkingProfiler: Shutdown
[2025.12.16-21.44.58:297][647]LoadingProfiler: Shutdown
[2025.12.16-21.44.58:297][647]TimingProfiler: Shutdown
[2025.12.16-21.44.58:297][647]LogModuleManager: Shutting down and abandoning module TraceServices (727)
[2025.12.16-21.44.58:297][647]LogModuleManager: Shutting down and abandoning module EditorInteractiveToolsFramework (724)
[2025.12.16-21.44.58:297][647]LogModuleManager: Shutting down and abandoning module TimeManagementEditor (722)
[2025.12.16-21.44.58:297][647]LogModuleManager: Shutting down and abandoning module InputBindingEditor (720)
[2025.12.16-21.44.58:297][647]LogModuleManager: Shutting down and abandoning module MergeActors (718)
[2025.12.16-21.44.58:297][647]LogModuleManager: Shutting down and abandoning module LocalizationDashboard (716)
[2025.12.16-21.44.58:297][647]LogModuleManager: Shutting down and abandoning module LocalizationService (715)
[2025.12.16-21.44.58:297][647]LogModuleManager: Shutting down and abandoning module HardwareTargeting (712)
[2025.12.16-21.44.58:297][647]LogModuleManager: Shutting down and abandoning module DeviceProfileEditor (710)
[2025.12.16-21.44.58:297][647]LogModuleManager: Shutting down and abandoning module UndoHistory (708)
[2025.12.16-21.44.58:297][647]LogModuleManager: Shutting down and abandoning module XmlParser (706)
[2025.12.16-21.44.58:297][647]LogModuleManager: Shutting down and abandoning module Blutility (704)
[2025.12.16-21.44.58:297][647]LogModuleManager: Shutting down and abandoning module ProjectSettingsViewer (702)
[2025.12.16-21.44.58:297][647]LogModuleManager: Shutting down and abandoning module ProjectTargetPlatformEditor (701)
[2025.12.16-21.44.58:297][647]LogModuleManager: Shutting down and abandoning module EditorSettingsViewer (698)
[2025.12.16-21.44.58:297][647]LogModuleManager: Shutting down and abandoning module InternationalizationSettings (697)
[2025.12.16-21.44.58:297][647]LogModuleManager: Shutting down and abandoning module SettingsEditor (694)
[2025.12.16-21.44.58:298][647]LogModuleManager: Shutting down and abandoning module ProjectLauncher (692)
[2025.12.16-21.44.58:298][647]LogModuleManager: Shutting down and abandoning module SessionFrontend (690)
[2025.12.16-21.44.58:298][647]LogModuleManager: Shutting down and abandoning module ProfilerClient (688)
[2025.12.16-21.44.58:298][647]LogModuleManager: Shutting down and abandoning module DeviceManager (686)
[2025.12.16-21.44.58:298][647]LogModuleManager: Shutting down and abandoning module TargetDeviceServices (685)
[2025.12.16-21.44.58:331][647]LogModuleManager: Shutting down and abandoning module AutomationController (682)
[2025.12.16-21.44.58:331][647]LogModuleManager: Shutting down and abandoning module AutomationWindow (680)
[2025.12.16-21.44.58:331][647]LogModuleManager: Shutting down and abandoning module Layers (678)
[2025.12.16-21.44.58:331][647]LogModuleManager: Shutting down and abandoning module ComponentVisualizers (676)
[2025.12.16-21.44.58:331][647]LogModuleManager: Shutting down and abandoning module DetailCustomizations (674)
[2025.12.16-21.44.58:331][647]LogModuleManager: Shutting down and abandoning module PackagesDialog (672)
[2025.12.16-21.44.58:331][647]LogModuleManager: Shutting down and abandoning module AnimationBlueprintEditor (670)
[2025.12.16-21.44.58:331][647]LogModuleManager: Shutting down and abandoning module Persona (668)
[2025.12.16-21.44.58:331][647]LogModuleManager: Shutting down and abandoning module AdvancedPreviewScene (667)
[2025.12.16-21.44.58:331][647]LogModuleManager: Shutting down and abandoning module AnimGraph (665)
[2025.12.16-21.44.58:331][647]LogModuleManager: Shutting down and abandoning module Kismet (662)
[2025.12.16-21.44.58:332][647]LogModuleManager: Shutting down and abandoning module KismetWidgets (661)
[2025.12.16-21.44.58:332][647]LogModuleManager: Shutting down and abandoning module GraphEditor (658)
[2025.12.16-21.44.58:332][647]LogModuleManager: Shutting down and abandoning module StructViewer (656)
[2025.12.16-21.44.58:332][647]LogModuleManager: Shutting down and abandoning module ClassViewer (654)
[2025.12.16-21.44.58:332][647]LogModuleManager: Shutting down and abandoning module Toolbox (652)
[2025.12.16-21.44.58:332][647]LogModuleManager: Shutting down and abandoning module ModuleUI (650)
[2025.12.16-21.44.58:332][647]LogModuleManager: Shutting down and abandoning module OutputLog (648)
[2025.12.16-21.44.58:332][647]LogModuleManager: Shutting down and abandoning module GammaUI (646)
[2025.12.16-21.44.58:332][647]LogModuleManager: Shutting down and abandoning module Documentation (644)
[2025.12.16-21.44.58:332][647]LogModuleManager: Shutting down and abandoning module LiveCoding (642)
[2025.12.16-21.44.58:333][647]LogModuleManager: Shutting down and abandoning module LevelSequence (640)
[2025.12.16-21.44.58:333][647]LogModuleManager: Shutting down and abandoning module MovieSceneTracks (638)
[2025.12.16-21.44.58:333][647]LogModuleManager: Shutting down and abandoning module MovieScene (636)
[2025.12.16-21.44.58:333][647]LogModuleManager: Shutting down and abandoning module StreamingPauseRendering (634)
[2025.12.16-21.44.58:333][647]LogModuleManager: Shutting down and abandoning module LauncherPlatform (632)
[2025.12.16-21.44.58:333][647]LogModuleManager: Shutting down and abandoning module AnalyticsET (630)
[2025.12.16-21.44.58:333][647]LogModuleManager: Shutting down and abandoning module PortalServices (628)
[2025.12.16-21.44.58:333][647]LogModuleManager: Shutting down and abandoning module PortalRpc (626)
[2025.12.16-21.44.58:333][647]LogModuleManager: Shutting down and abandoning module MessagingRpc (624)
[2025.12.16-21.44.58:333][647]LogModuleManager: Shutting down and abandoning module AudioMixerXAudio2 (622)
[2025.12.16-21.44.58:333][647]LogModuleManager: Shutting down and abandoning module AudioMixerCore (621)
[2025.12.16-21.44.58:333][647]LogModuleManager: Shutting down and abandoning module AIModule (618)
[2025.12.16-21.44.58:333][647]LogModuleManager: Shutting down and abandoning module GameplayDebugger (617)
[2025.12.16-21.44.58:333][647]LogModuleManager: Shutting down and abandoning module AITestSuite (615)
[2025.12.16-21.44.58:333][647]LogModuleManager: Shutting down and abandoning module NavigationSystem (613)
[2025.12.16-21.44.58:333][647]LogModuleManager: Shutting down and abandoning module ImageWriteQueue (610)
[2025.12.16-21.44.58:347][647]LogModuleManager: Shutting down and abandoning module ProfilerService (608)
[2025.12.16-21.44.58:375][647]LogModuleManager: Shutting down and abandoning module TaskGraph (606)
[2025.12.16-21.44.58:375][647]LogModuleManager: Shutting down and abandoning module AudioSynesthesiaEditor (604)
[2025.12.16-21.44.58:375][647]LogModuleManager: Shutting down and abandoning module OculusEditor (602)
[2025.12.16-21.44.58:376][647]LogModuleManager: Shutting down and abandoning module OculusInput (600)
[2025.12.16-21.44.58:376][647]LogModuleManager: Shutting down and abandoning module ContentBrowserFileDataSource (598)
[2025.12.16-21.44.58:376][647]LogModuleManager: Shutting down and abandoning module ContentBrowserClassDataSource (596)
[2025.12.16-21.44.58:376][647]LogModuleManager: Shutting down and abandoning module ContentBrowserAssetDataSource (594)
[2025.12.16-21.44.58:376][647]LogModuleManager: Shutting down and abandoning module CollectionManager (593)
[2025.12.16-21.44.58:376][647]LogModuleManager: Shutting down and abandoning module TakeSequencer (590)
[2025.12.16-21.44.58:376][647]LogModuleManager: Shutting down and abandoning module TakeMovieScene (588)
[2025.12.16-21.44.58:376][647]LogModuleManager: Shutting down and abandoning module SynthesisEditor (586)
[2025.12.16-21.44.58:376][647]LogModuleManager: Shutting down and abandoning module Synthesis (584)
[2025.12.16-21.44.58:376][647]LogModuleManager: Shutting down and abandoning module ProceduralMeshComponentEditor (582)
[2025.12.16-21.44.58:377][647]LogModuleManager: Shutting down and abandoning module ProceduralMeshComponent (580)
[2025.12.16-21.44.58:377][647]LogModuleManager: Shutting down and abandoning module OpenXREditor (578)
[2025.12.16-21.44.58:377][647]LogModuleManager: Shutting down and abandoning module MobilePatchingUtils (576)
[2025.12.16-21.44.58:377][647]LogModuleManager: Shutting down and abandoning module GooglePAD (574)
[2025.12.16-21.44.58:377][647]LogModuleManager: Shutting down and abandoning module ScreenshotTools (572)
[2025.12.16-21.44.58:377][647]LogModuleManager: Shutting down and abandoning module EditableMesh (570)
[2025.12.16-21.44.58:377][647]LogModuleManager: Shutting down and abandoning module CustomMeshComponent (568)
[2025.12.16-21.44.58:377][647]LogModuleManager: Shutting down and abandoning module AudioCapture (566)
[2025.12.16-21.44.58:377][647]LogModuleManager: Shutting down and abandoning module AudioCaptureRtAudio (565)
[2025.12.16-21.44.58:377][647]LogModuleManager: Shutting down and abandoning module CableComponent (562)
[2025.12.16-21.44.58:377][647]LogModuleManager: Shutting down and abandoning module ArchVisCharacter (560)
[2025.12.16-21.44.58:377][647]LogModuleManager: Shutting down and abandoning module AssetTags (558)
[2025.12.16-21.44.58:377][647]LogModuleManager: Shutting down and abandoning module AndroidPermission (556)
[2025.12.16-21.44.58:377][647]LogModuleManager: Shutting down and abandoning module AppleImageUtilsBlueprintSupport (554)
[2025.12.16-21.44.58:377][647]LogModuleManager: Shutting down and abandoning module AppleImageUtils (552)
[2025.12.16-21.44.58:377][647]LogModuleManager: Shutting down and abandoning module ActorLayerUtilitiesEditor (550)
[2025.12.16-21.44.58:377][647]LogModuleManager: Shutting down and abandoning module ActorLayerUtilities (548)
[2025.12.16-21.44.58:377][647]LogModuleManager: Shutting down and abandoning module TemplateSequence (546)
[2025.12.16-21.44.58:377][647]LogModuleManager: Shutting down and abandoning module MediaCompositing (544)
[2025.12.16-21.44.58:377][647]LogModuleManager: Shutting down and abandoning module ImgMedia (542)
[2025.12.16-21.44.58:377][647]LogModuleManager: Shutting down and abandoning module NiagaraEditorWidgets (540)
[2025.12.16-21.44.58:377][647]LogModuleManager: Shutting down and abandoning module MagicLeapSharedWorld (538)
[2025.12.16-21.44.58:377][647]LogModuleManager: Shutting down and abandoning module MagicLeapLightEstimation (536)
[2025.12.16-21.44.58:377][647]LogModuleManager: Shutting down and abandoning module MagicLeapHelperVulkan (534)
[2025.12.16-21.44.58:377][647]LogModuleManager: Shutting down and abandoning module MagicLeapHelperOpenGL (532)
[2025.12.16-21.44.58:377][647]LogModuleManager: Shutting down and abandoning module MagicLeapAudio (530)
[2025.12.16-21.44.58:377][647]LogModuleManager: Shutting down and abandoning module OpenImageDenoise (528)
[2025.12.16-21.44.58:377][647]LogOpenImageDenoise: OIDN shutting down
[2025.12.16-21.44.58:377][647]LogModuleManager: Shutting down and abandoning module MotoSynthEditor (526)
[2025.12.16-21.44.58:377][647]LogModuleManager: Shutting down and abandoning module MotoSynth (524)
[2025.12.16-21.44.58:377][647]LogModuleManager: Shutting down and abandoning module MeshConversion (522)
[2025.12.16-21.44.58:377][647]LogModuleManager: Shutting down and abandoning module DynamicMesh (520)
[2025.12.16-21.44.58:377][647]LogModuleManager: Shutting down and abandoning module GeometryAlgorithms (518)
[2025.12.16-21.44.58:377][647]LogModuleManager: Shutting down and abandoning module GeometricObjects (516)
[2025.12.16-21.44.58:377][647]LogModuleManager: Shutting down and abandoning module GeometryCollectionTracks (514)
[2025.12.16-21.44.58:377][647]LogModuleManager: Shutting down and abandoning module GeometryCollectionSequencer (513)
[2025.12.16-21.44.58:377][647]LogModuleManager: Shutting down and abandoning module GeometryCollectionEditor (510)
[2025.12.16-21.44.58:377][647]LogModuleManager: Shutting down and abandoning module GeometryCacheTracks (508)
[2025.12.16-21.44.58:377][647]LogModuleManager: Shutting down and abandoning module GeometryCacheStreamer (506)
[2025.12.16-21.44.58:377][647]LogModuleManager: Shutting down and abandoning module GeometryCacheSequencer (504)
[2025.12.16-21.44.58:377][647]LogModuleManager: Shutting down and abandoning module VisualStudioSourceCodeAccess (502)
[2025.12.16-21.44.58:377][647]LogModuleManager: Shutting down and abandoning module VisualStudioCodeSourceCodeAccess (500)
[2025.12.16-21.44.58:377][647]LogModuleManager: Shutting down and abandoning module UObjectPlugin (498)
[2025.12.16-21.44.58:377][647]LogModuleManager: Shutting down and abandoning module RiderSourceCodeAccess (496)
[2025.12.16-21.44.58:377][647]LogModuleManager: Shutting down and abandoning module SubversionSourceControl (494)
[2025.12.16-21.44.58:377][647]LogModuleManager: Shutting down and abandoning module PluginUtils (492)
[2025.12.16-21.44.58:377][647]LogModuleManager: Shutting down and abandoning module PlasticSourceControl (490)
[2025.12.16-21.44.58:377][647]LogModuleManager: Shutting down and abandoning module PerforceSourceControl (488)
[2025.12.16-21.44.58:377][647]LogModuleManager: Shutting down and abandoning module GitSourceControl (486)
[2025.12.16-21.44.58:377][647]LogModuleManager: Shutting down and abandoning module SourceControl (485)
[2025.12.16-21.44.58:377][647]LogModuleManager: Shutting down and abandoning module CLionSourceCodeAccess (482)
[2025.12.16-21.44.58:377][647]LogModuleManager: Shutting down and abandoning module SpeedTreeImporter (480)
[2025.12.16-21.44.58:377][647]LogModuleManager: Shutting down and abandoning module PluginBrowser (478)
[2025.12.16-21.44.58:377][647]LogModuleManager: Shutting down and abandoning module MobileLauncherProfileWizard (476)
[2025.12.16-21.44.58:377][647]LogModuleManager: Shutting down and abandoning module MaterialAnalyzer (474)
[2025.12.16-21.44.58:377][647]LogModuleManager: Shutting down and abandoning module CurveEditorTools (472)
[2025.12.16-21.44.58:377][647]LogModuleManager: Shutting down and abandoning module CryptoKeysOpenSSL (470)
[2025.12.16-21.44.58:377][647]LogModuleManager: Shutting down and abandoning module CryptoKeys (468)
[2025.12.16-21.44.58:377][647]LogModuleManager: Shutting down and abandoning module AnimationSharingEd (466)
[2025.12.16-21.44.58:377][647]LogModuleManager: Shutting down and abandoning module ChaosSolverEditor (464)
[2025.12.16-21.44.58:378][647]LogModuleManager: Shutting down and abandoning module FractureEditor (462)
[2025.12.16-21.44.58:378][647]LogModuleManager: Shutting down and abandoning module ChaosNiagara (460)
[2025.12.16-21.44.58:378][647]LogModuleManager: Shutting down and abandoning module FieldSystemEngine (459)
[2025.12.16-21.44.58:378][647]LogModuleManager: Shutting down and abandoning module ChaosClothEditor (456)
[2025.12.16-21.44.58:378][647]LogModuleManager: Shutting down and abandoning module BackChannel (454)
[2025.12.16-21.44.58:378][647]LogModuleManager: Shutting down and abandoning module AutomationUtilsEditor (452)
[2025.12.16-21.44.58:378][647]LogModuleManager: Shutting down and abandoning module AutomationUtils (450)
[2025.12.16-21.44.58:378][647]LogModuleManager: Shutting down and abandoning module VariantManagerContentEditor (448)
[2025.12.16-21.44.58:378][647]LogModuleManager: Shutting down and abandoning module AlembicImporter (446)
[2025.12.16-21.44.58:378][647]LogModuleManager: Shutting down and abandoning module AlembicLibrary (445)
[2025.12.16-21.44.58:378][647]LogModuleManager: Shutting down and abandoning module GeometryCache (444)
[2025.12.16-21.44.58:378][647]LogModuleManager: Shutting down and abandoning module GeometryCacheEd (443)
[2025.12.16-21.44.58:378][647]LogModuleManager: Shutting down and abandoning module DatasmithContentEditor (438)
[2025.12.16-21.44.58:378][647]LogModuleManager: Shutting down and abandoning module OodleNetworkHandlerComponent (436)
[2025.12.16-21.44.58:378][647]LogModuleManager: Shutting down and abandoning module LightPropagationVolumeEditor (434)
[2025.12.16-21.44.58:378][647]LogModuleManager: Shutting down and abandoning module LiveLinkSequencer (432)
[2025.12.16-21.44.58:378][647]LogModuleManager: Shutting down and abandoning module LiveLinkMovieScene (430)
[2025.12.16-21.44.58:378][647]LogModuleManager: Shutting down and abandoning module LiveLinkGraphNode (428)
[2025.12.16-21.44.58:378][647]LogModuleManager: Shutting down and abandoning module LiveLinkEditor (426)
[2025.12.16-21.44.58:378][647]LogModuleManager: Shutting down and abandoning module LiveLinkComponents (424)
[2025.12.16-21.44.58:378][647]LogModuleManager: Shutting down and abandoning module LiveLink (422)
[2025.12.16-21.44.59:125][647]LogModuleManager: Shutting down and abandoning module PaperTiledImporter (420)
[2025.12.16-21.44.59:125][647]LogModuleManager: Shutting down and abandoning module PaperSpriteSheetImporter (418)
[2025.12.16-21.44.59:125][647]LogModuleManager: Shutting down and abandoning module Paper2DEditor (416)
[2025.12.16-21.44.59:125][647]LogModuleManager: Shutting down and abandoning module MeshPaintingToolset (414)
[2025.12.16-21.44.59:125][647]LogModuleManager: Shutting down and abandoning module MeshPaintEditorMode (412)
[2025.12.16-21.44.59:125][647]LogModuleManager: Shutting down and abandoning module SoundFields (410)
[2025.12.16-21.44.59:125][647]LogModuleManager: Shutting down and abandoning module SignificanceManager (408)
[2025.12.16-21.44.59:125][647]LogModuleManager: Shutting down and abandoning module RuntimePhysXCooking (406)
[2025.12.16-21.44.59:125][647]LogModuleManager: Shutting down and abandoning module PropertyAccessEditor (404)
[2025.12.16-21.44.59:125][647]LogModuleManager: Shutting down and abandoning module PhysXVehiclesEditor (402)
[2025.12.16-21.44.59:125][647]LogModuleManager: Shutting down and abandoning module LocationServicesBPLibrary (398)
[2025.12.16-21.44.59:125][647]LogModuleManager: Shutting down and abandoning module AudioSynesthesia (396)
[2025.12.16-21.44.59:125][647]LogModuleManager: Shutting down and abandoning module AudioSynesthesiaCore (394)
[2025.12.16-21.44.59:125][647]LogModuleManager: Shutting down and abandoning module ActorSequence (392)
[2025.12.16-21.44.59:125][647]LogModuleManager: Shutting down and abandoning module TcpMessaging (390)
[2025.12.16-21.44.59:225][647]LogModuleManager: Shutting down and abandoning module UdpMessaging (388)
[2025.12.16-21.44.59:326][647]LogModuleManager: Shutting down and abandoning module ImgMediaEngine (386)
[2025.12.16-21.44.59:326][647]LogModuleManager: Shutting down and abandoning module NiagaraAnimNotifies (384)
[2025.12.16-21.44.59:326][647]LogModuleManager: Shutting down and abandoning module Niagara (382)
[2025.12.16-21.44.59:326][647]LogModuleManager: Shutting down and abandoning module SignalProcessing (381)
[2025.12.16-21.44.59:326][647]LogModuleManager: Shutting down and abandoning module NiagaraEditor (379)
[2025.12.16-21.44.59:326][647]LogModuleManager: Shutting down and abandoning module NiagaraCore (376)
[2025.12.16-21.44.59:326][647]LogModuleManager: Shutting down and abandoning module MagicLeapARPin (374)
[2025.12.16-21.44.59:326][647]LogModuleManager: Shutting down and abandoning module MagicLeapHandMeshing (372)
[2025.12.16-21.44.59:326][647]LogModuleManager: Shutting down and abandoning module MagicLeapSecureStorage (370)
[2025.12.16-21.44.59:326][647]LogModuleManager: Shutting down and abandoning module MagicLeapPrivileges (368)
[2025.12.16-21.44.59:326][647]LogModuleManager: Shutting down and abandoning module MagicLeapPlanes (366)
[2025.12.16-21.44.59:326][647]LogMagicLeapPlanes: Planes tracker already destroyed.
[2025.12.16-21.44.59:326][647]LogModuleManager: Shutting down and abandoning module MagicLeapImageTracker (364)
[2025.12.16-21.44.59:326][647]LogModuleManager: Shutting down and abandoning module MagicLeapIdentity (362)
[2025.12.16-21.44.59:326][647]LogModuleManager: Shutting down and abandoning module MagicLeapHandTracking (360)
[2025.12.16-21.44.59:326][647]LogModuleManager: Shutting down and abandoning module MagicLeapEyeTracker (358)
[2025.12.16-21.44.59:328][647]LogModuleManager: Shutting down and abandoning module MagicLeapController (356)
[2025.12.16-21.44.59:328][647]LogModuleManager: Shutting down and abandoning module MagicLeapARPinImpl (354)
[2025.12.16-21.44.59:328][647]LogModuleManager: Shutting down and abandoning module MagicLeapAR (352)
[2025.12.16-21.44.59:328][647]LogModuleManager: Shutting down and abandoning module PythonScriptPlugin (350)
[2025.12.16-21.44.59:328][647]LogModuleManager: Shutting down and abandoning module PropertyAccessNode (348)
[2025.12.16-21.44.59:328][647]LogModuleManager: Shutting down and abandoning module FacialAnimationEditor (346)
[2025.12.16-21.44.59:328][647]LogModuleManager: Shutting down and abandoning module FacialAnimation (344)
[2025.12.16-21.44.59:328][647]LogModuleManager: Shutting down and abandoning module GameplayTagsEditor (342)
[2025.12.16-21.44.59:328][647]LogModuleManager: Shutting down and abandoning module DataValidation (340)
[2025.12.16-21.44.59:328][647]LogModuleManager: Shutting down and abandoning module AnimationSharing (338)
[2025.12.16-21.44.59:328][647]LogModuleManager: Shutting down and abandoning module AssetManagerEditor (336)
[2025.12.16-21.44.59:328][647]LogModuleManager: Shutting down and abandoning module LevelEditor (335)
[2025.12.16-21.44.59:331][647]LogModuleManager: Shutting down and abandoning module PixelInspectorModule (334)
[2025.12.16-21.44.59:331][647]LogModuleManager: Shutting down and abandoning module CommonMenuExtensions (332)
[2025.12.16-21.44.59:331][647]LogModuleManager: Shutting down and abandoning module MainFrame (330)
[2025.12.16-21.44.59:331][647]LogModuleManager: Shutting down and abandoning module HotReload (329)
[2025.12.16-21.44.59:332][647]LogModuleManager: Shutting down and abandoning module ToolMenus (325)
[2025.12.16-21.44.59:332][647]LogModuleManager: Shutting down and abandoning module ContentBrowser (323)
[2025.12.16-21.44.59:332][647]LogModuleManager: Shutting down and abandoning module ContentBrowserData (322)
[2025.12.16-21.44.59:332][647]LogModuleManager: Shutting down and abandoning module TreeMap (319)
[2025.12.16-21.44.59:332][647]LogModuleManager: Shutting down and abandoning module LightPropagationVolumeRuntime (316)
[2025.12.16-21.44.59:332][647]LogModuleManager: Shutting down and abandoning module GameplayCameras (314)
[2025.12.16-21.44.59:332][647]LogModuleManager: Shutting down and abandoning module EnvironmentQueryEditor (312)
[2025.12.16-21.44.59:332][647]LogModuleManager: Shutting down and abandoning module Paper2D (310)
[2025.12.16-21.44.59:332][647]LogModuleManager: Shutting down and abandoning module WindowsMoviePlayer (308)
[2025.12.16-21.44.59:333][647]LogModuleManager: Shutting down and abandoning module WebMMoviePlayer (306)
[2025.12.16-21.44.59:333][647]LogModuleManager: Shutting down and abandoning module NetworkReplayStreaming (304)
[2025.12.16-21.44.59:333][647]LogModuleManager: Shutting down and abandoning module PacketHandler (302)
[2025.12.16-21.44.59:334][647]LogModuleManager: Shutting down and abandoning module ClothingSystemEditor (300)
[2025.12.16-21.44.59:334][647]LogModuleManager: Shutting down and abandoning module ClothingSystemRuntimeNv (298)
[2025.12.16-21.44.59:334][647]LogModuleManager: Shutting down and abandoning module MediaAssets (296)
[2025.12.16-21.44.59:334][647]LogModuleManager: Shutting down and abandoning module Overlay (294)
[2025.12.16-21.44.59:334][647]LogModuleManager: Shutting down and abandoning module OverlayEditor (293)
[2025.12.16-21.44.59:334][647]LogModuleManager: Shutting down and abandoning module VREditor (290)
[2025.12.16-21.44.59:334][647]LogModuleManager: Shutting down and abandoning module StringTableEditor (288)
[2025.12.16-21.44.59:334][647]LogModuleManager: Shutting down and abandoning module GameplayTasksEditor (286)
[2025.12.16-21.44.59:334][647]LogModuleManager: Shutting down and abandoning module BehaviorTreeEditor (284)
[2025.12.16-21.44.59:334][647]LogModuleManager: Shutting down and abandoning module FunctionalTesting (282)
[2025.12.16-21.44.59:334][647]LogModuleManager: Shutting down and abandoning module CollisionAnalyzer (280)
[2025.12.16-21.44.59:334][647]LogModuleManager: Shutting down and abandoning module WorkspaceMenuStructure (279)
[2025.12.16-21.44.59:334][647]LogModuleManager: Shutting down and abandoning module UMG (276)
[2025.12.16-21.44.59:334][647]LogModuleManager: Shutting down and abandoning module UMGEditor (275)
[2025.12.16-21.44.59:334][647]LogModuleManager: Shutting down and abandoning module MessageLog (273)
[2025.12.16-21.44.59:334][647]LogModuleManager: Shutting down and abandoning module SlateReflector (268)
[2025.12.16-21.44.59:335][647]LogModuleManager: Shutting down and abandoning module Slate (266)
[2025.12.16-21.44.59:335][647]LogModuleManager: Shutting down and abandoning module SlateCore (264)
[2025.12.16-21.44.59:339][647]LogModuleManager: Shutting down and abandoning module LandscapeEditorUtilities (262)
[2025.12.16-21.44.59:339][647]LogModuleManager: Shutting down and abandoning module UnrealEd (260)
[2025.12.16-21.44.59:339][647]LogModuleManager: Shutting down and abandoning module MRMesh (258)
[2025.12.16-21.44.59:339][647]LogModuleManager: Shutting down and abandoning module SourceCodeAccess (256)
[2025.12.16-21.44.59:339][647]LogModuleManager: Shutting down and abandoning module HeadMountedDisplay (254)
[2025.12.16-21.44.59:339][647]LogModuleManager: Shutting down and abandoning module XAudio2 (252)
[2025.12.16-21.44.59:339][647]LogModuleManager: Shutting down and abandoning module Networking (250)
[2025.12.16-21.44.59:339][647]LogModuleManager: Shutting down and abandoning module Core (248)
[2025.12.16-21.44.59:339][647]LogModuleManager: Shutting down and abandoning module MaterialEditor (246)
[2025.12.16-21.44.59:339][647]LogModuleManager: Shutting down and abandoning module MovieSceneTools (244)
[2025.12.16-21.44.59:339][647]LogModuleManager: Shutting down and abandoning module CurveEditor (243)
[2025.12.16-21.44.59:339][647]LogModuleManager: Shutting down and abandoning module Sequencer (241)
[2025.12.16-21.44.59:340][647]LogModuleManager: Shutting down and abandoning module EditorStyle (240)
[2025.12.16-21.44.59:342][647]LogModuleManager: Shutting down and abandoning module KismetCompiler (236)
[2025.12.16-21.44.59:342][647]LogModuleManager: Shutting down and abandoning module MeshBuilder (234)
[2025.12.16-21.44.59:343][647]LogModuleManager: Shutting down and abandoning module MeshUtilities (232)
[2025.12.16-21.44.59:343][647]LogModuleManager: Shutting down and abandoning module MeshMergeUtilities (231)
[2025.12.16-21.44.59:343][647]LogModuleManager: Shutting down and abandoning module MeshReductionInterface (230)
[2025.12.16-21.44.59:343][647]LogModuleManager: Shutting down and abandoning module MeshBoneReduction (229)
[2025.12.16-21.44.59:343][647]LogModuleManager: Shutting down and abandoning module SkeletalMeshReduction (227)
[2025.12.16-21.44.59:343][647]LogModuleManager: Shutting down and abandoning module ProxyLODMeshReduction (225)
[2025.12.16-21.44.59:343][647]LogModuleManager: Shutting down and abandoning module QuadricMeshReduction (223)
[2025.12.16-21.44.59:343][647]LogModuleManager: Shutting down and abandoning module MaterialBaking (219)
[2025.12.16-21.44.59:343][647]LogModuleManager: Shutting down and abandoning module NullInstallBundleManager (214)
[2025.12.16-21.44.59:343][647]LogModuleManager: Shutting down and abandoning module DerivedDataCache (212)
[2025.12.16-21.44.59:343][647]LogModuleManager: Shutting down and abandoning module TargetPlatform (210)
[2025.12.16-21.44.59:343][647]LogModuleManager: Shutting down and abandoning module VulkanShaderFormat (209)
[2025.12.16-21.44.59:344][647]LogModuleManager: Shutting down and abandoning module ShaderFormatVectorVM (207)
[2025.12.16-21.44.59:344][647]LogModuleManager: Shutting down and abandoning module ShaderFormatOpenGL (205)
[2025.12.16-21.44.59:344][647]LogModuleManager: Shutting down and abandoning module ShaderFormatD3D (203)
[2025.12.16-21.44.59:344][647]LogModuleManager: Shutting down and abandoning module MetalShaderFormat (201)
[2025.12.16-21.44.59:344][647]LogModuleManager: Shutting down and abandoning module TextureFormatOodle (199)
[2025.12.16-21.44.59:344][647]LogModuleManager: Shutting down and abandoning module TextureFormatUncompressed (197)
[2025.12.16-21.44.59:344][647]LogModuleManager: Shutting down and abandoning module TextureFormatPVR (195)
[2025.12.16-21.44.59:344][647]LogModuleManager: Shutting down and abandoning module TextureFormatETC2 (193)
[2025.12.16-21.44.59:344][647]LogModuleManager: Shutting down and abandoning module TextureFormatDXT (191)
[2025.12.16-21.44.59:344][647]LogModuleManager: Shutting down and abandoning module TextureFormatIntelISPCTexComp (189)
[2025.12.16-21.44.59:344][647]LogModuleManager: Shutting down and abandoning module TextureFormatASTC (187)
[2025.12.16-21.44.59:344][647]LogModuleManager: Shutting down and abandoning module ImageWrapper (186)
[2025.12.16-21.44.59:344][647]LogModuleManager: Shutting down and abandoning module AudioFormatOpus (183)
[2025.12.16-21.44.59:344][647]LogModuleManager: Shutting down and abandoning module AudioFormatOgg (181)
[2025.12.16-21.44.59:344][647]LogModuleManager: Shutting down and abandoning module AudioFormatADPCM (179)
[2025.12.16-21.44.59:344][647]LogModuleManager: Shutting down and abandoning module WindowsServerTargetPlatform (177)
[2025.12.16-21.44.59:344][647]LogModuleManager: Shutting down and abandoning module WindowsClientTargetPlatform (175)
[2025.12.16-21.44.59:345][647]LogModuleManager: Shutting down and abandoning module WindowsTargetPlatform (173)
[2025.12.16-21.44.59:345][647]LogModuleManager: Shutting down and abandoning module WindowsNoEditorTargetPlatform (171)
[2025.12.16-21.44.59:345][647]LogModuleManager: Shutting down and abandoning module TVOSTargetPlatform (169)
[2025.12.16-21.44.59:346][647]LogModuleManager: Shutting down and abandoning module MacServerTargetPlatform (167)
[2025.12.16-21.44.59:346][647]LogModuleManager: Shutting down and abandoning module MacClientTargetPlatform (165)
[2025.12.16-21.44.59:346][647]LogModuleManager: Shutting down and abandoning module MacTargetPlatform (163)
[2025.12.16-21.44.59:346][647]LogModuleManager: Shutting down and abandoning module MacNoEditorTargetPlatform (161)
[2025.12.16-21.44.59:346][647]LogModuleManager: Shutting down and abandoning module LuminTargetPlatform (159)
[2025.12.16-21.44.59:348][647]LogModuleManager: Shutting down and abandoning module LinuxAArch64ServerTargetPlatform (157)
[2025.12.16-21.44.59:348][647]LogModuleManager: Shutting down and abandoning module LinuxAArch64ClientTargetPlatform (155)
[2025.12.16-21.44.59:348][647]LogModuleManager: Shutting down and abandoning module LinuxAArch64NoEditorTargetPlatform (153)
[2025.12.16-21.44.59:348][647]LogModuleManager: Shutting down and abandoning module LinuxServerTargetPlatform (151)
[2025.12.16-21.44.59:348][647]LogModuleManager: Shutting down and abandoning module LinuxClientTargetPlatform (149)
[2025.12.16-21.44.59:348][647]LogModuleManager: Shutting down and abandoning module LinuxNoEditorTargetPlatform (147)
[2025.12.16-21.44.59:348][647]LogModuleManager: Shutting down and abandoning module LinuxTargetPlatform (145)
[2025.12.16-21.44.59:348][647]LogModuleManager: Shutting down and abandoning module Messaging (143)
[2025.12.16-21.44.59:348][647]LogModuleManager: Shutting down and abandoning module IOSTargetPlatform (141)
[2025.12.16-21.44.59:350][647]LogModuleManager: Shutting down and abandoning module AndroidTargetPlatform (139)
[2025.12.16-21.44.59:357][647]LogModuleManager: Shutting down and abandoning module AllDesktopTargetPlatform (137)
[2025.12.16-21.44.59:357][647]LogModuleManager: Shutting down and abandoning module D3D11RHI (134)
[2025.12.16-21.44.59:357][647]LogModuleManager: Shutting down and abandoning module InputCore (132)
[2025.12.16-21.44.59:357][647]LogModuleManager: Shutting down and abandoning module Settings (130)
[2025.12.16-21.44.59:357][647]LogModuleManager: Shutting down and abandoning module DirectoryWatcher (128)
[2025.12.16-21.44.59:357][647]LogModuleManager: Shutting down and abandoning module PhysXCooking (126)
[2025.12.16-21.44.59:357][647]LogModuleManager: Shutting down and abandoning module Chaos (124)
[2025.12.16-21.44.59:357][647]LogModuleManager: Shutting down and abandoning module WindowsPlatformFeatures (122)
[2025.12.16-21.44.59:357][647]LogModuleManager: Shutting down and abandoning module GameplayMediaEncoder (121)
[2025.12.16-21.44.59:357][647]LogModuleManager: Shutting down and abandoning module AVEncoder (120)
[2025.12.16-21.44.59:357][647]LogModuleManager: Shutting down and abandoning module SteamVRInputDevice (116)
[2025.12.16-21.44.59:357][647]LogModuleManager: Shutting down and abandoning module SteamVRInput (114)
[2025.12.16-21.44.59:357][647]LogModuleManager: Shutting down and abandoning module SteamVR (112)
[2025.12.16-21.44.59:357][647]LogHMD: Freeing OpenVRDLLHandle.
[2025.12.16-21.44.59:357][647]LogModuleManager: Shutting down and abandoning module OculusHMD (110)
[2025.12.16-21.44.59:357][647]LogModuleManager: Shutting down and abandoning module OpenXRHandTracking (108)
[2025.12.16-21.44.59:358][647]LogSlate: Slate User Destroyed.  User Index 0, Is Virtual User: 0
[2025.12.16-21.44.59:358][647]LogModuleManager: Shutting down and abandoning module OpenXREyeTracker (106)
[2025.12.16-21.44.59:358][647]LogModuleManager: Shutting down and abandoning module OpenXRAR (104)
[2025.12.16-21.44.59:358][647]LogModuleManager: Shutting down and abandoning module AugmentedReality (103)
[2025.12.16-21.44.59:358][647]LogModuleManager: Shutting down and abandoning module OpenXRHMD (100)
[2025.12.16-21.44.59:359][647]LogModuleManager: Shutting down and abandoning module ExampleDeviceProfileSelector (98)
[2025.12.16-21.44.59:359][647]LogModuleManager: Shutting down and abandoning module ChunkDownloader (96)
[2025.12.16-21.44.59:359][647]LogModuleManager: Shutting down and abandoning module LauncherChunkInstaller (94)
[2025.12.16-21.44.59:359][647]LogModuleManager: Shutting down and abandoning module OnlineBlueprintSupport (92)
[2025.12.16-21.44.59:359][647]LogModuleManager: Shutting down and abandoning module OnlineSubsystem (88)
[2025.12.16-21.44.59:362][647]LogModuleManager: Shutting down and abandoning module XMPP (83)
[2025.12.16-21.44.59:362][647]LogModuleManager: Shutting down and abandoning module WebSockets (82)
[2025.12.16-21.44.59:378][647]LogModuleManager: Shutting down and abandoning module HTTP (79)
[2025.12.16-21.44.59:378][647]LogHttp: Display: Http module shutting down, but needs to wait on 1 outstanding Http requests:
[2025.12.16-21.44.59:378][647]LogHttp: Display: 	verb=[POST] url=[https://datarouter.ol.epicgames.com/datarouter/api/v1/public/data?SessionID=%7BE5D86E31-4367-8BCB-180C-BD9B154532DB%7D&AppID=UEEditor.Rocket.Release&AppVersion=4.27.2-18319896%2B%2B%2BUE4%2BRelease-4.27&UserID=7b83658d48895a4a9156acb9207522bf%7C460cba60c5e74658afe364f0ea51f614%7Cbf6e2cad-2029-4761-9a4a-0e56c7890fd3&AppEnvironment=datacollector-binary&UploadType=eteventstream] refs=[1] status=Processing
[2025.12.16-21.44.59:378][647]LogHttp: Display: cleaning up 1 outstanding Http requests.
[2025.12.16-21.44.59:391][647]LogModuleManager: Shutting down and abandoning module SSL (78)
[2025.12.16-21.44.59:392][647]LogModuleManager: Shutting down and abandoning module WmfMedia (74)
[2025.12.16-21.44.59:395][647]LogModuleManager: Shutting down and abandoning module Media (73)
[2025.12.16-21.44.59:396][647]LogModuleManager: Shutting down and abandoning module MediaInfo (72)
[2025.12.16-21.44.59:396][647]LogModuleManager: Shutting down and abandoning module ExrReaderGpu (68)
[2025.12.16-21.44.59:396][647]LogModuleManager: Shutting down and abandoning module MLSDK (66)
[2025.12.16-21.44.59:396][647]LogModuleManager: Shutting down and abandoning module NiagaraVertexFactories (64)
[2025.12.16-21.44.59:396][647]LogModuleManager: Shutting down and abandoning module NiagaraShader (62)
[2025.12.16-21.44.59:396][647]LogModuleManager: Shutting down and abandoning module MagicLeap (60)
[2025.12.16-21.44.59:396][647]LogModuleManager: Shutting down and abandoning module PixWinPlugin (58)
[2025.12.16-21.44.59:396][647]LogModuleManager: Shutting down and abandoning module ChaosCloth (56)
[2025.12.16-21.44.59:396][647]LogModuleManager: Shutting down and abandoning module VariantManagerContent (54)
[2025.12.16-21.44.59:396][647]LogModuleManager: Shutting down and abandoning module DatasmithContent (52)
[2025.12.16-21.44.59:397][647]LogModuleManager: Shutting down and abandoning module AISupportModule (50)
[2025.12.16-21.44.59:397][647]LogModuleManager: Shutting down and abandoning module DesktopPlatform (48)
[2025.12.16-21.44.59:397][647]LogModuleManager: Shutting down and abandoning module PythonScriptPluginPreload (46)
[2025.12.16-21.44.59:397][647]LogModuleManager: Shutting down and abandoning module PlatformCryptoOpenSSL (44)
[2025.12.16-21.44.59:397][647]LogModuleManager: Shutting down and abandoning module PlatformCryptoTypes (42)
[2025.12.16-21.44.59:397][647]LogModuleManager: Shutting down and abandoning module PlatformCrypto (40)
[2025.12.16-21.44.59:397][647]LogModuleManager: Shutting down and abandoning module OodleDataCompressionFormat (38)
[2025.12.16-21.44.59:397][647]LogModuleManager: Shutting down and abandoning module XGEController (36)
[2025.12.16-21.44.59:397][647]LogModuleManager: Shutting down and abandoning module AnimationModifiers (34)
[2025.12.16-21.44.59:397][647]LogModuleManager: Shutting down and abandoning module AudioEditor (32)
[2025.12.16-21.44.59:398][647]LogModuleManager: Shutting down and abandoning module PropertyEditor (31)
[2025.12.16-21.44.59:398][647]LogModuleManager: Shutting down and abandoning module TextureCompressor (28)
[2025.12.16-21.44.59:398][647]LogModuleManager: Shutting down and abandoning module RenderCore (26)
[2025.12.16-21.44.59:398][647]LogModuleManager: Shutting down and abandoning module Landscape (24)
[2025.12.16-21.44.59:398][647]LogModuleManager: Shutting down and abandoning module SlateRHIRenderer (22)
[2025.12.16-21.44.59:398][647]LogModuleManager: Shutting down and abandoning module AnimGraphRuntime (20)
[2025.12.16-21.44.59:398][647]LogModuleManager: Shutting down and abandoning module Renderer (18)
[2025.12.16-21.44.59:398][647]LogModuleManager: Shutting down and abandoning module Engine (16)
[2025.12.16-21.44.59:398][647]LogModuleManager: Shutting down and abandoning module CoreUObject (14)
[2025.12.16-21.44.59:398][647]LogModuleManager: Shutting down and abandoning module NetworkFile (12)
[2025.12.16-21.44.59:398][647]LogModuleManager: Shutting down and abandoning module CookedIterativeFile (10)
[2025.12.16-21.44.59:398][647]LogModuleManager: Shutting down and abandoning module StreamingFile (8)
[2025.12.16-21.44.59:398][647]LogModuleManager: Shutting down and abandoning module SandboxFile (6)
[2025.12.16-21.44.59:398][647]LogModuleManager: Shutting down and abandoning module PakFile (4)
[2025.12.16-21.44.59:398][647]LogModuleManager: Shutting down and abandoning module RSA (3)
[2025.12.16-21.44.59:413][647]LogContentStreaming: Display: There are 1 unreleased StreamingManagers
[2025.12.16-21.44.59:437][647]LogD3D11RHI: Shutdown
[2025.12.16-21.44.59:437][647]LogD3D11RHI: CleanupD3DDevice
[2025.12.16-21.44.59:442][647]LogD3D11RHI: Intel Extensions Framework unloaded
[2025.12.16-21.44.59:445][647]LogD3D11RHI: [IntelMetricsDiscovery] Stopped
[2025.12.16-21.44.59:445][647]LogExit: Exiting.
[2025.12.16-21.44.59:455][647]Log file closed, 12/16/25 22:44:59
