Log file open, 12/16/25 21:10:34
LogWindows: Failed to load 'aqProf.dll' (GetLastError=126)
LogWindows: File 'aqProf.dll' does not exist
LogWindows: Failed to load 'VtuneApi.dll' (GetLastError=126)
LogWindows: File 'VtuneApi.dll' does not exist
LogWindows: Failed to load 'VtuneApi32e.dll' (GetLastError=126)
LogWindows: File 'VtuneApi32e.dll' does not exist
LogConsoleResponse: Display: Failed to find resolution value strings in scalability ini. Falling back to default.
LogConsoleResponse: Display: Failed to find resolution value strings in scalability ini. Falling back to default.
LogInit: Display: Running engine for game: MarsMarine
LogPlatformFile: Not using cached read wrapper
LogTaskGraph: Started task graph with 5 named threads and 35 total threads with 3 sets of task threads.
LogStats: Stats thread started at 0.431230
LogICUInternationalization: ICU TimeZone Detection - Raw Offset: +1:00, Platform Override: ''
LogInit: Display: Loading text-based GConfig....
LogPluginManager: Mounting plugin MeshPainting
LogPluginManager: Mounting plugin XGEController
LogPluginManager: Mounting plugin Paper2D
LogPluginManager: Mounting plugin AISupport
LogPluginManager: Mounting plugin EnvironmentQueryEditor
LogPluginManager: Mounting plugin LiveLink
LogPluginManager: Mounting plugin CameraShakePreviewer
LogPluginManager: Mounting plugin OodleData
LogPluginManager: Mounting plugin GameplayCameras
LogPluginManager: Mounting plugin LightPropagationVolume
LogPluginManager: Mounting plugin OodleNetwork
LogPluginManager: Mounting plugin AnimationSharing
LogPluginManager: Mounting plugin GitSourceControl
LogPluginManager: Mounting plugin CodeLiteSourceCodeAccess
LogPluginManager: Mounting plugin CLionSourceCodeAccess
LogPluginManager: Mounting plugin NullSourceCodeAccess
LogPluginManager: Mounting plugin PerforceSourceControl
LogPluginManager: Mounting plugin PlasticSourceControl
LogPluginManager: Mounting plugin PixWinPlugin
LogPluginManager: Mounting plugin KDevelopSourceCodeAccess
LogPluginManager: Mounting plugin PluginUtils
LogPluginManager: Mounting plugin PropertyAccessNode
LogPluginManager: Mounting plugin SubversionSourceControl
LogPluginManager: Mounting plugin RiderSourceCodeAccess
LogPluginManager: Mounting plugin TextureFormatOodle
LogPluginManager: Mounting plugin VisualStudioSourceCodeAccess
LogPluginManager: Mounting plugin VisualStudioCodeSourceCodeAccess
LogPluginManager: Mounting plugin XCodeSourceCodeAccess
LogPluginManager: Mounting plugin UObjectPlugin
LogPluginManager: Mounting plugin DatasmithContent
LogPluginManager: Mounting plugin LuminPlatformFeatures
LogPluginManager: Mounting plugin VariantManagerContent
LogPluginManager: Mounting plugin MagicLeap
LogPluginManager: Mounting plugin MagicLeapLightEstimation
LogPluginManager: Mounting plugin MagicLeapMedia
LogPluginManager: Mounting plugin MagicLeapPassableWorld
LogPluginManager: Mounting plugin MLSDK
LogPluginManager: Mounting plugin AssetManagerEditor
LogPluginManager: Mounting plugin Niagara
LogPluginManager: Mounting plugin AlembicImporter
LogPluginManager: Mounting plugin AutomationUtils
LogPluginManager: Mounting plugin BackChannel
LogPluginManager: Mounting plugin ChaosCloth
LogPluginManager: Mounting plugin ChaosClothEditor
LogPluginManager: Mounting plugin ChaosNiagara
LogPluginManager: Mounting plugin ChaosEditor
LogPluginManager: Mounting plugin ChaosSolverPlugin
LogPluginManager: Mounting plugin CharacterAI
LogPluginManager: Mounting plugin AndroidMedia
LogPluginManager: Mounting plugin AvfMedia
LogPluginManager: Mounting plugin ImgMedia
LogPluginManager: Mounting plugin MediaCompositing
LogPluginManager: Mounting plugin WebMMedia
LogPluginManager: Mounting plugin WmfMedia
LogPluginManager: Mounting plugin GeometryCache
LogPluginManager: Mounting plugin GeometryCollectionPlugin
LogPluginManager: Mounting plugin GeometryProcessing
LogPluginManager: Mounting plugin MediaPlayerEditor
LogPluginManager: Mounting plugin TcpMessaging
LogPluginManager: Mounting plugin UdpMessaging
LogPluginManager: Mounting plugin MotoSynth
LogPluginManager: Mounting plugin OpenImageDenoise
LogPluginManager: Mounting plugin PlanarCut
LogPluginManager: Mounting plugin ProxyLODPlugin
LogPluginManager: Mounting plugin PlatformCrypto
LogPluginManager: Mounting plugin PythonScriptPlugin
LogPluginManager: Mounting plugin SkeletalReduction
LogPluginManager: Mounting plugin LevelSequenceEditor
LogPluginManager: Mounting plugin MatineeToLevelSequence
LogPluginManager: Mounting plugin ActorSequence
LogPluginManager: Mounting plugin TemplateSequence
LogPluginManager: Mounting plugin ActorLayerUtilities
LogPluginManager: Mounting plugin AndroidDeviceProfileSelector
LogPluginManager: Mounting plugin AndroidMoviePlayer
LogPluginManager: Mounting plugin AndroidPermission
LogPluginManager: Mounting plugin AppleImageUtils
LogPluginManager: Mounting plugin AppleMoviePlayer
LogPluginManager: Mounting plugin ArchVisCharacter
LogPluginManager: Mounting plugin CableComponent
LogPluginManager: Mounting plugin AudioCapture
LogPluginManager: Mounting plugin AudioSynesthesia
LogPluginManager: Mounting plugin AssetTags
LogPluginManager: Mounting plugin EditableMesh
LogPluginManager: Mounting plugin CustomMeshComponent
LogPluginManager: Mounting plugin ChunkDownloader
LogPluginManager: Mounting plugin ExampleDeviceProfileSelector
LogPluginManager: Mounting plugin GoogleCloudMessaging
LogPluginManager: Mounting plugin OnlineSubsystem
LogPluginManager: Mounting plugin GooglePAD
LogPluginManager: Mounting plugin LinuxDeviceProfileSelector
LogPluginManager: Mounting plugin LocationServicesBPLibrary
LogPluginManager: Mounting plugin IOSDeviceProfileSelector
LogPluginManager: Mounting plugin OnlineSubsystemNull
LogPluginManager: Mounting plugin OnlineSubsystemUtils
LogPluginManager: Mounting plugin MobilePatchingUtils
LogPluginManager: Mounting plugin OpenXR
LogPluginManager: Mounting plugin OpenXREyeTracker
LogPluginManager: Mounting plugin OpenXRHandTracking
LogPluginManager: Mounting plugin LauncherChunkInstaller
LogPluginManager: Mounting plugin PostSplashScreen
LogPluginManager: Mounting plugin ProceduralMeshComponent
LogPluginManager: Mounting plugin PhysXVehicles
LogPluginManager: Mounting plugin RuntimePhysXCooking
LogPluginManager: Mounting plugin PropertyAccessEditor
LogPluginManager: Mounting plugin SoundFields
LogPluginManager: Mounting plugin SignificanceManager
LogPluginManager: Mounting plugin Synthesis
LogPluginManager: Mounting plugin WebMMoviePlayer
LogPluginManager: Mounting plugin WindowsMoviePlayer
LogPluginManager: Mounting plugin ScreenshotTools
LogPluginManager: Mounting plugin Takes
LogPluginManager: Mounting plugin CryptoKeys
LogPluginManager: Mounting plugin GeometryMode
LogPluginManager: Mounting plugin CurveEditorTools
LogPluginManager: Mounting plugin FacialAnimation
LogPluginManager: Mounting plugin DataValidation
LogPluginManager: Mounting plugin MacGraphicsSwitching
LogPluginManager: Mounting plugin GameplayTagsEditor
LogPluginManager: Mounting plugin PluginBrowser
LogPluginManager: Mounting plugin MaterialAnalyzer
LogPluginManager: Mounting plugin MobileLauncherProfileWizard
LogPluginManager: Mounting plugin SpeedTreeImporter
LogPluginManager: Mounting plugin OnlineSubsystemGooglePlay
LogPluginManager: Mounting plugin OnlineSubsystemIOS
LogPluginManager: Mounting plugin OculusVR
LogPluginManager: Mounting plugin SteamVR
LogPluginManager: Mounting plugin ContentBrowserAssetDataSource
LogPluginManager: Mounting plugin ContentBrowserClassDataSource
LogPluginManager: Mounting plugin ContentBrowserFileDataSource
PixWinPlugin: PIX capture plugin failed to initialize! Check that the process is launched from PIX.
LogInit: Using libcurl 7.55.1-DEV
LogInit:  - built for x86_64-pc-win32
LogInit:  - supports SSL with OpenSSL/1.1.1
LogInit:  - supports HTTP deflate (compression) using libz 1.2.8
LogInit:  - other features:
LogInit:      CURL_VERSION_SSL
LogInit:      CURL_VERSION_LIBZ
LogInit:      CURL_VERSION_IPV6
LogInit:      CURL_VERSION_ASYNCHDNS
LogInit:      CURL_VERSION_LARGEFILE
LogInit:      CURL_VERSION_IDN
LogInit:  CurlRequestOptions (configurable via config and command line):
LogInit:  - bVerifyPeer = true  - Libcurl will verify peer certificate
LogInit:  - bUseHttpProxy = false  - Libcurl will NOT use HTTP proxy
LogInit:  - bDontReuseConnections = false  - Libcurl will reuse connections
LogInit:  - MaxHostConnections = 16  - Libcurl will limit the number of connections to a host
LogInit:  - LocalHostAddr = Default
LogInit:  - BufferSize = 65536
LogOnline: OSS: Creating online subsystem instance for: NULL
LogInit: WinSock: version 1.1 (2.2), MaxSocks=32767, MaxUdp=65467
LogOnline: OSS: TryLoadSubsystemAndSetDefault: Loaded subsystem for module [NULL]
LogOculusPluginWrapper: OculusPlugin initialized successfully
LogHMD: Failed initializing OVRPlugin 1.59.0
LogInit: Build: ++UE4+Release-4.27-CL-18319896
LogInit: Engine Version: 4.27.2-18319896+++UE4+Release-4.27
LogInit: Compatible Engine Version: 4.27.0-17155196+++UE4+Release-4.27
LogInit: Net CL: 17155196
LogInit: OS: Windows 10 (Release 2009) (), CPU: 12th Gen Intel(R) Core(TM) i5-1245U, GPU: Intel(R) Iris(R) Xe Graphics
LogInit: Compiled (64-bit): Nov 30 2021 07:12:08
LogInit: Compiled with Visual C++: 19.24.28315.00
LogInit: Build Configuration: Development
LogInit: Branch Name: ++UE4+Release-4.27
LogInit: Command Line:  -AUTH_LOGIN=unused -AUTH_PASSWORD=6b092c2a83124c96b21d8fd56d57c36c -AUTH_TYPE=exchangecode -epicapp=UE_4.27 -epicenv=Prod -EpicPortal -epicusername=cirarula -epicuserid=460cba60c5e74658afe364f0ea51f614 -epiclocale=pl -epicsandboxid=ue
LogInit: Base Directory: C:/Program Files/Epic Games/UE_4.27/Engine/Binaries/Win64/
LogInit: Allocator: TBB
LogInit: Installed Engine Build: 1
LogDevObjectVersion: Number of dev versions registered: 29
LogDevObjectVersion:   Dev-Blueprints (B0D832E4-1F89-4F0D-ACCF-7EB736FD4AA2): 10
LogDevObjectVersion:   Dev-Build (E1C64328-A22C-4D53-A36C-8E866417BD8C): 0
LogDevObjectVersion:   Dev-Core (375EC13C-06E4-48FB-B500-84F0262A717E): 4
LogDevObjectVersion:   Dev-Editor (E4B068ED-F494-42E9-A231-DA0B2E46BB41): 40
LogDevObjectVersion:   Dev-Framework (CFFC743F-43B0-4480-9391-14DF171D2073): 37
LogDevObjectVersion:   Dev-Mobile (B02B49B5-BB20-44E9-A304-32B752E40360): 3
LogDevObjectVersion:   Dev-Networking (A4E4105C-59A1-49B5-A7C5-40C4547EDFEE): 0
LogDevObjectVersion:   Dev-Online (39C831C9-5AE6-47DC-9A44-9C173E1C8E7C): 0
LogDevObjectVersion:   Dev-Physics (78F01B33-EBEA-4F98-B9B4-84EACCB95AA2): 14
LogDevObjectVersion:   Dev-Platform (6631380F-2D4D-43E0-8009-CF276956A95A): 0
LogDevObjectVersion:   Dev-Rendering (12F88B9F-8875-4AFC-A67C-D90C383ABD29): 45
LogDevObjectVersion:   Dev-Sequencer (7B5AE74C-D270-4C10-A958-57980B212A5A): 13
LogDevObjectVersion:   Dev-VR (D7296918-1DD6-4BDD-9DE2-64A83CC13884): 3
LogDevObjectVersion:   Dev-LoadTimes (C2A15278-BFE7-4AFE-6C17-90FF531DF755): 1
LogDevObjectVersion:   Private-Geometry (6EACA3D4-40EC-4CC1-B786-8BED09428FC5): 3
LogDevObjectVersion:   Dev-AnimPhys (29E575DD-E0A3-4627-9D10-D276232CDCEA): 17
LogDevObjectVersion:   Dev-Anim (AF43A65D-7FD3-4947-9873-3E8ED9C1BB05): 15
LogDevObjectVersion:   Dev-ReflectionCapture (6B266CEC-1EC7-4B8F-A30B-E4D90942FC07): 1
LogDevObjectVersion:   Dev-Automation (0DF73D61-A23F-47EA-B727-89E90C41499A): 1
LogDevObjectVersion:   FortniteMain (601D1886-AC64-4F84-AA16-D3DE0DEAC7D6): 47
LogDevObjectVersion:   FortniteRelease (E7086368-6B23-4C58-8439-1B7016265E91): 1
LogDevObjectVersion:   Dev-Enterprise (9DFFBCD6-494F-0158-E221-12823C92A888): 10
LogDevObjectVersion:   Dev-Niagara (F2AED0AC-9AFE-416F-8664-AA7FFA26D6FC): 1
LogDevObjectVersion:   Dev-Destruction (174F1F0B-B4C6-45A5-B13F-2EE8D0FB917D): 10
LogDevObjectVersion:   Dev-Physics-Ext (35F94A83-E258-406C-A318-09F59610247C): 41
LogDevObjectVersion:   Dev-PhysicsMaterial-Chaos (B68FC16E-8B1B-42E2-B453-215C058844FE): 1
LogDevObjectVersion:   Dev-CineCamera (B2E18506-4273-CFC2-A54E-F4BB758BBA07): 1
LogDevObjectVersion:   Dev-VirtualProduction (64F58936-FD1B-42BA-BA96-7289D5D0FA4E): 1
LogDevObjectVersion:   Dev-MediaFramework (6F0ED827-A609-4895-9C91-998D90180EA4): 2
LogInit: Presizing for max 25165824 objects, including 0 objects not considered by GC, pre-allocating 0 bytes for permanent pool.
LogConfig: Applying CVar settings from Section [/Script/Engine.StreamingSettings] File [C:/Rzeczy/gry/rok 2/MARIN/03_MarsMarine 4.27 — kopia/03_MarsMarine 4.27/Saved/Config/Windows/Engine.ini]
LogConfig: Setting CVar [[s.MinBulkDataSizeForAsyncLoading:131072]]
LogConfig: Setting CVar [[s.AsyncLoadingThreadEnabled:0]]
LogConfig: Setting CVar [[s.EventDrivenLoaderEnabled:1]]
LogConfig: Setting CVar [[s.WarnIfTimeLimitExceeded:0]]
LogConfig: Setting CVar [[s.TimeLimitExceededMultiplier:1.5]]
LogConfig: Setting CVar [[s.TimeLimitExceededMinTime:0.005]]
LogConfig: Setting CVar [[s.UseBackgroundLevelStreaming:1]]
LogConfig: Setting CVar [[s.PriorityAsyncLoadingExtraTime:15.0]]
LogConfig: Setting CVar [[s.LevelStreamingActorsUpdateTimeLimit:5.0]]
LogConfig: Setting CVar [[s.PriorityLevelStreamingActorsUpdateExtraTime:5.0]]
LogConfig: Setting CVar [[s.LevelStreamingComponentsRegistrationGranularity:10]]
LogConfig: Setting CVar [[s.UnregisterComponentsTimeLimit:1.0]]
LogConfig: Setting CVar [[s.LevelStreamingComponentsUnregistrationGranularity:5]]
LogConfig: Setting CVar [[s.FlushStreamingOnExit:1]]
LogInit: Object subsystem initialized
LogConfig: Setting CVar [[con.DebugEarlyDefault:1]]
LogConfig: Setting CVar [[r.setres:1280x720]]
[2025.12.16-20.10.35:154][  0]LogConfig: Setting CVar [[r.VSync:0]]
[2025.12.16-20.10.35:154][  0]LogConfig: Setting CVar [[r.RHICmdBypass:0]]
[2025.12.16-20.10.35:154][  0]LogConfig: Applying CVar settings from Section [/Script/Engine.RendererSettings] File [C:/Rzeczy/gry/rok 2/MARIN/03_MarsMarine 4.27 — kopia/03_MarsMarine 4.27/Saved/Config/Windows/Engine.ini]
[2025.12.16-20.10.35:154][  0]LogConfig: Setting CVar [[r.GPUCrashDebugging:0]]
[2025.12.16-20.10.35:154][  0]LogConfig: Applying CVar settings from Section [/Script/Engine.RendererOverrideSettings] File [C:/Rzeczy/gry/rok 2/MARIN/03_MarsMarine 4.27 — kopia/03_MarsMarine 4.27/Saved/Config/Windows/Engine.ini]
[2025.12.16-20.10.35:154][  0]LogConfig: Applying CVar settings from Section [/Script/Engine.StreamingSettings] File [C:/Rzeczy/gry/rok 2/MARIN/03_MarsMarine 4.27 — kopia/03_MarsMarine 4.27/Saved/Config/Windows/Engine.ini]
[2025.12.16-20.10.35:154][  0]LogConfig: Setting CVar [[s.MinBulkDataSizeForAsyncLoading:131072]]
[2025.12.16-20.10.35:154][  0]LogConfig: Setting CVar [[s.AsyncLoadingThreadEnabled:0]]
[2025.12.16-20.10.35:154][  0]LogConfig: Setting CVar [[s.EventDrivenLoaderEnabled:1]]
[2025.12.16-20.10.35:154][  0]LogConfig: Setting CVar [[s.WarnIfTimeLimitExceeded:0]]
[2025.12.16-20.10.35:154][  0]LogConfig: Setting CVar [[s.TimeLimitExceededMultiplier:1.5]]
[2025.12.16-20.10.35:154][  0]LogConfig: Setting CVar [[s.TimeLimitExceededMinTime:0.005]]
[2025.12.16-20.10.35:154][  0]LogConfig: Setting CVar [[s.UseBackgroundLevelStreaming:1]]
[2025.12.16-20.10.35:154][  0]LogConfig: Setting CVar [[s.PriorityAsyncLoadingExtraTime:15.0]]
[2025.12.16-20.10.35:154][  0]LogConfig: Setting CVar [[s.LevelStreamingActorsUpdateTimeLimit:5.0]]
[2025.12.16-20.10.35:154][  0]LogConfig: Setting CVar [[s.PriorityLevelStreamingActorsUpdateExtraTime:5.0]]
[2025.12.16-20.10.35:154][  0]LogConfig: Setting CVar [[s.LevelStreamingComponentsRegistrationGranularity:10]]
[2025.12.16-20.10.35:154][  0]LogConfig: Setting CVar [[s.UnregisterComponentsTimeLimit:1.0]]
[2025.12.16-20.10.35:154][  0]LogConfig: Setting CVar [[s.LevelStreamingComponentsUnregistrationGranularity:5]]
[2025.12.16-20.10.35:154][  0]LogConfig: Setting CVar [[s.FlushStreamingOnExit:1]]
[2025.12.16-20.10.35:154][  0]LogConfig: Applying CVar settings from Section [/Script/Engine.GarbageCollectionSettings] File [C:/Rzeczy/gry/rok 2/MARIN/03_MarsMarine 4.27 — kopia/03_MarsMarine 4.27/Saved/Config/Windows/Engine.ini]
[2025.12.16-20.10.35:154][  0]LogConfig: Setting CVar [[gc.MaxObjectsNotConsideredByGC:1]]
[2025.12.16-20.10.35:154][  0]LogConfig: Setting CVar [[gc.SizeOfPermanentObjectPool:0]]
[2025.12.16-20.10.35:154][  0]LogConfig: Setting CVar [[gc.FlushStreamingOnGC:0]]
[2025.12.16-20.10.35:154][  0]LogConfig: Setting CVar [[gc.NumRetriesBeforeForcingGC:10]]
[2025.12.16-20.10.35:154][  0]LogConfig: Setting CVar [[gc.AllowParallelGC:1]]
[2025.12.16-20.10.35:154][  0]LogConfig: Setting CVar [[gc.TimeBetweenPurgingPendingKillObjects:61.1]]
[2025.12.16-20.10.35:154][  0]LogConfig: Setting CVar [[gc.MaxObjectsInEditor:25165824]]
[2025.12.16-20.10.35:154][  0]LogConfig: Setting CVar [[gc.IncrementalBeginDestroyEnabled:1]]
[2025.12.16-20.10.35:154][  0]LogConfig: Setting CVar [[gc.CreateGCClusters:1]]
[2025.12.16-20.10.35:154][  0]LogConfig: Setting CVar [[gc.MinGCClusterSize:5]]
[2025.12.16-20.10.35:154][  0]LogConfig: Setting CVar [[gc.ActorClusteringEnabled:0]]
[2025.12.16-20.10.35:154][  0]LogConfig: Setting CVar [[gc.BlueprintClusteringEnabled:0]]
[2025.12.16-20.10.35:154][  0]LogConfig: Setting CVar [[gc.UseDisregardForGCOnDedicatedServers:0]]
[2025.12.16-20.10.35:154][  0]LogConfig: Setting CVar [[gc.MultithreadedDestructionEnabled:1]]
[2025.12.16-20.10.35:155][  0]LogConfig: Applying CVar settings from Section [/Script/Engine.NetworkSettings] File [C:/Rzeczy/gry/rok 2/MARIN/03_MarsMarine 4.27 — kopia/03_MarsMarine 4.27/Saved/Config/Windows/Engine.ini]
[2025.12.16-20.10.35:155][  0]LogConfig: Applying CVar settings from Section [/Script/UnrealEd.CookerSettings] File [C:/Rzeczy/gry/rok 2/MARIN/03_MarsMarine 4.27 — kopia/03_MarsMarine 4.27/Saved/Config/Windows/Engine.ini]
[2025.12.16-20.10.35:160][  0]LogConfig: Applying CVar settings from Section [ViewDistanceQuality@3] File [C:/Rzeczy/gry/rok 2/MARIN/03_MarsMarine 4.27 — kopia/03_MarsMarine 4.27/Saved/Config/Windows/Scalability.ini]
[2025.12.16-20.10.35:160][  0]LogConfig: Setting CVar [[r.SkeletalMeshLODBias:0]]
[2025.12.16-20.10.35:160][  0]LogConfig: Setting CVar [[r.ViewDistanceScale:1.0]]
[2025.12.16-20.10.35:160][  0]LogConfig: Applying CVar settings from Section [AntiAliasingQuality@3] File [C:/Rzeczy/gry/rok 2/MARIN/03_MarsMarine 4.27 — kopia/03_MarsMarine 4.27/Saved/Config/Windows/Scalability.ini]
[2025.12.16-20.10.35:160][  0]LogConfig: Setting CVar [[r.PostProcessAAQuality:4]]
[2025.12.16-20.10.35:160][  0]LogConfig: Applying CVar settings from Section [ShadowQuality@3] File [C:/Rzeczy/gry/rok 2/MARIN/03_MarsMarine 4.27 — kopia/03_MarsMarine 4.27/Saved/Config/Windows/Scalability.ini]
[2025.12.16-20.10.35:160][  0]LogConfig: Setting CVar [[r.LightFunctionQuality:1]]
[2025.12.16-20.10.35:160][  0]LogConfig: Setting CVar [[r.ShadowQuality:5]]
[2025.12.16-20.10.35:160][  0]LogConfig: Setting CVar [[r.Shadow.CSM.MaxCascades:10]]
[2025.12.16-20.10.35:160][  0]LogConfig: Setting CVar [[r.Shadow.MaxResolution:2048]]
[2025.12.16-20.10.35:160][  0]LogConfig: Setting CVar [[r.Shadow.MaxCSMResolution:2048]]
[2025.12.16-20.10.35:160][  0]LogConfig: Setting CVar [[r.Shadow.RadiusThreshold:0.01]]
[2025.12.16-20.10.35:160][  0]LogConfig: Setting CVar [[r.Shadow.DistanceScale:1.0]]
[2025.12.16-20.10.35:161][  0]LogConfig: Setting CVar [[r.Shadow.CSM.TransitionScale:1.0]]
[2025.12.16-20.10.35:161][  0]LogConfig: Setting CVar [[r.Shadow.PreShadowResolutionFactor:1.0]]
[2025.12.16-20.10.35:161][  0]LogConfig: Setting CVar [[r.DistanceFieldShadowing:1]]
[2025.12.16-20.10.35:161][  0]LogConfig: Setting CVar [[r.DistanceFieldAO:1]]
[2025.12.16-20.10.35:161][  0]LogConfig: Setting CVar [[r.AOQuality:2]]
[2025.12.16-20.10.35:161][  0]LogConfig: Setting CVar [[r.VolumetricFog:1]]
[2025.12.16-20.10.35:161][  0]LogConfig: Setting CVar [[r.VolumetricFog.GridPixelSize:8]]
[2025.12.16-20.10.35:161][  0]LogConfig: Setting CVar [[r.VolumetricFog.GridSizeZ:128]]
[2025.12.16-20.10.35:161][  0]LogConfig: Setting CVar [[r.VolumetricFog.HistoryMissSupersampleCount:4]]
[2025.12.16-20.10.35:161][  0]LogConfig: Setting CVar [[r.LightMaxDrawDistanceScale:1]]
[2025.12.16-20.10.35:161][  0]LogConfig: Setting CVar [[r.CapsuleShadows:1]]
[2025.12.16-20.10.35:161][  0]LogConfig: Applying CVar settings from Section [PostProcessQuality@3] File [C:/Rzeczy/gry/rok 2/MARIN/03_MarsMarine 4.27 — kopia/03_MarsMarine 4.27/Saved/Config/Windows/Scalability.ini]
[2025.12.16-20.10.35:161][  0]LogConfig: Setting CVar [[r.MotionBlurQuality:4]]
[2025.12.16-20.10.35:161][  0]LogConfig: Setting CVar [[r.AmbientOcclusionMipLevelFactor:0.4]]
[2025.12.16-20.10.35:161][  0]LogConfig: Setting CVar [[r.AmbientOcclusionMaxQuality:100]]
[2025.12.16-20.10.35:161][  0]LogConfig: Setting CVar [[r.AmbientOcclusionLevels:-1]]
[2025.12.16-20.10.35:161][  0]LogConfig: Setting CVar [[r.AmbientOcclusionRadiusScale:1.0]]
[2025.12.16-20.10.35:161][  0]LogConfig: Setting CVar [[r.DepthOfFieldQuality:2]]
[2025.12.16-20.10.35:161][  0]LogConfig: Setting CVar [[r.RenderTargetPoolMin:400]]
[2025.12.16-20.10.35:161][  0]LogConfig: Setting CVar [[r.LensFlareQuality:2]]
[2025.12.16-20.10.35:161][  0]LogConfig: Setting CVar [[r.SceneColorFringeQuality:1]]
[2025.12.16-20.10.35:161][  0]LogConfig: Setting CVar [[r.EyeAdaptationQuality:2]]
[2025.12.16-20.10.35:161][  0]LogConfig: Setting CVar [[r.BloomQuality:5]]
[2025.12.16-20.10.35:161][  0]LogConfig: Setting CVar [[r.FastBlurThreshold:100]]
[2025.12.16-20.10.35:161][  0]LogConfig: Setting CVar [[r.Upscale.Quality:3]]
[2025.12.16-20.10.35:161][  0]LogConfig: Setting CVar [[r.Tonemapper.GrainQuantization:1]]
[2025.12.16-20.10.35:161][  0]LogConfig: Setting CVar [[r.LightShaftQuality:1]]
[2025.12.16-20.10.35:161][  0]LogConfig: Setting CVar [[r.Filter.SizeScale:1]]
[2025.12.16-20.10.35:161][  0]LogConfig: Setting CVar [[r.Tonemapper.Quality:5]]
[2025.12.16-20.10.35:161][  0]LogConfig: Setting CVar [[r.DOF.Gather.AccumulatorQuality:1        ; higher gathering accumulator quality]]
[2025.12.16-20.10.35:161][  0]LogConfig: Setting CVar [[r.DOF.Gather.PostfilterMethod:1          ; Median3x3 postfilering method]]
[2025.12.16-20.10.35:161][  0]LogConfig: Setting CVar [[r.DOF.Gather.EnableBokehSettings:0       ; no bokeh simulation when gathering]]
[2025.12.16-20.10.35:161][  0]LogConfig: Setting CVar [[r.DOF.Gather.RingCount:4                 ; medium number of samples when gathering]]
[2025.12.16-20.10.35:161][  0]LogConfig: Setting CVar [[r.DOF.Scatter.ForegroundCompositing:1    ; additive foreground scattering]]
[2025.12.16-20.10.35:161][  0]LogConfig: Setting CVar [[r.DOF.Scatter.BackgroundCompositing:2    ; additive background scattering]]
[2025.12.16-20.10.35:161][  0]LogConfig: Setting CVar [[r.DOF.Scatter.EnableBokehSettings:1      ; bokeh simulation when scattering]]
[2025.12.16-20.10.35:161][  0]LogConfig: Setting CVar [[r.DOF.Scatter.MaxSpriteRatio:0.1         ; only a maximum of 10% of scattered bokeh]]
[2025.12.16-20.10.35:161][  0]LogConfig: Setting CVar [[r.DOF.Recombine.Quality:1                ; cheap slight out of focus]]
[2025.12.16-20.10.35:161][  0]LogConfig: Setting CVar [[r.DOF.Recombine.EnableBokehSettings:0    ; no bokeh simulation on slight out of focus]]
[2025.12.16-20.10.35:161][  0]LogConfig: Setting CVar [[r.DOF.TemporalAAQuality:1                ; more stable temporal accumulation]]
[2025.12.16-20.10.35:161][  0]LogConfig: Setting CVar [[r.DOF.Kernel.MaxForegroundRadius:0.025]]
[2025.12.16-20.10.35:161][  0]LogConfig: Setting CVar [[r.DOF.Kernel.MaxBackgroundRadius:0.025]]
[2025.12.16-20.10.35:161][  0]LogConfig: Applying CVar settings from Section [TextureQuality@3] File [C:/Rzeczy/gry/rok 2/MARIN/03_MarsMarine 4.27 — kopia/03_MarsMarine 4.27/Saved/Config/Windows/Scalability.ini]
[2025.12.16-20.10.35:161][  0]LogConfig: Setting CVar [[r.Streaming.MipBias:0]]
[2025.12.16-20.10.35:161][  0]LogConfig: Setting CVar [[r.Streaming.AmortizeCPUToGPUCopy:0]]
[2025.12.16-20.10.35:161][  0]LogConfig: Setting CVar [[r.Streaming.MaxNumTexturesToStreamPerFrame:0]]
[2025.12.16-20.10.35:161][  0]LogConfig: Setting CVar [[r.Streaming.Boost:1]]
[2025.12.16-20.10.35:161][  0]LogConfig: Setting CVar [[r.MaxAnisotropy:8]]
[2025.12.16-20.10.35:161][  0]LogConfig: Setting CVar [[r.VT.MaxAnisotropy:8]]
[2025.12.16-20.10.35:161][  0]LogConfig: Setting CVar [[r.Streaming.LimitPoolSizeToVRAM:0]]
[2025.12.16-20.10.35:161][  0]LogConfig: Setting CVar [[r.Streaming.PoolSize:1000]]
[2025.12.16-20.10.35:161][  0]LogConfig: Setting CVar [[r.Streaming.MaxEffectiveScreenSize:0]]
[2025.12.16-20.10.35:161][  0]LogConfig: Applying CVar settings from Section [EffectsQuality@3] File [C:/Rzeczy/gry/rok 2/MARIN/03_MarsMarine 4.27 — kopia/03_MarsMarine 4.27/Saved/Config/Windows/Scalability.ini]
[2025.12.16-20.10.35:161][  0]LogConfig: Setting CVar [[r.TranslucencyLightingVolumeDim:64]]
[2025.12.16-20.10.35:161][  0]LogConfig: Setting CVar [[r.RefractionQuality:2]]
[2025.12.16-20.10.35:161][  0]LogConfig: Setting CVar [[r.SSR.Quality:3]]
[2025.12.16-20.10.35:161][  0]LogConfig: Setting CVar [[r.SSR.HalfResSceneColor:0]]
[2025.12.16-20.10.35:161][  0]LogConfig: Setting CVar [[r.SceneColorFormat:4]]
[2025.12.16-20.10.35:161][  0]LogConfig: Setting CVar [[r.DetailMode:2]]
[2025.12.16-20.10.35:161][  0]LogConfig: Setting CVar [[r.TranslucencyVolumeBlur:1]]
[2025.12.16-20.10.35:161][  0]LogConfig: Setting CVar [[r.MaterialQualityLevel:1 ; High quality]]
[2025.12.16-20.10.35:161][  0]LogConfig: Setting CVar [[r.AnisotropicMaterials:1]]
[2025.12.16-20.10.35:161][  0]LogConfig: Setting CVar [[r.SSS.Scale:1]]
[2025.12.16-20.10.35:161][  0]LogConfig: Setting CVar [[r.SSS.SampleSet:2]]
[2025.12.16-20.10.35:161][  0]LogConfig: Setting CVar [[r.SSS.Quality:1]]
[2025.12.16-20.10.35:161][  0]LogConfig: Setting CVar [[r.SSS.HalfRes:0]]
[2025.12.16-20.10.35:161][  0]LogConfig: Setting CVar [[r.SSGI.Quality:3]]
[2025.12.16-20.10.35:162][  0]LogConfig: Setting CVar [[r.EmitterSpawnRateScale:1.0]]
[2025.12.16-20.10.35:162][  0]LogConfig: Setting CVar [[r.ParticleLightQuality:2]]
[2025.12.16-20.10.35:162][  0]LogConfig: Setting CVar [[r.SkyAtmosphere.AerialPerspectiveLUT.FastApplyOnOpaque:1 ; Always have FastSkyLUT 1 in this case to avoid wrong sky]]
[2025.12.16-20.10.35:162][  0]LogConfig: Setting CVar [[r.SkyAtmosphere.AerialPerspectiveLUT.SampleCountMaxPerSlice:4]]
[2025.12.16-20.10.35:162][  0]LogConfig: Setting CVar [[r.SkyAtmosphere.AerialPerspectiveLUT.DepthResolution:16.0]]
[2025.12.16-20.10.35:162][  0]LogConfig: Setting CVar [[r.SkyAtmosphere.FastSkyLUT:1]]
[2025.12.16-20.10.35:162][  0]LogConfig: Setting CVar [[r.SkyAtmosphere.FastSkyLUT.SampleCountMin:4.0]]
[2025.12.16-20.10.35:162][  0]LogConfig: Setting CVar [[r.SkyAtmosphere.FastSkyLUT.SampleCountMax:128.0]]
[2025.12.16-20.10.35:162][  0]LogConfig: Setting CVar [[r.SkyAtmosphere.SampleCountMin:4.0]]
[2025.12.16-20.10.35:162][  0]LogConfig: Setting CVar [[r.SkyAtmosphere.SampleCountMax:128.0]]
[2025.12.16-20.10.35:162][  0]LogConfig: Setting CVar [[r.SkyAtmosphere.TransmittanceLUT.UseSmallFormat:0]]
[2025.12.16-20.10.35:162][  0]LogConfig: Setting CVar [[r.SkyAtmosphere.TransmittanceLUT.SampleCount:10.0]]
[2025.12.16-20.10.35:162][  0]LogConfig: Setting CVar [[r.SkyAtmosphere.MultiScatteringLUT.SampleCount:15.0]]
[2025.12.16-20.10.35:162][  0]LogConfig: Setting CVar [[r.SkyLight.RealTimeReflectionCapture:1]]
[2025.12.16-20.10.35:162][  0]LogConfig: Applying CVar settings from Section [FoliageQuality@3] File [C:/Rzeczy/gry/rok 2/MARIN/03_MarsMarine 4.27 — kopia/03_MarsMarine 4.27/Saved/Config/Windows/Scalability.ini]
[2025.12.16-20.10.35:162][  0]LogConfig: Setting CVar [[foliage.DensityScale:1.0]]
[2025.12.16-20.10.35:162][  0]LogConfig: Setting CVar [[grass.DensityScale:1.0]]
[2025.12.16-20.10.35:162][  0]LogConfig: Applying CVar settings from Section [ShadingQuality@3] File [C:/Rzeczy/gry/rok 2/MARIN/03_MarsMarine 4.27 — kopia/03_MarsMarine 4.27/Saved/Config/Windows/Scalability.ini]
[2025.12.16-20.10.35:162][  0]LogConfig: Setting CVar [[r.HairStrands.SkyLighting.IntegrationType:2]]
[2025.12.16-20.10.35:162][  0]LogConfig: Setting CVar [[r.HairStrands.SkyAO.SampleCount:4]]
[2025.12.16-20.10.35:162][  0]LogConfig: Setting CVar [[r.HairStrands.Visibility.MSAA.SamplePerPixel:4]]
[2025.12.16-20.10.35:162][  0]LogInit: Selected Device Profile: [Windows]
[2025.12.16-20.10.35:162][  0]LogInit: Applying CVar settings loaded from the selected device profile: [Windows]
[2025.12.16-20.10.35:162][  0]LogHAL: Display: Platform has ~ 16 GB [16849256448 / 17179869184 / 16], which maps to Larger [LargestMinGB=32, LargerMinGB=12, DefaultMinGB=8, SmallerMinGB=6, SmallestMinGB=0)
[2025.12.16-20.10.35:162][  0]LogInit: Going up to parent DeviceProfile []
[2025.12.16-20.10.35:162][  0]LogConfig: Applying CVar settings from Section [ViewDistanceQuality@3] File [C:/Rzeczy/gry/rok 2/MARIN/03_MarsMarine 4.27 — kopia/03_MarsMarine 4.27/Saved/Config/Windows/Scalability.ini]
[2025.12.16-20.10.35:162][  0]LogConfig: Setting CVar [[r.SkeletalMeshLODBias:0]]
[2025.12.16-20.10.35:162][  0]LogConfig: Setting CVar [[r.ViewDistanceScale:1.0]]
[2025.12.16-20.10.35:162][  0]LogConfig: Applying CVar settings from Section [AntiAliasingQuality@3] File [C:/Rzeczy/gry/rok 2/MARIN/03_MarsMarine 4.27 — kopia/03_MarsMarine 4.27/Saved/Config/Windows/Scalability.ini]
[2025.12.16-20.10.35:162][  0]LogConfig: Setting CVar [[r.PostProcessAAQuality:4]]
[2025.12.16-20.10.35:162][  0]LogConfig: Applying CVar settings from Section [ShadowQuality@3] File [C:/Rzeczy/gry/rok 2/MARIN/03_MarsMarine 4.27 — kopia/03_MarsMarine 4.27/Saved/Config/Windows/Scalability.ini]
[2025.12.16-20.10.35:162][  0]LogConfig: Setting CVar [[r.LightFunctionQuality:1]]
[2025.12.16-20.10.35:162][  0]LogConfig: Setting CVar [[r.ShadowQuality:5]]
[2025.12.16-20.10.35:162][  0]LogConfig: Setting CVar [[r.Shadow.CSM.MaxCascades:10]]
[2025.12.16-20.10.35:162][  0]LogConfig: Setting CVar [[r.Shadow.MaxResolution:2048]]
[2025.12.16-20.10.35:162][  0]LogConfig: Setting CVar [[r.Shadow.MaxCSMResolution:2048]]
[2025.12.16-20.10.35:162][  0]LogConfig: Setting CVar [[r.Shadow.RadiusThreshold:0.01]]
[2025.12.16-20.10.35:162][  0]LogConfig: Setting CVar [[r.Shadow.DistanceScale:1.0]]
[2025.12.16-20.10.35:162][  0]LogConfig: Setting CVar [[r.Shadow.CSM.TransitionScale:1.0]]
[2025.12.16-20.10.35:162][  0]LogConfig: Setting CVar [[r.Shadow.PreShadowResolutionFactor:1.0]]
[2025.12.16-20.10.35:162][  0]LogConfig: Setting CVar [[r.DistanceFieldShadowing:1]]
[2025.12.16-20.10.35:162][  0]LogConfig: Setting CVar [[r.DistanceFieldAO:1]]
[2025.12.16-20.10.35:162][  0]LogConfig: Setting CVar [[r.AOQuality:2]]
[2025.12.16-20.10.35:162][  0]LogConfig: Setting CVar [[r.VolumetricFog:1]]
[2025.12.16-20.10.35:162][  0]LogConfig: Setting CVar [[r.VolumetricFog.GridPixelSize:8]]
[2025.12.16-20.10.35:162][  0]LogConfig: Setting CVar [[r.VolumetricFog.GridSizeZ:128]]
[2025.12.16-20.10.35:162][  0]LogConfig: Setting CVar [[r.VolumetricFog.HistoryMissSupersampleCount:4]]
[2025.12.16-20.10.35:162][  0]LogConfig: Setting CVar [[r.LightMaxDrawDistanceScale:1]]
[2025.12.16-20.10.35:162][  0]LogConfig: Setting CVar [[r.CapsuleShadows:1]]
[2025.12.16-20.10.35:162][  0]LogConfig: Applying CVar settings from Section [PostProcessQuality@3] File [C:/Rzeczy/gry/rok 2/MARIN/03_MarsMarine 4.27 — kopia/03_MarsMarine 4.27/Saved/Config/Windows/Scalability.ini]
[2025.12.16-20.10.35:162][  0]LogConfig: Setting CVar [[r.MotionBlurQuality:4]]
[2025.12.16-20.10.35:162][  0]LogConfig: Setting CVar [[r.AmbientOcclusionMipLevelFactor:0.4]]
[2025.12.16-20.10.35:162][  0]LogConfig: Setting CVar [[r.AmbientOcclusionMaxQuality:100]]
[2025.12.16-20.10.35:162][  0]LogConfig: Setting CVar [[r.AmbientOcclusionLevels:-1]]
[2025.12.16-20.10.35:162][  0]LogConfig: Setting CVar [[r.AmbientOcclusionRadiusScale:1.0]]
[2025.12.16-20.10.35:162][  0]LogConfig: Setting CVar [[r.DepthOfFieldQuality:2]]
[2025.12.16-20.10.35:163][  0]LogConfig: Setting CVar [[r.RenderTargetPoolMin:400]]
[2025.12.16-20.10.35:163][  0]LogConfig: Setting CVar [[r.LensFlareQuality:2]]
[2025.12.16-20.10.35:163][  0]LogConfig: Setting CVar [[r.SceneColorFringeQuality:1]]
[2025.12.16-20.10.35:163][  0]LogConfig: Setting CVar [[r.EyeAdaptationQuality:2]]
[2025.12.16-20.10.35:163][  0]LogConfig: Setting CVar [[r.BloomQuality:5]]
[2025.12.16-20.10.35:163][  0]LogConfig: Setting CVar [[r.FastBlurThreshold:100]]
[2025.12.16-20.10.35:163][  0]LogConfig: Setting CVar [[r.Upscale.Quality:3]]
[2025.12.16-20.10.35:163][  0]LogConfig: Setting CVar [[r.Tonemapper.GrainQuantization:1]]
[2025.12.16-20.10.35:163][  0]LogConfig: Setting CVar [[r.LightShaftQuality:1]]
[2025.12.16-20.10.35:163][  0]LogConfig: Setting CVar [[r.Filter.SizeScale:1]]
[2025.12.16-20.10.35:163][  0]LogConfig: Setting CVar [[r.Tonemapper.Quality:5]]
[2025.12.16-20.10.35:163][  0]LogConfig: Setting CVar [[r.DOF.Gather.AccumulatorQuality:1        ; higher gathering accumulator quality]]
[2025.12.16-20.10.35:163][  0]LogConfig: Setting CVar [[r.DOF.Gather.PostfilterMethod:1          ; Median3x3 postfilering method]]
[2025.12.16-20.10.35:163][  0]LogConfig: Setting CVar [[r.DOF.Gather.EnableBokehSettings:0       ; no bokeh simulation when gathering]]
[2025.12.16-20.10.35:163][  0]LogConfig: Setting CVar [[r.DOF.Gather.RingCount:4                 ; medium number of samples when gathering]]
[2025.12.16-20.10.35:163][  0]LogConfig: Setting CVar [[r.DOF.Scatter.ForegroundCompositing:1    ; additive foreground scattering]]
[2025.12.16-20.10.35:163][  0]LogConfig: Setting CVar [[r.DOF.Scatter.BackgroundCompositing:2    ; additive background scattering]]
[2025.12.16-20.10.35:163][  0]LogConfig: Setting CVar [[r.DOF.Scatter.EnableBokehSettings:1      ; bokeh simulation when scattering]]
[2025.12.16-20.10.35:163][  0]LogConfig: Setting CVar [[r.DOF.Scatter.MaxSpriteRatio:0.1         ; only a maximum of 10% of scattered bokeh]]
[2025.12.16-20.10.35:163][  0]LogConfig: Setting CVar [[r.DOF.Recombine.Quality:1                ; cheap slight out of focus]]
[2025.12.16-20.10.35:163][  0]LogConfig: Setting CVar [[r.DOF.Recombine.EnableBokehSettings:0    ; no bokeh simulation on slight out of focus]]
[2025.12.16-20.10.35:163][  0]LogConfig: Setting CVar [[r.DOF.TemporalAAQuality:1                ; more stable temporal accumulation]]
[2025.12.16-20.10.35:163][  0]LogConfig: Setting CVar [[r.DOF.Kernel.MaxForegroundRadius:0.025]]
[2025.12.16-20.10.35:163][  0]LogConfig: Setting CVar [[r.DOF.Kernel.MaxBackgroundRadius:0.025]]
[2025.12.16-20.10.35:163][  0]LogConfig: Applying CVar settings from Section [TextureQuality@3] File [C:/Rzeczy/gry/rok 2/MARIN/03_MarsMarine 4.27 — kopia/03_MarsMarine 4.27/Saved/Config/Windows/Scalability.ini]
[2025.12.16-20.10.35:163][  0]LogConfig: Setting CVar [[r.Streaming.MipBias:0]]
[2025.12.16-20.10.35:163][  0]LogConfig: Setting CVar [[r.Streaming.AmortizeCPUToGPUCopy:0]]
[2025.12.16-20.10.35:163][  0]LogConfig: Setting CVar [[r.Streaming.MaxNumTexturesToStreamPerFrame:0]]
[2025.12.16-20.10.35:163][  0]LogConfig: Setting CVar [[r.Streaming.Boost:1]]
[2025.12.16-20.10.35:163][  0]LogConfig: Setting CVar [[r.MaxAnisotropy:8]]
[2025.12.16-20.10.35:163][  0]LogConfig: Setting CVar [[r.VT.MaxAnisotropy:8]]
[2025.12.16-20.10.35:163][  0]LogConfig: Setting CVar [[r.Streaming.LimitPoolSizeToVRAM:0]]
[2025.12.16-20.10.35:163][  0]LogConfig: Setting CVar [[r.Streaming.PoolSize:1000]]
[2025.12.16-20.10.35:163][  0]LogConfig: Setting CVar [[r.Streaming.MaxEffectiveScreenSize:0]]
[2025.12.16-20.10.35:163][  0]LogConfig: Applying CVar settings from Section [EffectsQuality@3] File [C:/Rzeczy/gry/rok 2/MARIN/03_MarsMarine 4.27 — kopia/03_MarsMarine 4.27/Saved/Config/Windows/Scalability.ini]
[2025.12.16-20.10.35:163][  0]LogConfig: Setting CVar [[r.TranslucencyLightingVolumeDim:64]]
[2025.12.16-20.10.35:163][  0]LogConfig: Setting CVar [[r.RefractionQuality:2]]
[2025.12.16-20.10.35:163][  0]LogConfig: Setting CVar [[r.SSR.Quality:3]]
[2025.12.16-20.10.35:163][  0]LogConfig: Setting CVar [[r.SSR.HalfResSceneColor:0]]
[2025.12.16-20.10.35:163][  0]LogConfig: Setting CVar [[r.SceneColorFormat:4]]
[2025.12.16-20.10.35:163][  0]LogConfig: Setting CVar [[r.DetailMode:2]]
[2025.12.16-20.10.35:163][  0]LogConfig: Setting CVar [[r.TranslucencyVolumeBlur:1]]
[2025.12.16-20.10.35:163][  0]LogConfig: Setting CVar [[r.MaterialQualityLevel:1 ; High quality]]
[2025.12.16-20.10.35:163][  0]LogConfig: Setting CVar [[r.AnisotropicMaterials:1]]
[2025.12.16-20.10.35:163][  0]LogConfig: Setting CVar [[r.SSS.Scale:1]]
[2025.12.16-20.10.35:163][  0]LogConfig: Setting CVar [[r.SSS.SampleSet:2]]
[2025.12.16-20.10.35:163][  0]LogConfig: Setting CVar [[r.SSS.Quality:1]]
[2025.12.16-20.10.35:163][  0]LogConfig: Setting CVar [[r.SSS.HalfRes:0]]
[2025.12.16-20.10.35:163][  0]LogConfig: Setting CVar [[r.SSGI.Quality:3]]
[2025.12.16-20.10.35:163][  0]LogConfig: Setting CVar [[r.EmitterSpawnRateScale:1.0]]
[2025.12.16-20.10.35:163][  0]LogConfig: Setting CVar [[r.ParticleLightQuality:2]]
[2025.12.16-20.10.35:163][  0]LogConfig: Setting CVar [[r.SkyAtmosphere.AerialPerspectiveLUT.FastApplyOnOpaque:1 ; Always have FastSkyLUT 1 in this case to avoid wrong sky]]
[2025.12.16-20.10.35:163][  0]LogConfig: Setting CVar [[r.SkyAtmosphere.AerialPerspectiveLUT.SampleCountMaxPerSlice:4]]
[2025.12.16-20.10.35:163][  0]LogConfig: Setting CVar [[r.SkyAtmosphere.AerialPerspectiveLUT.DepthResolution:16.0]]
[2025.12.16-20.10.35:163][  0]LogConfig: Setting CVar [[r.SkyAtmosphere.FastSkyLUT:1]]
[2025.12.16-20.10.35:163][  0]LogConfig: Setting CVar [[r.SkyAtmosphere.FastSkyLUT.SampleCountMin:4.0]]
[2025.12.16-20.10.35:163][  0]LogConfig: Setting CVar [[r.SkyAtmosphere.FastSkyLUT.SampleCountMax:128.0]]
[2025.12.16-20.10.35:164][  0]LogConfig: Setting CVar [[r.SkyAtmosphere.SampleCountMin:4.0]]
[2025.12.16-20.10.35:164][  0]LogConfig: Setting CVar [[r.SkyAtmosphere.SampleCountMax:128.0]]
[2025.12.16-20.10.35:164][  0]LogConfig: Setting CVar [[r.SkyAtmosphere.TransmittanceLUT.UseSmallFormat:0]]
[2025.12.16-20.10.35:164][  0]LogConfig: Setting CVar [[r.SkyAtmosphere.TransmittanceLUT.SampleCount:10.0]]
[2025.12.16-20.10.35:164][  0]LogConfig: Setting CVar [[r.SkyAtmosphere.MultiScatteringLUT.SampleCount:15.0]]
[2025.12.16-20.10.35:164][  0]LogConfig: Setting CVar [[r.SkyLight.RealTimeReflectionCapture:1]]
[2025.12.16-20.10.35:164][  0]LogConfig: Applying CVar settings from Section [FoliageQuality@3] File [C:/Rzeczy/gry/rok 2/MARIN/03_MarsMarine 4.27 — kopia/03_MarsMarine 4.27/Saved/Config/Windows/Scalability.ini]
[2025.12.16-20.10.35:164][  0]LogConfig: Setting CVar [[foliage.DensityScale:1.0]]
[2025.12.16-20.10.35:164][  0]LogConfig: Setting CVar [[grass.DensityScale:1.0]]
[2025.12.16-20.10.35:164][  0]LogConfig: Applying CVar settings from Section [ShadingQuality@3] File [C:/Rzeczy/gry/rok 2/MARIN/03_MarsMarine 4.27 — kopia/03_MarsMarine 4.27/Saved/Config/Windows/Scalability.ini]
[2025.12.16-20.10.35:164][  0]LogConfig: Setting CVar [[r.HairStrands.SkyLighting.IntegrationType:2]]
[2025.12.16-20.10.35:164][  0]LogConfig: Setting CVar [[r.HairStrands.SkyAO.SampleCount:4]]
[2025.12.16-20.10.35:164][  0]LogConfig: Setting CVar [[r.HairStrands.Visibility.MSAA.SamplePerPixel:4]]
[2025.12.16-20.10.35:164][  0]LogConfig: Applying CVar settings from Section [Startup] File [../../../Engine/Config/ConsoleVariables.ini]
[2025.12.16-20.10.35:164][  0]LogConfig: Setting CVar [[net.UseAdaptiveNetUpdateFrequency:0]]
[2025.12.16-20.10.35:164][  0]LogConfig: Setting CVar [[p.chaos.AllowCreatePhysxBodies:1]]
[2025.12.16-20.10.35:164][  0]LogConfig: Setting CVar [[fx.SkipVectorVMBackendOptimizations:1]]
[2025.12.16-20.10.35:164][  0]LogConfig: Applying CVar settings from Section [ConsoleVariables] File [C:/Rzeczy/gry/rok 2/MARIN/03_MarsMarine 4.27 — kopia/03_MarsMarine 4.27/Saved/Config/Windows/Engine.ini]
[2025.12.16-20.10.35:164][  0]LogConfig: Applying CVar settings from Section [ConsoleVariables] File [C:/Rzeczy/gry/rok 2/MARIN/03_MarsMarine 4.27 — kopia/03_MarsMarine 4.27/Saved/Config/Windows/Editor.ini]
[2025.12.16-20.10.35:164][  0]LogInit: Computer: DESKTOP-QAAO9HT
[2025.12.16-20.10.35:164][  0]LogInit: User: DELL
[2025.12.16-20.10.35:164][  0]LogInit: CPU Page size=4096, Cores=10
[2025.12.16-20.10.35:164][  0]LogInit: High frequency timer resolution =10.000000 MHz
[2025.12.16-20.10.35:164][  0]LogMemory: Memory total: Physical=15.7GB (16GB approx)
[2025.12.16-20.10.35:164][  0]LogMemory: Platform Memory Stats for Windows
[2025.12.16-20.10.35:164][  0]LogMemory: Process Physical Memory: 145.17 MB used, 145.17 MB peak
[2025.12.16-20.10.35:164][  0]LogMemory: Process Virtual Memory: 146.34 MB used, 146.34 MB peak
[2025.12.16-20.10.35:164][  0]LogMemory: Physical Memory: 10124.10 MB used,  5944.60 MB free, 16068.70 MB total
[2025.12.16-20.10.35:164][  0]LogMemory: Virtual Memory: 134211912.00 MB used,  5816.02 MB free, 134217728.00 MB total
[2025.12.16-20.10.35:172][  0]LogWindows: WindowsPlatformFeatures enabled
[2025.12.16-20.10.35:203][  0]LogInit: Physics initialised using underlying interface: PhysX
[2025.12.16-20.10.35:204][  0]LogInit: Using OS detected language (pl-PL).
[2025.12.16-20.10.35:204][  0]LogInit: Using OS detected locale (pl-PL).
[2025.12.16-20.10.35:210][  0]LogTextLocalizationManager: No specific localization for 'pl-PL' exists, so the 'pl' localization will be used.
[2025.12.16-20.10.35:211][  0]LogTextLocalizationResource: LocRes '../../../Engine/Content/Localization/Editor/pl/Editor.locres' could not be opened for reading!
[2025.12.16-20.10.35:211][  0]LogTextLocalizationResource: LocRes '../../../Engine/Content/Localization/EditorTutorials/pl/EditorTutorials.locres' could not be opened for reading!
[2025.12.16-20.10.35:211][  0]LogTextLocalizationResource: LocRes '../../../Engine/Content/Localization/Keywords/pl/Keywords.locres' could not be opened for reading!
[2025.12.16-20.10.35:211][  0]LogTextLocalizationResource: LocRes '../../../Engine/Content/Localization/Category/pl/Category.locres' could not be opened for reading!
[2025.12.16-20.10.35:211][  0]LogTextLocalizationResource: LocRes '../../../Engine/Content/Localization/ToolTips/pl/ToolTips.locres' could not be opened for reading!
[2025.12.16-20.10.35:211][  0]LogTextLocalizationResource: LocRes '../../../Engine/Content/Localization/PropertyNames/pl/PropertyNames.locres' could not be opened for reading!
[2025.12.16-20.10.35:211][  0]LogTextLocalizationResource: LocRes '../../../Engine/Content/Localization/Engine/pl/Engine.locres' could not be opened for reading!
[2025.12.16-20.10.35:212][  0]LogInit: Setting process to per monitor DPI aware
[2025.12.16-20.10.35:284][  0]LogWindowsTextInputMethodSystem: Display: IME system deactivated.
[2025.12.16-20.10.35:306][  0]LogSlate: New Slate User Created.  User Index 0, Is Virtual User: 0
[2025.12.16-20.10.35:306][  0]LogSlate: Slate User Registered.  User Index 0, Is Virtual User: 0
[2025.12.16-20.10.35:553][  0]LogD3D11RHI: Loaded GFSDK_Aftermath_Lib.x64.dll
[2025.12.16-20.10.35:561][  0]LogHMD: Failed to initialize OpenVR with code 110
[2025.12.16-20.10.35:561][  0]LogD3D11RHI: D3D11 min allowed feature level: 11_0
[2025.12.16-20.10.35:561][  0]LogD3D11RHI: D3D11 max allowed feature level: 11_0
[2025.12.16-20.10.35:561][  0]LogD3D11RHI: D3D11 adapters:
[2025.12.16-20.10.35:643][  0]LogD3D11RHI:    0. 'Intel(R) Iris(R) Xe Graphics' (Feature Level 11_0)
[2025.12.16-20.10.35:643][  0]LogD3D11RHI:       128/0/8034 MB DedicatedVideo/DedicatedSystem/SharedSystem, Outputs:1, VendorId:0x8086
[2025.12.16-20.10.35:648][  0]LogD3D11RHI:    1. 'Microsoft Basic Render Driver' (Feature Level 11_0)
[2025.12.16-20.10.35:648][  0]LogD3D11RHI:       0/0/8034 MB DedicatedVideo/DedicatedSystem/SharedSystem, Outputs:0, VendorId:0x1414
[2025.12.16-20.10.35:648][  0]LogD3D11RHI: Chosen D3D11 Adapter:
[2025.12.16-20.10.35:648][  0]LogD3D11RHI:     Description : Intel(R) Iris(R) Xe Graphics
[2025.12.16-20.10.35:648][  0]LogD3D11RHI:     VendorId    : 8086
[2025.12.16-20.10.35:648][  0]LogD3D11RHI:     DeviceId    : 46a8
[2025.12.16-20.10.35:648][  0]LogD3D11RHI:     SubSysId    : b031028
[2025.12.16-20.10.35:648][  0]LogD3D11RHI:     Revision    : 000c
[2025.12.16-20.10.35:648][  0]LogD3D11RHI:     DedicatedVideoMemory : 134217728 bytes
[2025.12.16-20.10.35:648][  0]LogD3D11RHI:     DedicatedSystemMemory : 0 bytes
[2025.12.16-20.10.35:648][  0]LogD3D11RHI:     SharedSystemMemory : 8424628224 bytes
[2025.12.16-20.10.35:648][  0]LogD3D11RHI:     AdapterLuid : 0 88711
[2025.12.16-20.10.35:661][  0]LogD3D11RHI: Creating new Direct3DDevice
[2025.12.16-20.10.35:661][  0]LogD3D11RHI:     GPU DeviceId: 0x46a8 (for the marketing name, search the web for "GPU Device Id")
[2025.12.16-20.10.35:661][  0]LogWindows: EnumDisplayDevices:
[2025.12.16-20.10.35:662][  0]LogWindows:    0. 'Intel(R) Iris(R) Xe Graphics' (P:1 D:1)
[2025.12.16-20.10.35:662][  0]LogWindows:    1. 'Intel(R) Iris(R) Xe Graphics' (P:0 D:0)
[2025.12.16-20.10.35:662][  0]LogWindows:    2. 'Intel(R) Iris(R) Xe Graphics' (P:0 D:0)
[2025.12.16-20.10.35:663][  0]LogWindows:    3. 'Intel(R) Iris(R) Xe Graphics' (P:0 D:0)
[2025.12.16-20.10.35:663][  0]LogWindows: DebugString: FoundDriverCount:4 
[2025.12.16-20.10.35:663][  0]LogD3D11RHI:     Adapter Name: Intel(R) Iris(R) Xe Graphics
[2025.12.16-20.10.35:663][  0]LogD3D11RHI:   Driver Version: 32.0.101.7077 (internal:32.0.101.7077, unified:32.0.101.7077)
[2025.12.16-20.10.35:663][  0]LogD3D11RHI:      Driver Date: 9-16-2025
[2025.12.16-20.10.35:663][  0]LogRHI: Texture pool is 1523 MB (70% of 2176 MB)
[2025.12.16-20.10.35:673][  0]LogD3D11RHI: Creating D3DDevice using adapter:
[2025.12.16-20.10.35:673][  0]LogD3D11RHI:     Description : Intel(R) Iris(R) Xe Graphics
[2025.12.16-20.10.35:673][  0]LogD3D11RHI:     VendorId    : 8086
[2025.12.16-20.10.35:673][  0]LogD3D11RHI:     DeviceId    : 46a8
[2025.12.16-20.10.35:673][  0]LogD3D11RHI:     SubSysId    : b031028
[2025.12.16-20.10.35:673][  0]LogD3D11RHI:     Revision    : 000c
[2025.12.16-20.10.35:673][  0]LogD3D11RHI:     DedicatedVideoMemory : 134217728 bytes
[2025.12.16-20.10.35:673][  0]LogD3D11RHI:     DedicatedSystemMemory : 0 bytes
[2025.12.16-20.10.35:673][  0]LogD3D11RHI:     SharedSystemMemory : 8424628224 bytes
[2025.12.16-20.10.35:673][  0]LogD3D11RHI:     AdapterLuid : 0 88711
[2025.12.16-20.10.35:718][  0]LogD3D11RHI: RHI does not have support for 64 bit atomics
[2025.12.16-20.10.35:758][  0]LogD3D11RHI: Intel Extensions support version Full=16777216, Major=1, Minor=0, Revision=0
[2025.12.16-20.10.35:758][  0]LogD3D11RHI: Intel Extensions support version Full=16777217, Major=1, Minor=0, Revision=1
[2025.12.16-20.10.35:758][  0]LogD3D11RHI: Intel Extensions Framework enabled
[2025.12.16-20.10.35:760][  0]LogD3D11RHI: [IntelMetricsDiscovery] Started
[2025.12.16-20.10.35:760][  0]LogD3D11RHI: Async texture creation enabled
[2025.12.16-20.10.35:760][  0]LogD3D11RHI: Array index from any shader is supported
[2025.12.16-20.10.35:784][  0]LogD3D11RHI: GPU Timing Frequency: 19.200000 (Debug: 2 0)
[2025.12.16-20.10.36:413][  0]LogTargetPlatformManager: Display: Loaded TargetPlatform 'AllDesktop'
[2025.12.16-20.10.36:466][  0]LogTargetPlatformManager: Display: Loaded TargetPlatform 'Android'
[2025.12.16-20.10.36:466][  0]LogTargetPlatformManager: Display: Loaded TargetPlatform 'Android_ASTC'
[2025.12.16-20.10.36:466][  0]LogTargetPlatformManager: Display: Loaded TargetPlatform 'Android_DXT'
[2025.12.16-20.10.36:466][  0]LogTargetPlatformManager: Display: Loaded TargetPlatform 'Android_ETC2'
[2025.12.16-20.10.36:466][  0]LogTargetPlatformManager: Display: Loaded TargetPlatform 'AndroidClient'
[2025.12.16-20.10.36:466][  0]LogTargetPlatformManager: Display: Loaded TargetPlatform 'Android_ASTCClient'
[2025.12.16-20.10.36:466][  0]LogTargetPlatformManager: Display: Loaded TargetPlatform 'Android_DXTClient'
[2025.12.16-20.10.36:466][  0]LogTargetPlatformManager: Display: Loaded TargetPlatform 'Android_ETC2Client'
[2025.12.16-20.10.36:466][  0]LogTargetPlatformManager: Display: Loaded TargetPlatform 'Android_Multi'
[2025.12.16-20.10.36:466][  0]LogTargetPlatformManager: Display: Loaded TargetPlatform 'Android_MultiClient'
[2025.12.16-20.10.36:502][  0]LogTargetPlatformManager: Display: Loaded TargetPlatform 'IOSClient'
[2025.12.16-20.10.36:502][  0]LogTargetPlatformManager: Display: Loaded TargetPlatform 'IOS'
[2025.12.16-20.10.36:518][  0]LogTargetPlatformManager: Display: Loaded TargetPlatform 'Linux'
[2025.12.16-20.10.36:527][  0]LogTargetPlatformManager: Display: Loaded TargetPlatform 'LinuxNoEditor'
[2025.12.16-20.10.36:535][  0]LogTargetPlatformManager: Display: Loaded TargetPlatform 'LinuxClient'
[2025.12.16-20.10.36:544][  0]LogTargetPlatformManager: Display: Loaded TargetPlatform 'LinuxServer'
[2025.12.16-20.10.36:560][  0]LogTargetPlatformManager: Display: Loaded TargetPlatform 'LinuxAArch64NoEditor'
[2025.12.16-20.10.36:568][  0]LogTargetPlatformManager: Display: Loaded TargetPlatform 'LinuxAArch64Client'
[2025.12.16-20.10.36:576][  0]LogTargetPlatformManager: Display: Loaded TargetPlatform 'LinuxAArch64Server'
[2025.12.16-20.10.36:613][  0]LogTargetPlatformManager: Display: Loaded TargetPlatform 'Lumin'
[2025.12.16-20.10.36:613][  0]LogTargetPlatformManager: Display: Loaded TargetPlatform 'LuminClient'
[2025.12.16-20.10.36:630][  0]LogTargetPlatformManager: Display: Loaded TargetPlatform 'MacNoEditor'
[2025.12.16-20.10.36:638][  0]LogTargetPlatformManager: Display: Loaded TargetPlatform 'Mac'
[2025.12.16-20.10.36:645][  0]LogTargetPlatformManager: Display: Loaded TargetPlatform 'MacClient'
[2025.12.16-20.10.36:653][  0]LogTargetPlatformManager: Display: Loaded TargetPlatform 'MacServer'
[2025.12.16-20.10.36:669][  0]LogTargetPlatformManager: Display: Loaded TargetPlatform 'TVOSClient'
[2025.12.16-20.10.36:669][  0]LogTargetPlatformManager: Display: Loaded TargetPlatform 'TVOS'
[2025.12.16-20.10.36:684][  0]LogTargetPlatformManager: Display: Loaded TargetPlatform 'WindowsNoEditor'
[2025.12.16-20.10.36:692][  0]LogTargetPlatformManager: Display: Loaded TargetPlatform 'Windows'
[2025.12.16-20.10.36:700][  0]LogTargetPlatformManager: Display: Loaded TargetPlatform 'WindowsClient'
[2025.12.16-20.10.36:708][  0]LogTargetPlatformManager: Display: Loaded TargetPlatform 'WindowsServer'
[2025.12.16-20.10.36:708][  0]LogTargetPlatformManager: Display: Building Assets For Windows
[2025.12.16-20.10.36:721][  0]LogAudioDebug: Display: Lib vorbis DLL was dynamically loaded.
[2025.12.16-20.10.36:777][  0]LogTextureFormatOodle: Display: Oodle Texture 2.9.0 init RDO Off
[2025.12.16-20.10.36:837][  0]LogRendererCore: Ray tracing is disabled. Reason: r.RayTracing=0.
[2025.12.16-20.10.36:837][  0]LogShaderCompilers: Guid format shader working directory is -41 characters bigger than the processId version (../../../../../../Rzeczy/gry/rok 2/MARIN/03_MarsMarine 4.27 — kopia/03_MarsMarine 4.27/Intermediate/Shaders/WorkingDirectory/9096/).
[2025.12.16-20.10.36:837][  0]LogShaderCompilers: Cleaned the shader compiler working directory 'C:/Users/DELL/AppData/Local/Temp/UnrealShaderWorkingDir/F5A219544174ED6A9F1470B27F9F071D/'.
[2025.12.16-20.10.36:838][  0]LogXGEController: Cannot use XGE Controller as Incredibuild is not installed on this machine.
[2025.12.16-20.10.36:838][  0]LogShaderCompilers: Cannot use XGE Shader Compiler as Incredibuild is not installed on this machine.
[2025.12.16-20.10.36:838][  0]LogShaderCompilers: Display: Using Local Shader Compiler.
[2025.12.16-20.10.38:214][  0]LogDerivedDataCache: Display: Max Cache Size: 512 MB
[2025.12.16-20.10.38:306][  0]LogDerivedDataCache: Loaded boot cache 0.09s 94MB C:/Users/DELL/AppData/Local/UnrealEngine/4.27/DerivedDataCache/Boot.ddc.
[2025.12.16-20.10.38:306][  0]LogDerivedDataCache: Display: Loaded Boot cache: C:/Users/DELL/AppData/Local/UnrealEngine/4.27/DerivedDataCache/Boot.ddc
[2025.12.16-20.10.38:311][  0]LogDerivedDataCache: FDerivedDataBackendGraph:  Pak pak cache file ../../../../../../Rzeczy/gry/rok 2/MARIN/03_MarsMarine 4.27 — kopia/03_MarsMarine 4.27/DerivedDataCache/DDC.ddp not found, will not use a pak cache.
[2025.12.16-20.10.38:311][  0]LogDerivedDataCache: Unable to find inner node Pak for hierarchical cache Hierarchy.
[2025.12.16-20.10.38:311][  0]LogDerivedDataCache: FDerivedDataBackendGraph:  CompressedPak pak cache file ../../../../../../Rzeczy/gry/rok 2/MARIN/03_MarsMarine 4.27 — kopia/03_MarsMarine 4.27/DerivedDataCache/Compressed.ddp not found, will not use a pak cache.
[2025.12.16-20.10.38:311][  0]LogDerivedDataCache: Unable to find inner node CompressedPak for hierarchical cache Hierarchy.
[2025.12.16-20.10.38:341][  0]LogDerivedDataCache: Display: Pak cache opened for reading ../../../Engine/DerivedDataCache/Compressed.ddp.
[2025.12.16-20.10.38:341][  0]LogDerivedDataCache: FDerivedDataBackendGraph:  EnterprisePak pak cache file ../../../Enterprise/DerivedDataCache/Compressed.ddp not found, will not use a pak cache.
[2025.12.16-20.10.38:341][  0]LogDerivedDataCache: Unable to find inner node EnterprisePak for hierarchical cache Hierarchy.
[2025.12.16-20.10.38:352][  0]LogDerivedDataCache: Speed tests for C:/Users/DELL/AppData/Local/UnrealEngine/Common/DerivedDataCache took 0.01 seconds
[2025.12.16-20.10.38:352][  0]LogDerivedDataCache: Display: Performance to C:/Users/DELL/AppData/Local/UnrealEngine/Common/DerivedDataCache: Latency=0.03ms. RandomReadSpeed=968.32MBs, RandomWriteSpeed=96.26MBs. Assigned SpeedClass 'Local'
[2025.12.16-20.10.38:354][  0]LogDerivedDataCache: Using Local data cache path C:/Users/DELL/AppData/Local/UnrealEngine/Common/DerivedDataCache: Writable
[2025.12.16-20.10.38:354][  0]LogDerivedDataCache: Shared data cache path not found in *engine.ini, will not use an Shared cache.
[2025.12.16-20.10.38:354][  0]LogDerivedDataCache: Unable to find inner node Shared for hierarchical cache Hierarchy.
[2025.12.16-20.10.38:436][  0]LogSlate: Using FreeType 2.10.0
[2025.12.16-20.10.38:437][  0]LogSlate: SlateFontServices - WITH_FREETYPE: 1, WITH_HARFBUZZ: 1
[2025.12.16-20.10.38:481][  0]LogAssetRegistry: FAssetRegistry took 0.0049 seconds to start up
[2025.12.16-20.10.38:900][  0]LogInit: Selected Device Profile: [Windows]
[2025.12.16-20.10.38:900][  0]LogInit: Active device profile: [000001C3AD856D00][000001C3A675CF00 49] Windows
[2025.12.16-20.10.38:900][  0]LogInit: Profiles: [000001C3AD856D00][000001C3A675CF00 49] Windows, [000001C3AD801D00][000001C3A67611C0 49] WindowsNoEditor, [000001C3AD857C00][000001C3A6865480 49] WindowsServer, [000001C3AD802A00][000001C3A6869740 49] WindowsClient, [000001C3AD855800][000001C3A686DA00 49] IOS, [000001C3AD801300][000001C3A6870140 49] iPadAir, [000001C3AD856500][000001C3A6874400 49] iPadAir2, [000001C3AD7B1300][000001C3A6640940 49] IPadPro, [000001C3AD7B1400][000001C3A6878980 49] iPadAir3, [000001C3AD803A00][000001C3A6758C00 49] iPadAir4, [000001C3AD7B2100][000001C3A6880E80 49] iPadMini2, [000001C3AD802F00][000001C3A663D140 49] iPadMini3, [000001C3AD7B2C00][000001C3A6645400 49] iPadMini4, [000001C3AD801E00][000001C3A66496C0 49] iPadMini5, [000001C3AD7B8B00][000001C3AB687C00 49] iPhone6, [000001C3AD7B8C00][000001C3A664C0C0 49] iPodTouch6, [000001C3AD855A00][000001C3AB6AE600 49] iPhone7, [000001C3AD855400][000001C3A6654640 49] iPodTouch7, [000001C3AD7B1000][000001C3A66E4900 49] iPhone5S, [000001C3AD7B0800][000001C3A6650BC0 49] iPhone6Plus, [000001C3AD7BBD00][000001C3A687CE40 49] iPhone6S, [000001C3AD7B0D00][000001C3AB6AB0C0 49] iPhone6SPlus, [000001C3AD7BB600][000001C3AB707380 49] iPhone7Plus, [000001C3AD7B2E00][000001C3AB70B640 49] iPhoneSE, [000001C3AD7BA100][000001C3AB713900 49] iPhone8, [000001C3AD7B1B00][000001C3AB71BBC0 49] iPhone8Plus, [000001C3AD7BA800][000001C3AB722300 49] iPhoneX, [000001C3AD7B2500][000001C3AB7265C0 49] iPhoneXS, [000001C3AD7B8E00][000001C3AB72A880 49] iPhoneXSMax, [000001C3AD857500][000001C3AB72EB40 49] iPhoneXR, [000001C3AD7BBE00][000001C3AB73AE00 49] iPhone11, [000001C3AD855F00][000001C3AB703080 49] iPhone11Pro, [000001C3AD7BB300][000001C3AB339300 49] iPhone11ProMax, [000001C3AD854100][000001C3AA7FF5C0 49] iPhoneSE2, [000001C3AD7BAD00][000001C3AA83D880 49] iPhone12Mini, [000001C3AD854200][000001C3AA891B40 49] iPhone12, [000001C3AD7BAF00][000001C3AA894280 49] iPhone12Pro, [000001C3AD854900][000001C3AA898540 49] iPhone12ProMax, [000001C3AD7B8800][000001C3AA89C800 49] iPadPro105, [000001C3AD854B00][000001C3AA8A0AC0 49] iPadPro129, [000001C3AD7B8700][000001C3AA8A4D80 49] iPadPro97, [000001C3AD856000][000001C3AA8A9040 49] iPadPro2_129, [000001C3AD7B9700][000001C3AB33D2C0 49] iPad5, [000001C3AD857600][000001C3AB40F540 49] iPad6, [000001C3AD7B8F00][000001C3AB417800 49] iPad7, [000001C3AD855E00][000001C3AB41BAC0 49] iPad8, [000001C3AD7BB800][000001C3AAE88200 49] iPadPro11, [000001C3AD854D00][000001C3AAE8C4C0 49] iPadPro2_11, [000001C3AD7BB400][000001C3AAE94780 49] iPadPro3_129, [000001C3AD854F00][000001C3AAEC6A40 49] iPadPro4_129, [000001C3AD7B8500][000001C3AAED6D00 49] AppleTV, [000001C3AD856900][000001C3AAF04FC0 49] AppleTV4K, [000001C3AD7B9600][000001C3AAF13280 49] TVOS, [000001C3AD855700][000001C3AB413500 49] Mac, [000001C3AD7B8300][000001C3AAF17780 49] MacClient, [000001C3AD854800][000001C3AAF1FA40 49] MacNoEditor, [000001C3AD7BBA00][000001C3AAF22180 49] MacServer, [000001C3AD856B00][000001C3AAF26440 49] Linux, [000001C3AD7B9400][000001C3AAF2A700 49] LinuxAArch64, [000001C3AD854A00][000001C3AA8029C0 49] LinuxNoEditor, [000001C3AD7B8A00][000001C3AA806C80 49] LinuxAArch64NoEditor, [000001C3AD855500][000001C3AA80AF40 49] LinuxClient, [000001C3AD7BAE00][000001C3AA80F200 49] LinuxAArch64Client, [000001C3AD855000][000001C3AB1F54C0 49] LinuxServer, [000001C3AD7BA500][000001C3AAF1B740 49] LinuxAArch64Server, [000001C3AD857700][000001C3AB2019C0 49] Android, [000001C3AD7BBF00][000001C3AA886100 49] Android_Low, [000001C3AD855B00][000001C3AA8123C0 49] Android_Mid, [000001C3AD7BA400][000001C3AA816680 49] Android_High, [000001C3AD857400][000001C3AA81A940 49] Android_Default, [000001C3AD7B9800][000001C3AA822C00 49] Android_Adreno4xx, [000001C3AD854400][000001C3AA826EC0 49] Android_Adreno5xx_Low, [000001C3AD7BAC00][000001C3AA82B180 49] Android_Adreno5xx, [000001C3AD7B1800][000001C3AA82F440 49] Android_Adreno6xx, [000001C3AD800300][000001C3AA833700 49] Android_Adreno6xx_Vulkan, [000001C3AD7B1100][000001C3AA883980 49] Android_Mali_T6xx, [000001C3AD802500][000001C3AA88A0C0 49] Android_Mali_T7xx, [000001C3AD7B3700][000001C3AA836380 49] Android_Mali_T8xx, [000001C3AD800600][000001C3AB35C640 49] Android_Mali_G71, [000001C3AD7B3200][000001C3AB360900 49] Android_Mali_G72, [000001C3AD802800][000001C3AB364BC0 49] Android_Mali_G72_Vulkan, [000001C3AD7B2900][000001C3AB732E80 49] Android_Mali_G76, [000001C3AD803B00][000001C3AB737140 49] Android_Mali_G76_Vulkan, [000001C3AD7B2000][000001C3AB369400 49] Android_Mali_G77, [000001C3AD803100][000001C3AB36D6C0 49] Android_Mali_G77_Vulkan, [000001C3AD7B1E00][000001C3AA81F940 49] Android_Mali_G78, [000001C3AD802900][000001C3AB3B3BC0 49] Android_Mali_G78_Vulkan, [000001C3AD7B0F00][000001C3AB3BA300 49] Android_Mali_G710, [000001C3AD802E00][000001C3AB3BE5C0 49] Android_Mali_G710_Vulkan, [000001C3AD7B3100][000001C3AB3C2880 49] Android_Vulkan_SM5, [000001C3AD801800][000001C3AB3C6B40 49] Android_PowerVR_G6xxx, [000001C3AD7B1A00][000001C3AB3CAE00 49] Android_PowerVR_GT7xxx, [000001C3AD800900][000001C3AB3CF0C0 49] Android_PowerVR_GE8xxx, [000001C3AD7B1F00][000001C3AB3D3380 49] Android_PowerVR_GM9xxx, [000001C3AD801600][000001C3AB3D7640 49] Android_PowerVR_GM9xxx_Vulkan, [000001C3AD7B1D00][000001C3AB3DB900 49] Android_TegraK1, [000001C3AD800C00][000001C3AB3B7B80 49] Android_Unknown_Vulkan, [000001C3AD7B0C00][000001C3AACB4280 49] Lumin, [000001C3AD803700][000001C3AACBC540 49] Lumin_Desktop, [000001C3AD7B3900][000001C3AACC0800 49] HoloLens, 
[2025.12.16-20.10.39:109][  0]LogMeshReduction: Using QuadricMeshReduction for automatic static mesh reduction
[2025.12.16-20.10.39:109][  0]LogMeshReduction: Using SimplygonMeshReduction for automatic skeletal mesh reduction
[2025.12.16-20.10.39:109][  0]LogMeshReduction: Using ProxyLODMeshReduction for automatic mesh merging
[2025.12.16-20.10.39:109][  0]LogMeshReduction: No distributed automatic mesh merging module available
[2025.12.16-20.10.39:109][  0]LogMeshMerging: No distributed automatic mesh merging module available
[2025.12.16-20.10.39:133][  0]LogNetVersion: MarsMarine 1.0.0, NetCL: 17155196, EngineNetVer: 17, GameNetVer: 0 (Checksum: 4288930687)
[2025.12.16-20.10.39:798][  0]LogTexture: Default maximum texture size for cubemaps generated from long-lat sources has been changed from 512 to unlimited. In order to preserve old behaiour for '/Engine/MapTemplates/Sky/DaylightAmbientCubemap.DaylightAmbientCubemap', its maximum texture size has been explicitly set to 512.
[2025.12.16-20.10.39:884][  0]LogHMD: PokeAHoleMaterial loaded successfully
[2025.12.16-20.10.39:892][  0]LogUObjectArray: 17178 objects as part of root set at end of initial load.
[2025.12.16-20.10.39:892][  0]LogUObjectAllocator: 4302048 out of 0 bytes used by permanent object pool.
[2025.12.16-20.10.39:892][  0]LogUObjectArray: CloseDisregardForGC: 0/0 objects in disregard for GC pool
[2025.12.16-20.10.40:413][  0]LogNiagaraDebuggerClient: Niagara Debugger Client Initialized | Session: CCA19AEB41847773CD62F4A36BA759BC | Instance: B2F3D8114D6573010E29FDAA1AFD6991 (DESKTOP-QAAO9HT-9096).
[2025.12.16-20.10.40:474][  0]LogTcpMessaging: Initializing TcpMessaging bridge
[2025.12.16-20.10.40:480][  0]LogUdpMessaging: Initializing bridge on interface 0.0.0.0:0 to multicast group 230.0.0.1:6666.
[2025.12.16-20.10.40:498][  0]LogPython: Using Python 3.7.7
[2025.12.16-20.10.41:451][  0]SourceControl: Source control is disabled
[2025.12.16-20.10.41:451][  0]SourceControl: Source control is disabled
[2025.12.16-20.10.41:463][  0]SourceControl: Source control is disabled
[2025.12.16-20.10.41:467][  0]SourceControl: Source control is disabled
[2025.12.16-20.10.41:477][  0]SourceControl: Source control is disabled
[2025.12.16-20.10.41:487][  0]LogUProjectInfo: Found projects:
[2025.12.16-20.10.41:494][  0]LogVSAccessor: Display: Unable to create Visual Studio setup instance: 80040154
[2025.12.16-20.10.41:495][  0]LogVSAccessor: Display: Unable to create Visual Studio setup instance: 80040154
[2025.12.16-20.10.41:496][  0]LogVSAccessor: Display: Unable to create Visual Studio setup instance: 80040154
[2025.12.16-20.10.41:771][  0]LogOpenImageDenoise: OIDN starting up
[2025.12.16-20.10.41:791][  0]LogAndroidPermission: UAndroidPermissionCallbackProxy::GetInstance
[2025.12.16-20.10.41:828][  0]LogAudioCaptureCore: Display: No Audio Capture implementations found. Audio input will be silent.
[2025.12.16-20.10.41:828][  0]LogAudioCaptureCore: Display: No Audio Capture implementations found. Audio input will be silent.
[2025.12.16-20.10.42:094][  0]LogOcInput: OculusInput pre-init called
[2025.12.16-20.10.42:468][  0]LogCollectionManager: Loaded 0 collections in 0.003136 seconds
[2025.12.16-20.10.42:581][  0]LogFileCache: Scanning file cache for directory 'C:/Rzeczy/gry/rok 2/MARIN/03_MarsMarine 4.27 — kopia/03_MarsMarine 4.27/Saved/Collections/' took 0.00s
[2025.12.16-20.10.42:581][  0]LogFileCache: Scanning file cache for directory 'C:/Rzeczy/gry/rok 2/MARIN/03_MarsMarine 4.27 — kopia/03_MarsMarine 4.27/Content/Developers/DELL/Collections/' took 0.00s
[2025.12.16-20.10.42:581][  0]LogFileCache: Scanning file cache for directory 'C:/Rzeczy/gry/rok 2/MARIN/03_MarsMarine 4.27 — kopia/03_MarsMarine 4.27/Content/Collections/' took 0.00s
[2025.12.16-20.10.42:581][  0]LogEngine: Initializing Engine...
[2025.12.16-20.10.42:738][  0]LogHMD: Failed to enumerate extensions. Please check that you have a valid OpenXR runtime installed.
[2025.12.16-20.10.42:739][  0]LogHMD: Failed to initialize OpenVR with code 110
[2025.12.16-20.10.42:740][  0]LogMagicLeap: Warning: VR disabled because ZI is not enabled.  To enable, in the editor, Edit -> Project Settings -> Plugins -> Magic Leap Plugin -> Enable Zero Iteration
[2025.12.16-20.10.42:741][  0]LogStats: UGameplayTagsManager::InitializeManager -  0.000 s
[2025.12.16-20.10.42:928][  0]LogInit: Initializing FReadOnlyCVARCache
[2025.12.16-20.10.42:941][  0]LogAIModule: Creating AISystem for world Untitled
[2025.12.16-20.10.42:942][  0]LogAudio: Display: Initializing Audio Device Manager...
[2025.12.16-20.10.42:948][  0]LogAudio: Display: Loading Default Audio Settings Objects...
[2025.12.16-20.10.42:949][  0]LogAudio: Display: No default SoundConcurrencyObject specified (or failed to load).
[2025.12.16-20.10.42:949][  0]LogAudio: Display: Audio Device Manager Initialized
[2025.12.16-20.10.42:949][  0]LogAudio: Display: Creating Audio Device:                 Id: 1, Scope: Shared, Realtime: True
[2025.12.16-20.10.42:949][  0]LogAudioMixer: Display: Audio Mixer Platform Settings:
[2025.12.16-20.10.42:949][  0]LogAudioMixer: Display: 	Sample Rate:						  48000
[2025.12.16-20.10.42:949][  0]LogAudioMixer: Display: 	Callback Buffer Frame Size Requested: 1024
[2025.12.16-20.10.42:949][  0]LogAudioMixer: Display: 	Callback Buffer Frame Size To Use:	  1024
[2025.12.16-20.10.42:949][  0]LogAudioMixer: Display: 	Number of buffers to queue:			  2
[2025.12.16-20.10.42:949][  0]LogAudioMixer: Display: 	Max Channels (voices):				  32
[2025.12.16-20.10.42:949][  0]LogAudioMixer: Display: 	Number of Async Source Workers:		  0
[2025.12.16-20.10.42:949][  0]LogAudio: Display: AudioDevice MaxSources: 32
[2025.12.16-20.10.42:950][  0]LogAudio: Display: Audio Spatialization Plugin: None (built-in).
[2025.12.16-20.10.42:950][  0]LogAudio: Display: Audio Reverb Plugin: None (built-in).
[2025.12.16-20.10.42:950][  0]LogAudio: Display: Audio Occlusion Plugin: None (built-in).
[2025.12.16-20.10.42:950][  0]LogAudioMixer: Display: Initializing audio mixer.
[2025.12.16-20.10.42:968][  0]LogAudioMixer: Display: 0: FrontLeft
[2025.12.16-20.10.42:968][  0]LogAudioMixer: Display: 1: FrontRight
[2025.12.16-20.10.43:616][  0]LogAudioMixer: Display: Using Audio Device Głośniki (Realtek(R) Audio)
[2025.12.16-20.10.43:616][  0]LogAudioMixer: Display: Initializing Sound Submixes...
[2025.12.16-20.10.43:620][  0]LogAudioMixer: Display: Creating Master Submix 'MasterSubmixDefault'
[2025.12.16-20.10.43:620][  0]LogAudioMixer: Display: Creating Master Submix 'MasterReverbSubmixDefault'
[2025.12.16-20.10.43:621][  0]LogAudioMixer: Display: Creating Master Submix 'MasterEQSubmixDefault'
[2025.12.16-20.10.43:622][  0]LogAudioMixer: FMixerPlatformXAudio2::StartAudioStream() called
[2025.12.16-20.10.43:622][  0]LogAudioMixer: Display: Output buffers initialized: Frames=1024, Channels=2, Samples=2048
[2025.12.16-20.10.43:623][  0]LogAudioMixer: Display: Starting AudioMixerPlatformInterface::RunInternal()
[2025.12.16-20.10.43:623][  0]LogAudioMixer: Display: FMixerPlatformXAudio2::SubmitBuffer() called for the first time
[2025.12.16-20.10.43:623][  0]LogInit: FAudioDevice initialized.
[2025.12.16-20.10.43:624][  0]LogAudio: Display: Audio Device (ID: 1) registered with world 'Untitled'.
[2025.12.16-20.10.43:624][  0]LogNetVersion: Set ProjectVersion to 1.0.0.0. Version Checksum will be recalculated on next use.
[2025.12.16-20.10.43:728][  0]LogDerivedDataCache: Saved boot cache 0.10s 94MB C:/Users/DELL/AppData/Local/UnrealEngine/4.27/DerivedDataCache/Boot.ddc.
[2025.12.16-20.10.43:729][  0]LogInit: Texture streaming: Enabled
[2025.12.16-20.10.43:758][  0]LogAnalytics: Display: [UEEditor.Rocket.Release] APIServer = https://datarouter.ol.epicgames.com/. AppVersion = 4.27.2-18319896+++UE4+Release-4.27
[2025.12.16-20.10.43:764][  0]LogEngineSessionManager: EngineSessionManager initialized
[2025.12.16-20.10.43:765][  0]LogEditorSessionSummary: Verbose: Initializing EditorSessionSummaryWriter for editor session tracking
[2025.12.16-20.10.43:768][  0]LogEditorSessionSummary: EditorSessionSummaryWriter initialized
[2025.12.16-20.10.43:812][  0]LogInit: Transaction tracking system initialized
[2025.12.16-20.10.43:855][  0]BlueprintLog: New page: Editor Load
[2025.12.16-20.10.43:976][  0]LocalizationService: Localization service is disabled
[2025.12.16-20.10.44:023][  0]TimingProfiler: Initialize
[2025.12.16-20.10.44:023][  0]TimingProfiler: OnSessionChanged
[2025.12.16-20.10.44:023][  0]LoadingProfiler: Initialize
[2025.12.16-20.10.44:024][  0]LoadingProfiler: OnSessionChanged
[2025.12.16-20.10.44:024][  0]NetworkingProfiler: Initialize
[2025.12.16-20.10.44:024][  0]NetworkingProfiler: OnSessionChanged
[2025.12.16-20.10.44:024][  0]MemoryProfiler: Initialize
[2025.12.16-20.10.44:024][  0]MemoryProfiler: OnSessionChanged
[2025.12.16-20.10.44:126][  0]LogVSAccessor: Display: Unable to create Visual Studio setup instance: 80040154
[2025.12.16-20.10.44:127][  0]LogVSAccessor: Display: Unable to create Visual Studio setup instance: 80040154
[2025.12.16-20.10.44:128][  0]LogVSAccessor: Display: Unable to create Visual Studio setup instance: 80040154
[2025.12.16-20.10.44:310][  0]LogCook: Display: CookSettings for Memory: MemoryMaxUsedVirtual 0MiB, MemoryMaxUsedPhysical 16384MiB, MemoryMinFreeVirtual 0MiB, MemoryMinFreePhysical 1024MiB
[2025.12.16-20.10.44:310][  0]LogCook: Display: Mobile HDR setting 1
[2025.12.16-20.10.44:743][  0]LogFileCache: Scanning file cache for directory 'C:/Rzeczy/gry/rok 2/MARIN/03_MarsMarine 4.27 — kopia/03_MarsMarine 4.27/Content/' took 0.04s
[2025.12.16-20.10.45:255][  0]LogInit: Display: Engine is initialized. Leaving FEngineLoop::Init()
[2025.12.16-20.10.45:262][  0]SourceControl: Source control is disabled
[2025.12.16-20.10.45:262][  0]LogUnrealEdMisc: Loading editor; pre map load, took 12.397
[2025.12.16-20.10.45:262][  0]Cmd: MAP LOAD FILE="../../../../../../Rzeczy/gry/rok 2/MARIN/03_MarsMarine 4.27 — kopia/03_MarsMarine 4.27/Content/Levels/Mars.umap" TEMPLATE=0 SHOWPROGRESS=1 FEATURELEVEL=3
[2025.12.16-20.10.45:284][  0]LightingResults: New page: Lighting Build
[2025.12.16-20.10.45:287][  0]LogWorld: UWorld::CleanupWorld for Untitled, bSessionEnded=true, bCleanupResources=true
[2025.12.16-20.10.45:287][  0]LogSlate: InvalidateAllWidgets triggered.  All widgets were invalidated
[2025.12.16-20.10.45:287][  0]MapCheck: New page: Map Check
[2025.12.16-20.10.45:287][  0]LightingResults: New page: Lighting Build
[2025.12.16-20.10.45:300][  0]LogAudio: Display: Audio Device unregistered from world 'None'.
[2025.12.16-20.10.45:305][  0]LogUObjectHash: Compacting FUObjectHashTables data took   1.35ms
[2025.12.16-20.10.47:590][  0]LogSkeletalMesh: Display: [AssetLog] C:\Rzeczy\gry\rok 2\MARIN\03_MarsMarine 4.27 — kopia\03_MarsMarine 4.27\Content\Weapons\Rifle.uasset: Find and fix some bad tangent! please re-import this skeletal mesh asset to fix the issue. The shading of the skeletal mesh will be bad and faceted.
[2025.12.16-20.10.47:932][  0]LogAudio: Display: Audio Device (ID: 1) registered with world 'Mars'.
[2025.12.16-20.10.47:933][  0]LogAIModule: Creating AISystem for world Mars
[2025.12.16-20.10.49:492][  0]LogEditorServer: Finished looking for orphan Actors (0.000 secs)
[2025.12.16-20.10.49:528][  0]LogUObjectHash: Compacting FUObjectHashTables data took   1.04ms
[2025.12.16-20.10.49:528][  0]Cmd: MAP CHECKDEP NOCLEARLOG
[2025.12.16-20.10.49:528][  0]MapCheck: Map check complete: 0 Error(s), 0 Warning(s), took 0,179ms to complete.
[2025.12.16-20.10.49:528][  0]LogFileHelpers: Loading map 'Mars' took 4.266
[2025.12.16-20.10.49:530][  0]LogUnrealEdMisc: Total Editor Startup Time, took 16.666
[2025.12.16-20.10.50:363][  0]LogSlate: Only BGRA pngs, bmps or icos are supported in by External Image Picker
[2025.12.16-20.10.50:538][  0]LogSlate: Updating window title bar state: overlay mode, drag disabled, window buttons hidden, title bar hidden
[2025.12.16-20.10.50:546][  0]LogSlate: Updating window title bar state: overlay mode, drag disabled, window buttons hidden, title bar hidden
[2025.12.16-20.10.50:552][  0]LogSlate: Updating window title bar state: overlay mode, drag disabled, window buttons hidden, title bar hidden
[2025.12.16-20.10.50:558][  0]LogSlate: Updating window title bar state: overlay mode, drag disabled, window buttons hidden, title bar hidden
[2025.12.16-20.10.50:606][  0]LogNativeClassHierarchy: Verbose: Native class hierarchy populated in 0.0109 seconds. Added 3822 classes and 928 folders.
[2025.12.16-20.10.50:616][  0]LogNativeClassHierarchy: Verbose: Native class hierarchy updated for 'WidgetCarousel' in 0.0003 seconds. Added 0 classes and 0 folders.
[2025.12.16-20.10.50:641][  0]LogPakFile: PakFile PrimaryIndexSize=187
[2025.12.16-20.10.50:641][  0]LogPakFile: PakFile PathHashIndexSize=101
[2025.12.16-20.10.50:641][  0]LogPakFile: PakFile FullDirectoryIndexSize=148
[2025.12.16-20.10.50:641][  0]LogShaderLibrary: Display: ShaderCodeLibraryPakFileMountedCallback: PakFile 'C:/Program Files/Epic Games/UE_4.27/FeaturePacks/FP_FirstPerson.upack' (chunk index -1, root 'root:/') mounted
[2025.12.16-20.10.50:641][  0]LogShaderLibrary: Display: ShaderCodeLibraryPakFileMountedCallback: pending pak file info (ChunkID:-1 Root:root:/ File:C:/Program Files/Epic Games/UE_4.27/FeaturePacks/FP_FirstPerson.upack)
[2025.12.16-20.10.50:641][  0]LogPakFile: OnPakFileMounted2Time == 0.000064
[2025.12.16-20.10.50:660][  0]LogPakFile: PakFile PrimaryIndexSize=189
[2025.12.16-20.10.50:660][  0]LogPakFile: PakFile PathHashIndexSize=101
[2025.12.16-20.10.50:661][  0]LogPakFile: PakFile FullDirectoryIndexSize=152
[2025.12.16-20.10.50:661][  0]LogShaderLibrary: Display: ShaderCodeLibraryPakFileMountedCallback: PakFile 'C:/Program Files/Epic Games/UE_4.27/FeaturePacks/FP_FirstPersonBP.upack' (chunk index -1, root 'root:/') mounted
[2025.12.16-20.10.50:661][  0]LogShaderLibrary: Display: ShaderCodeLibraryPakFileMountedCallback: pending pak file info (ChunkID:-1 Root:root:/ File:C:/Program Files/Epic Games/UE_4.27/FeaturePacks/FP_FirstPersonBP.upack)
[2025.12.16-20.10.50:661][  0]LogPakFile: OnPakFileMounted2Time == 0.000053
[2025.12.16-20.10.50:675][  0]LogPakFile: PakFile PrimaryIndexSize=191
[2025.12.16-20.10.50:675][  0]LogPakFile: PakFile PathHashIndexSize=101
[2025.12.16-20.10.50:675][  0]LogPakFile: PakFile FullDirectoryIndexSize=160
[2025.12.16-20.10.50:675][  0]LogShaderLibrary: Display: ShaderCodeLibraryPakFileMountedCallback: PakFile 'C:/Program Files/Epic Games/UE_4.27/FeaturePacks/MobileStarterContent.upack' (chunk index -1, root 'root:/') mounted
[2025.12.16-20.10.50:675][  0]LogShaderLibrary: Display: ShaderCodeLibraryPakFileMountedCallback: pending pak file info (ChunkID:-1 Root:root:/ File:C:/Program Files/Epic Games/UE_4.27/FeaturePacks/MobileStarterContent.upack)
[2025.12.16-20.10.50:675][  0]LogPakFile: OnPakFileMounted2Time == 0.000046
[2025.12.16-20.10.50:690][  0]LogPakFile: PakFile PrimaryIndexSize=185
[2025.12.16-20.10.50:691][  0]LogPakFile: PakFile PathHashIndexSize=101
[2025.12.16-20.10.50:691][  0]LogPakFile: PakFile FullDirectoryIndexSize=148
[2025.12.16-20.10.50:691][  0]LogShaderLibrary: Display: ShaderCodeLibraryPakFileMountedCallback: PakFile 'C:/Program Files/Epic Games/UE_4.27/FeaturePacks/StarterContent.upack' (chunk index -1, root 'root:/') mounted
[2025.12.16-20.10.50:691][  0]LogShaderLibrary: Display: ShaderCodeLibraryPakFileMountedCallback: pending pak file info (ChunkID:-1 Root:root:/ File:C:/Program Files/Epic Games/UE_4.27/FeaturePacks/StarterContent.upack)
[2025.12.16-20.10.50:691][  0]LogPakFile: OnPakFileMounted2Time == 0.000050
[2025.12.16-20.10.50:704][  0]LogPakFile: PakFile PrimaryIndexSize=190
[2025.12.16-20.10.50:704][  0]LogPakFile: PakFile PathHashIndexSize=101
[2025.12.16-20.10.50:704][  0]LogPakFile: PakFile FullDirectoryIndexSize=154
[2025.12.16-20.10.50:704][  0]LogShaderLibrary: Display: ShaderCodeLibraryPakFileMountedCallback: PakFile 'C:/Program Files/Epic Games/UE_4.27/FeaturePacks/TP_2DSideScroller.upack' (chunk index -1, root 'root:/') mounted
[2025.12.16-20.10.50:704][  0]LogShaderLibrary: Display: ShaderCodeLibraryPakFileMountedCallback: pending pak file info (ChunkID:-1 Root:root:/ File:C:/Program Files/Epic Games/UE_4.27/FeaturePacks/TP_2DSideScroller.upack)
[2025.12.16-20.10.50:704][  0]LogPakFile: OnPakFileMounted2Time == 0.000046
[2025.12.16-20.10.50:717][  0]LogPakFile: PakFile PrimaryIndexSize=192
[2025.12.16-20.10.50:717][  0]LogPakFile: PakFile PathHashIndexSize=101
[2025.12.16-20.10.50:717][  0]LogPakFile: PakFile FullDirectoryIndexSize=158
[2025.12.16-20.10.50:717][  0]LogShaderLibrary: Display: ShaderCodeLibraryPakFileMountedCallback: PakFile 'C:/Program Files/Epic Games/UE_4.27/FeaturePacks/TP_2DSideScrollerBP.upack' (chunk index -1, root 'root:/') mounted
[2025.12.16-20.10.50:717][  0]LogShaderLibrary: Display: ShaderCodeLibraryPakFileMountedCallback: pending pak file info (ChunkID:-1 Root:root:/ File:C:/Program Files/Epic Games/UE_4.27/FeaturePacks/TP_2DSideScrollerBP.upack)
[2025.12.16-20.10.50:717][  0]LogPakFile: OnPakFileMounted2Time == 0.000046
[2025.12.16-20.10.50:730][  0]LogPakFile: PakFile PrimaryIndexSize=182
[2025.12.16-20.10.50:730][  0]LogPakFile: PakFile PathHashIndexSize=101
[2025.12.16-20.10.50:730][  0]LogPakFile: PakFile FullDirectoryIndexSize=138
[2025.12.16-20.10.50:730][  0]LogShaderLibrary: Display: ShaderCodeLibraryPakFileMountedCallback: PakFile 'C:/Program Files/Epic Games/UE_4.27/FeaturePacks/TP_Flying.upack' (chunk index -1, root 'root:/') mounted
[2025.12.16-20.10.50:730][  0]LogShaderLibrary: Display: ShaderCodeLibraryPakFileMountedCallback: pending pak file info (ChunkID:-1 Root:root:/ File:C:/Program Files/Epic Games/UE_4.27/FeaturePacks/TP_Flying.upack)
[2025.12.16-20.10.50:730][  0]LogPakFile: OnPakFileMounted2Time == 0.000046
[2025.12.16-20.10.50:744][  0]LogPakFile: PakFile PrimaryIndexSize=184
[2025.12.16-20.10.50:744][  0]LogPakFile: PakFile PathHashIndexSize=101
[2025.12.16-20.10.50:744][  0]LogPakFile: PakFile FullDirectoryIndexSize=142
[2025.12.16-20.10.50:744][  0]LogShaderLibrary: Display: ShaderCodeLibraryPakFileMountedCallback: PakFile 'C:/Program Files/Epic Games/UE_4.27/FeaturePacks/TP_FlyingBP.upack' (chunk index -1, root 'root:/') mounted
[2025.12.16-20.10.50:744][  0]LogShaderLibrary: Display: ShaderCodeLibraryPakFileMountedCallback: pending pak file info (ChunkID:-1 Root:root:/ File:C:/Program Files/Epic Games/UE_4.27/FeaturePacks/TP_FlyingBP.upack)
[2025.12.16-20.10.50:744][  0]LogPakFile: OnPakFileMounted2Time == 0.000055
[2025.12.16-20.10.50:758][  0]LogPakFile: PakFile PrimaryIndexSize=188
[2025.12.16-20.10.50:758][  0]LogPakFile: PakFile PathHashIndexSize=101
[2025.12.16-20.10.50:758][  0]LogPakFile: PakFile FullDirectoryIndexSize=150
[2025.12.16-20.10.50:758][  0]LogShaderLibrary: Display: ShaderCodeLibraryPakFileMountedCallback: PakFile 'C:/Program Files/Epic Games/UE_4.27/FeaturePacks/TP_HandheldARBP.upack' (chunk index -1, root 'root:/') mounted
[2025.12.16-20.10.50:758][  0]LogShaderLibrary: Display: ShaderCodeLibraryPakFileMountedCallback: pending pak file info (ChunkID:-1 Root:root:/ File:C:/Program Files/Epic Games/UE_4.27/FeaturePacks/TP_HandheldARBP.upack)
[2025.12.16-20.10.50:758][  0]LogPakFile: OnPakFileMounted2Time == 0.000047
[2025.12.16-20.10.50:773][  0]LogPakFile: PakFile PrimaryIndexSize=182
[2025.12.16-20.10.50:773][  0]LogPakFile: PakFile PathHashIndexSize=101
[2025.12.16-20.10.50:773][  0]LogPakFile: PakFile FullDirectoryIndexSize=138
[2025.12.16-20.10.50:773][  0]LogShaderLibrary: Display: ShaderCodeLibraryPakFileMountedCallback: PakFile 'C:/Program Files/Epic Games/UE_4.27/FeaturePacks/TP_Puzzle.upack' (chunk index -1, root 'root:/') mounted
[2025.12.16-20.10.50:773][  0]LogShaderLibrary: Display: ShaderCodeLibraryPakFileMountedCallback: pending pak file info (ChunkID:-1 Root:root:/ File:C:/Program Files/Epic Games/UE_4.27/FeaturePacks/TP_Puzzle.upack)
[2025.12.16-20.10.50:773][  0]LogPakFile: OnPakFileMounted2Time == 0.000047
[2025.12.16-20.10.50:785][  0]LogPakFile: PakFile PrimaryIndexSize=184
[2025.12.16-20.10.50:786][  0]LogPakFile: PakFile PathHashIndexSize=101
[2025.12.16-20.10.50:786][  0]LogPakFile: PakFile FullDirectoryIndexSize=142
[2025.12.16-20.10.50:786][  0]LogShaderLibrary: Display: ShaderCodeLibraryPakFileMountedCallback: PakFile 'C:/Program Files/Epic Games/UE_4.27/FeaturePacks/TP_PuzzleBP.upack' (chunk index -1, root 'root:/') mounted
[2025.12.16-20.10.50:786][  0]LogShaderLibrary: Display: ShaderCodeLibraryPakFileMountedCallback: pending pak file info (ChunkID:-1 Root:root:/ File:C:/Program Files/Epic Games/UE_4.27/FeaturePacks/TP_PuzzleBP.upack)
[2025.12.16-20.10.50:786][  0]LogPakFile: OnPakFileMounted2Time == 0.000046
[2025.12.16-20.10.50:797][  0]LogPakFile: PakFile PrimaryIndexSize=183
[2025.12.16-20.10.50:797][  0]LogPakFile: PakFile PathHashIndexSize=101
[2025.12.16-20.10.50:797][  0]LogPakFile: PakFile FullDirectoryIndexSize=140
[2025.12.16-20.10.50:797][  0]LogShaderLibrary: Display: ShaderCodeLibraryPakFileMountedCallback: PakFile 'C:/Program Files/Epic Games/UE_4.27/FeaturePacks/TP_Rolling.upack' (chunk index -1, root 'root:/') mounted
[2025.12.16-20.10.50:797][  0]LogShaderLibrary: Display: ShaderCodeLibraryPakFileMountedCallback: pending pak file info (ChunkID:-1 Root:root:/ File:C:/Program Files/Epic Games/UE_4.27/FeaturePacks/TP_Rolling.upack)
[2025.12.16-20.10.50:797][  0]LogPakFile: OnPakFileMounted2Time == 0.000046
[2025.12.16-20.10.50:809][  0]LogPakFile: PakFile PrimaryIndexSize=185
[2025.12.16-20.10.50:809][  0]LogPakFile: PakFile PathHashIndexSize=101
[2025.12.16-20.10.50:810][  0]LogPakFile: PakFile FullDirectoryIndexSize=144
[2025.12.16-20.10.50:810][  0]LogShaderLibrary: Display: ShaderCodeLibraryPakFileMountedCallback: PakFile 'C:/Program Files/Epic Games/UE_4.27/FeaturePacks/TP_RollingBP.upack' (chunk index -1, root 'root:/') mounted
[2025.12.16-20.10.50:810][  0]LogShaderLibrary: Display: ShaderCodeLibraryPakFileMountedCallback: pending pak file info (ChunkID:-1 Root:root:/ File:C:/Program Files/Epic Games/UE_4.27/FeaturePacks/TP_RollingBP.upack)
[2025.12.16-20.10.50:810][  0]LogPakFile: OnPakFileMounted2Time == 0.000051
[2025.12.16-20.10.50:823][  0]LogPakFile: PakFile PrimaryIndexSize=188
[2025.12.16-20.10.50:823][  0]LogPakFile: PakFile PathHashIndexSize=101
[2025.12.16-20.10.50:823][  0]LogPakFile: PakFile FullDirectoryIndexSize=150
[2025.12.16-20.10.50:823][  0]LogShaderLibrary: Display: ShaderCodeLibraryPakFileMountedCallback: PakFile 'C:/Program Files/Epic Games/UE_4.27/FeaturePacks/TP_SideScroller.upack' (chunk index -1, root 'root:/') mounted
[2025.12.16-20.10.50:823][  0]LogShaderLibrary: Display: ShaderCodeLibraryPakFileMountedCallback: pending pak file info (ChunkID:-1 Root:root:/ File:C:/Program Files/Epic Games/UE_4.27/FeaturePacks/TP_SideScroller.upack)
[2025.12.16-20.10.50:823][  0]LogPakFile: OnPakFileMounted2Time == 0.000046
[2025.12.16-20.10.50:834][  0]LogPakFile: PakFile PrimaryIndexSize=190
[2025.12.16-20.10.50:834][  0]LogPakFile: PakFile PathHashIndexSize=101
[2025.12.16-20.10.50:834][  0]LogPakFile: PakFile FullDirectoryIndexSize=154
[2025.12.16-20.10.50:834][  0]LogShaderLibrary: Display: ShaderCodeLibraryPakFileMountedCallback: PakFile 'C:/Program Files/Epic Games/UE_4.27/FeaturePacks/TP_SideScrollerBP.upack' (chunk index -1, root 'root:/') mounted
[2025.12.16-20.10.50:834][  0]LogShaderLibrary: Display: ShaderCodeLibraryPakFileMountedCallback: pending pak file info (ChunkID:-1 Root:root:/ File:C:/Program Files/Epic Games/UE_4.27/FeaturePacks/TP_SideScrollerBP.upack)
[2025.12.16-20.10.50:834][  0]LogPakFile: OnPakFileMounted2Time == 0.000046
[2025.12.16-20.10.50:845][  0]LogPakFile: PakFile PrimaryIndexSize=187
[2025.12.16-20.10.50:845][  0]LogPakFile: PakFile PathHashIndexSize=101
[2025.12.16-20.10.50:845][  0]LogPakFile: PakFile FullDirectoryIndexSize=148
[2025.12.16-20.10.50:845][  0]LogShaderLibrary: Display: ShaderCodeLibraryPakFileMountedCallback: PakFile 'C:/Program Files/Epic Games/UE_4.27/FeaturePacks/TP_ThirdPerson.upack' (chunk index -1, root 'root:/') mounted
[2025.12.16-20.10.50:845][  0]LogShaderLibrary: Display: ShaderCodeLibraryPakFileMountedCallback: pending pak file info (ChunkID:-1 Root:root:/ File:C:/Program Files/Epic Games/UE_4.27/FeaturePacks/TP_ThirdPerson.upack)
[2025.12.16-20.10.50:845][  0]LogPakFile: OnPakFileMounted2Time == 0.000060
[2025.12.16-20.10.50:856][  0]LogPakFile: PakFile PrimaryIndexSize=189
[2025.12.16-20.10.50:856][  0]LogPakFile: PakFile PathHashIndexSize=101
[2025.12.16-20.10.50:856][  0]LogPakFile: PakFile FullDirectoryIndexSize=152
[2025.12.16-20.10.50:856][  0]LogShaderLibrary: Display: ShaderCodeLibraryPakFileMountedCallback: PakFile 'C:/Program Files/Epic Games/UE_4.27/FeaturePacks/TP_ThirdPersonBP.upack' (chunk index -1, root 'root:/') mounted
[2025.12.16-20.10.50:856][  0]LogShaderLibrary: Display: ShaderCodeLibraryPakFileMountedCallback: pending pak file info (ChunkID:-1 Root:root:/ File:C:/Program Files/Epic Games/UE_4.27/FeaturePacks/TP_ThirdPersonBP.upack)
[2025.12.16-20.10.50:856][  0]LogPakFile: OnPakFileMounted2Time == 0.000046
[2025.12.16-20.10.50:870][  0]LogPakFile: PakFile PrimaryIndexSize=183
[2025.12.16-20.10.50:870][  0]LogPakFile: PakFile PathHashIndexSize=101
[2025.12.16-20.10.50:870][  0]LogPakFile: PakFile FullDirectoryIndexSize=140
[2025.12.16-20.10.50:870][  0]LogShaderLibrary: Display: ShaderCodeLibraryPakFileMountedCallback: PakFile 'C:/Program Files/Epic Games/UE_4.27/FeaturePacks/TP_TopDown.upack' (chunk index -1, root 'root:/') mounted
[2025.12.16-20.10.50:870][  0]LogShaderLibrary: Display: ShaderCodeLibraryPakFileMountedCallback: pending pak file info (ChunkID:-1 Root:root:/ File:C:/Program Files/Epic Games/UE_4.27/FeaturePacks/TP_TopDown.upack)
[2025.12.16-20.10.50:870][  0]LogPakFile: OnPakFileMounted2Time == 0.000078
[2025.12.16-20.10.50:883][  0]LogPakFile: PakFile PrimaryIndexSize=185
[2025.12.16-20.10.50:883][  0]LogPakFile: PakFile PathHashIndexSize=101
[2025.12.16-20.10.50:883][  0]LogPakFile: PakFile FullDirectoryIndexSize=144
[2025.12.16-20.10.50:883][  0]LogShaderLibrary: Display: ShaderCodeLibraryPakFileMountedCallback: PakFile 'C:/Program Files/Epic Games/UE_4.27/FeaturePacks/TP_TopDownBP.upack' (chunk index -1, root 'root:/') mounted
[2025.12.16-20.10.50:883][  0]LogShaderLibrary: Display: ShaderCodeLibraryPakFileMountedCallback: pending pak file info (ChunkID:-1 Root:root:/ File:C:/Program Files/Epic Games/UE_4.27/FeaturePacks/TP_TopDownBP.upack)
[2025.12.16-20.10.50:883][  0]LogPakFile: OnPakFileMounted2Time == 0.000048
[2025.12.16-20.10.50:899][  0]LogPakFile: PakFile PrimaryIndexSize=185
[2025.12.16-20.10.50:899][  0]LogPakFile: PakFile PathHashIndexSize=101
[2025.12.16-20.10.50:899][  0]LogPakFile: PakFile FullDirectoryIndexSize=144
[2025.12.16-20.10.50:899][  0]LogShaderLibrary: Display: ShaderCodeLibraryPakFileMountedCallback: PakFile 'C:/Program Files/Epic Games/UE_4.27/FeaturePacks/TP_TwinStick.upack' (chunk index -1, root 'root:/') mounted
[2025.12.16-20.10.50:899][  0]LogShaderLibrary: Display: ShaderCodeLibraryPakFileMountedCallback: pending pak file info (ChunkID:-1 Root:root:/ File:C:/Program Files/Epic Games/UE_4.27/FeaturePacks/TP_TwinStick.upack)
[2025.12.16-20.10.50:899][  0]LogPakFile: OnPakFileMounted2Time == 0.000051
[2025.12.16-20.10.50:910][  0]LogPakFile: PakFile PrimaryIndexSize=187
[2025.12.16-20.10.50:910][  0]LogPakFile: PakFile PathHashIndexSize=101
[2025.12.16-20.10.50:910][  0]LogPakFile: PakFile FullDirectoryIndexSize=148
[2025.12.16-20.10.50:910][  0]LogShaderLibrary: Display: ShaderCodeLibraryPakFileMountedCallback: PakFile 'C:/Program Files/Epic Games/UE_4.27/FeaturePacks/TP_TwinStickBP.upack' (chunk index -1, root 'root:/') mounted
[2025.12.16-20.10.50:910][  0]LogShaderLibrary: Display: ShaderCodeLibraryPakFileMountedCallback: pending pak file info (ChunkID:-1 Root:root:/ File:C:/Program Files/Epic Games/UE_4.27/FeaturePacks/TP_TwinStickBP.upack)
[2025.12.16-20.10.50:910][  0]LogPakFile: OnPakFileMounted2Time == 0.000045
[2025.12.16-20.10.50:924][  0]LogPakFile: PakFile PrimaryIndexSize=183
[2025.12.16-20.10.50:925][  0]LogPakFile: PakFile PathHashIndexSize=101
[2025.12.16-20.10.50:925][  0]LogPakFile: PakFile FullDirectoryIndexSize=140
[2025.12.16-20.10.50:925][  0]LogShaderLibrary: Display: ShaderCodeLibraryPakFileMountedCallback: PakFile 'C:/Program Files/Epic Games/UE_4.27/FeaturePacks/TP_Vehicle.upack' (chunk index -1, root 'root:/') mounted
[2025.12.16-20.10.50:925][  0]LogShaderLibrary: Display: ShaderCodeLibraryPakFileMountedCallback: pending pak file info (ChunkID:-1 Root:root:/ File:C:/Program Files/Epic Games/UE_4.27/FeaturePacks/TP_Vehicle.upack)
[2025.12.16-20.10.50:925][  0]LogPakFile: OnPakFileMounted2Time == 0.000046
[2025.12.16-20.10.50:938][  0]LogPakFile: PakFile PrimaryIndexSize=186
[2025.12.16-20.10.50:938][  0]LogPakFile: PakFile PathHashIndexSize=101
[2025.12.16-20.10.50:938][  0]LogPakFile: PakFile FullDirectoryIndexSize=146
[2025.12.16-20.10.50:938][  0]LogShaderLibrary: Display: ShaderCodeLibraryPakFileMountedCallback: PakFile 'C:/Program Files/Epic Games/UE_4.27/FeaturePacks/TP_VehicleAdv.upack' (chunk index -1, root 'root:/') mounted
[2025.12.16-20.10.50:938][  0]LogShaderLibrary: Display: ShaderCodeLibraryPakFileMountedCallback: pending pak file info (ChunkID:-1 Root:root:/ File:C:/Program Files/Epic Games/UE_4.27/FeaturePacks/TP_VehicleAdv.upack)
[2025.12.16-20.10.50:938][  0]LogPakFile: OnPakFileMounted2Time == 0.000047
[2025.12.16-20.10.50:950][  0]LogPakFile: PakFile PrimaryIndexSize=188
[2025.12.16-20.10.50:950][  0]LogPakFile: PakFile PathHashIndexSize=101
[2025.12.16-20.10.50:950][  0]LogPakFile: PakFile FullDirectoryIndexSize=150
[2025.12.16-20.10.50:950][  0]LogShaderLibrary: Display: ShaderCodeLibraryPakFileMountedCallback: PakFile 'C:/Program Files/Epic Games/UE_4.27/FeaturePacks/TP_VehicleAdvBP.upack' (chunk index -1, root 'root:/') mounted
[2025.12.16-20.10.50:950][  0]LogShaderLibrary: Display: ShaderCodeLibraryPakFileMountedCallback: pending pak file info (ChunkID:-1 Root:root:/ File:C:/Program Files/Epic Games/UE_4.27/FeaturePacks/TP_VehicleAdvBP.upack)
[2025.12.16-20.10.50:950][  0]LogPakFile: OnPakFileMounted2Time == 0.000050
[2025.12.16-20.10.50:962][  0]LogPakFile: PakFile PrimaryIndexSize=185
[2025.12.16-20.10.50:962][  0]LogPakFile: PakFile PathHashIndexSize=101
[2025.12.16-20.10.50:962][  0]LogPakFile: PakFile FullDirectoryIndexSize=144
[2025.12.16-20.10.50:962][  0]LogShaderLibrary: Display: ShaderCodeLibraryPakFileMountedCallback: PakFile 'C:/Program Files/Epic Games/UE_4.27/FeaturePacks/TP_VehicleBP.upack' (chunk index -1, root 'root:/') mounted
[2025.12.16-20.10.50:962][  0]LogShaderLibrary: Display: ShaderCodeLibraryPakFileMountedCallback: pending pak file info (ChunkID:-1 Root:root:/ File:C:/Program Files/Epic Games/UE_4.27/FeaturePacks/TP_VehicleBP.upack)
[2025.12.16-20.10.50:962][  0]LogPakFile: OnPakFileMounted2Time == 0.000058
[2025.12.16-20.10.50:977][  0]LogPakFile: PakFile PrimaryIndexSize=192
[2025.12.16-20.10.50:977][  0]LogPakFile: PakFile PathHashIndexSize=101
[2025.12.16-20.10.50:977][  0]LogPakFile: PakFile FullDirectoryIndexSize=158
[2025.12.16-20.10.50:977][  0]LogShaderLibrary: Display: ShaderCodeLibraryPakFileMountedCallback: PakFile 'C:/Program Files/Epic Games/UE_4.27/FeaturePacks/TP_VirtualRealityBP.upack' (chunk index -1, root 'root:/') mounted
[2025.12.16-20.10.50:977][  0]LogShaderLibrary: Display: ShaderCodeLibraryPakFileMountedCallback: pending pak file info (ChunkID:-1 Root:root:/ File:C:/Program Files/Epic Games/UE_4.27/FeaturePacks/TP_VirtualRealityBP.upack)
[2025.12.16-20.10.50:977][  0]LogPakFile: OnPakFileMounted2Time == 0.000053
[2025.12.16-20.10.51:478][  0]LogNativeClassHierarchy: Verbose: Native class hierarchy updated for 'AddContentDialog' in 0.0003 seconds. Added 0 classes and 0 folders.
[2025.12.16-20.10.51:487][  0]LogNativeClassHierarchy: Verbose: Native class hierarchy updated for 'SceneOutliner' in 0.0003 seconds. Added 2 classes and 0 folders.
[2025.12.16-20.10.51:600][  0]LogSlate: Took 0.000249 seconds to synchronously load lazily loaded font '../../../Engine/Content/Slate/Fonts/Roboto-Regular.ttf' (155K)
[2025.12.16-20.10.51:616][  0]LogSlate: Took 0.013697 seconds to synchronously load lazily loaded font '../../../Engine/Content/Editor/Slate/Fonts/FontAwesome.ttf' (139K)
[2025.12.16-20.10.51:617][  0]LogSlate: Took 0.000201 seconds to synchronously load lazily loaded font '../../../Engine/Content/Slate/Fonts/Roboto-Bold.ttf' (160K)
[2025.12.16-20.10.51:844][  0]LogRenderer: Reallocating scene render targets to support 724x244 Format 10 NumSamples 1 (Frame:1).
[2025.12.16-20.10.52:782][  0]LogNativeClassHierarchy: Verbose: Native class hierarchy updated for 'HierarchicalLODOutliner' in 0.0008 seconds. Added 0 classes and 0 folders.
[2025.12.16-20.10.52:783][  0]LogLoad: (Engine Initialization) Total time: 19.92 seconds
[2025.12.16-20.10.52:783][  0]LogLoad: (Engine Initialization) Total Blueprint compile time: 0.00 seconds
[2025.12.16-20.10.52:857][  0]LogContentStreaming: Texture pool size now 1000 MB
[2025.12.16-20.10.52:962][  1]LogFileCache: Retrieving MD5 hashes for directory 'C:/Rzeczy/gry/rok 2/MARIN/03_MarsMarine 4.27 — kopia/03_MarsMarine 4.27/Content/' took 0.16s
[2025.12.16-20.10.53:006][  1]LogAssetRegistry: Asset discovery search completed in 14.5264 seconds
[2025.12.16-20.10.53:021][  1]LogCollectionManager: Fixed up redirectors for 0 collections in 0.000013 seconds (updated 0 objects)
[2025.12.16-20.10.53:172][  2]LogSlate: Took 0.029397 seconds to synchronously load lazily loaded font '../../../Engine/Content/Slate/Fonts/Roboto-Light.ttf' (167K)
[2025.12.16-20.10.54:002][  4]LogRenderer: Reallocating scene render targets to support 724x256 Format 10 NumSamples 1 (Frame:1).
[2025.12.16-20.10.54:356][  4]LogSlate: Took 0.000507 seconds to synchronously load lazily loaded font '../../../Engine/Content/Slate/Fonts/Roboto-Light.ttf' (167K)
[2025.12.16-20.11.00:913][258]LogRenderer: Reallocating scene render targets to support 724x280 Format 10 NumSamples 1 (Frame:214).
[2025.12.16-20.11.00:991][259]LogRenderer: Reallocating scene render targets to support 724x300 Format 10 NumSamples 1 (Frame:216).
[2025.12.16-20.11.01:056][260]LogRenderer: Reallocating scene render targets to support 724x344 Format 10 NumSamples 1 (Frame:218).
[2025.12.16-20.11.01:122][261]LogRenderer: Reallocating scene render targets to support 724x376 Format 10 NumSamples 1 (Frame:220).
[2025.12.16-20.11.01:199][262]LogRenderer: Reallocating scene render targets to support 724x396 Format 10 NumSamples 1 (Frame:222).
[2025.12.16-20.11.01:267][263]LogRenderer: Reallocating scene render targets to support 724x404 Format 10 NumSamples 1 (Frame:224).
[2025.12.16-20.11.01:336][264]LogRenderer: Reallocating scene render targets to support 724x416 Format 10 NumSamples 1 (Frame:226).
[2025.12.16-20.11.01:413][265]LogRenderer: Reallocating scene render targets to support 724x420 Format 10 NumSamples 1 (Frame:228).
[2025.12.16-20.15.23:882][282]LogSlate: Took 0.000372 seconds to synchronously load lazily loaded font '../../../Engine/Content/Slate/Fonts/Roboto-BoldCondensed.ttf' (158K)
[2025.12.16-20.15.27:847][438]Cmd: CLOSE_SLATE_MAINFRAME
[2025.12.16-20.15.27:866][438]LogUObjectHash: Compacting FUObjectHashTables data took   1.89ms
[2025.12.16-20.15.27:993][438]LogSlate: Window 'Open Project' being destroyed
[2025.12.16-20.15.28:046][438]LogSlate: Window 'MarsMarine - Unreal Editor' being destroyed
[2025.12.16-20.15.28:350][439]Cmd: QUIT_EDITOR
[2025.12.16-20.15.28:350][439]LogCore: Engine exit requested (reason: UUnrealEdEngine::CloseEditor())
[2025.12.16-20.15.28:371][439]LogCore: Engine exit requested (reason: EngineExit() was called; note: exit was already requested)
[2025.12.16-20.15.28:376][439]LogAudio: Display: Beginning Audio Device Manager Shutdown (Module: AudioMixerXAudio2)...
[2025.12.16-20.15.28:377][439]LogAudio: Display: Destroying 1 Remaining Audio Device(s)...
[2025.12.16-20.15.28:377][439]LogAudio: Display: Audio Device unregistered from world 'Mars'.
[2025.12.16-20.15.28:377][439]LogAudioMixer: FMixerPlatformXAudio2::StopAudioStream() called
[2025.12.16-20.15.28:380][439]LogAudioMixer: FMixerPlatformXAudio2::StopAudioStream() called
[2025.12.16-20.15.28:552][439]LogAudio: Display: Audio Device Manager Shutdown
[2025.12.16-20.15.28:553][439]LogWindowsTextInputMethodSystem: Display: IME system deactivated.
[2025.12.16-20.15.28:570][439]LogExit: Preparing to exit.
[2025.12.16-20.15.28:594][439]LogUObjectHash: Compacting FUObjectHashTables data took   1.92ms
[2025.12.16-20.15.28:801][439]LogWorld: UWorld::CleanupWorld for World_1, bSessionEnded=true, bCleanupResources=true
[2025.12.16-20.15.28:801][439]LogWorld: UWorld::CleanupWorld for World_0, bSessionEnded=true, bCleanupResources=true
[2025.12.16-20.15.28:841][439]LogDemo: Cleaned up 0 splitscreen connections with owner deletion
[2025.12.16-20.15.28:854][439]LogWorld: UWorld::CleanupWorld for None, bSessionEnded=true, bCleanupResources=true
[2025.12.16-20.15.28:856][439]LogExit: Editor shut down
[2025.12.16-20.15.28:856][439]LogExit: Transaction tracking system shut down
[2025.12.16-20.15.29:188][439]LogExit: Object subsystem successfully closed.
[2025.12.16-20.15.29:227][439]LogShaderCompilers: Display: === FShaderJobCache stats ===
[2025.12.16-20.15.29:228][439]LogShaderCompilers: Display: Total job queries 0, among them cache hits 0 (0.00%)
[2025.12.16-20.15.29:228][439]LogShaderCompilers: Display: Tracking 0 distinct input hashes that result in 0 distinct outputs (0.00%)
[2025.12.16-20.15.29:228][439]LogShaderCompilers: Display: RAM used: 0.00 MB (0.00 GB) of 819.20 MB (0.80 GB) budget. Usage: 0.00%
[2025.12.16-20.15.29:228][439]LogShaderCompilers: Display: ================================================
[2025.12.16-20.15.29:240][439]LogShaderCompilers: Display: Shaders left to compile 0
[2025.12.16-20.15.29:342][439]LogModuleManager: Shutting down and abandoning module HierarchicalLODOutliner (872)
[2025.12.16-20.15.29:342][439]LogModuleManager: Shutting down and abandoning module SceneOutliner (870)
[2025.12.16-20.15.29:342][439]LogModuleManager: Shutting down and abandoning module AddContentDialog (868)
[2025.12.16-20.15.29:343][439]LogModuleManager: Shutting down and abandoning module WidgetCarousel (867)
[2025.12.16-20.15.29:343][439]LogModuleManager: Shutting down and abandoning module EditorWidgets (864)
[2025.12.16-20.15.29:343][439]LogModuleManager: Shutting down and abandoning module ExternalImagePicker (862)
[2025.12.16-20.15.29:343][439]LogModuleManager: Shutting down and abandoning module StatsViewer (860)
[2025.12.16-20.15.29:343][439]LogModuleManager: Shutting down and abandoning module PIEPreviewDeviceProfileSelector (858)
[2025.12.16-20.15.29:343][439]LogModuleManager: Shutting down and abandoning module SequenceRecorderSections (856)
[2025.12.16-20.15.29:343][439]LogModuleManager: Shutting down and abandoning module AutomationWorker (854)
[2025.12.16-20.15.29:343][439]LogModuleManager: Shutting down and abandoning module SteamVREditor (852)
[2025.12.16-20.15.29:344][439]LogModuleManager: Shutting down and abandoning module OculusMR (850)
[2025.12.16-20.15.29:344][439]LogModuleManager: Shutting down and abandoning module TextureAlignMode (848)
[2025.12.16-20.15.29:344][439]LogModuleManager: Shutting down and abandoning module BspMode (846)
[2025.12.16-20.15.29:344][439]LogModuleManager: Shutting down and abandoning module GeometryMode (844)
[2025.12.16-20.15.29:344][439]LogModuleManager: Shutting down and abandoning module TakeRecorderSources (842)
[2025.12.16-20.15.29:344][439]LogModuleManager: Shutting down and abandoning module TakeRecorder (841)
[2025.12.16-20.15.29:344][439]LogModuleManager: Shutting down and abandoning module TakeTrackRecorders (838)
[2025.12.16-20.15.29:344][439]LogModuleManager: Shutting down and abandoning module TakesCore (836)
[2025.12.16-20.15.29:344][439]LogModuleManager: Shutting down and abandoning module OpenXRInput (834)
[2025.12.16-20.15.29:344][439]LogModuleManager: Shutting down and abandoning module GooglePADEditor (832)
[2025.12.16-20.15.29:345][439]LogModuleManager: Shutting down and abandoning module AudioCaptureEditor (830)
[2025.12.16-20.15.29:345][439]LogModuleManager: Shutting down and abandoning module TemplateSequenceEditor (828)
[2025.12.16-20.15.29:345][439]LogModuleManager: Shutting down and abandoning module ActorSequenceEditor (826)
[2025.12.16-20.15.29:345][439]LogModuleManager: Shutting down and abandoning module MatineeToLevelSequence (824)
[2025.12.16-20.15.29:345][439]LogModuleManager: Shutting down and abandoning module LevelSequenceEditor (822)
[2025.12.16-20.15.29:345][439]LogModuleManager: Shutting down and abandoning module PlanarCut (820)
[2025.12.16-20.15.29:345][439]LogModuleManager: Shutting down and abandoning module MediaPlayerEditor (818)
[2025.12.16-20.15.29:345][439]LogModuleManager: Shutting down and abandoning module WmfMediaFactory (816)
[2025.12.16-20.15.29:345][439]LogModuleManager: Shutting down and abandoning module WmfMediaEditor (814)
[2025.12.16-20.15.29:345][439]LogModuleManager: Shutting down and abandoning module WebMMediaFactory (812)
[2025.12.16-20.15.29:345][439]LogModuleManager: Shutting down and abandoning module WebMMediaEditor (810)
[2025.12.16-20.15.29:345][439]LogModuleManager: Shutting down and abandoning module WebMMedia (808)
[2025.12.16-20.15.29:346][439]LogModuleManager: Shutting down and abandoning module MediaCompositingEditor (806)
[2025.12.16-20.15.29:346][439]LogModuleManager: Shutting down and abandoning module SequenceRecorder (805)
[2025.12.16-20.15.29:346][439]LogModuleManager: Shutting down and abandoning module OpenExrWrapper (802)
[2025.12.16-20.15.29:346][439]LogModuleManager: Shutting down and abandoning module ImgMediaFactory (800)
[2025.12.16-20.15.29:346][439]LogModuleManager: Shutting down and abandoning module ImgMediaEditor (798)
[2025.12.16-20.15.29:346][439]LogModuleManager: Shutting down and abandoning module AvfMediaFactory (796)
[2025.12.16-20.15.29:346][439]LogModuleManager: Shutting down and abandoning module AvfMediaEditor (794)
[2025.12.16-20.15.29:346][439]LogModuleManager: Shutting down and abandoning module AndroidMediaFactory (792)
[2025.12.16-20.15.29:346][439]LogModuleManager: Shutting down and abandoning module AndroidMediaEditor (790)
[2025.12.16-20.15.29:346][439]LogModuleManager: Shutting down and abandoning module CharacterAI (788)
[2025.12.16-20.15.29:346][439]LogModuleManager: Shutting down and abandoning module MagicLeapMediaCodecFactory (786)
[2025.12.16-20.15.29:346][439]LogModuleManager: Shutting down and abandoning module MagicLeapMediaFactory (784)
[2025.12.16-20.15.29:346][439]LogModuleManager: Shutting down and abandoning module MagicLeapMediaEditor (782)
[2025.12.16-20.15.29:346][439]LogModuleManager: Shutting down and abandoning module CameraShakePreviewer (780)
[2025.12.16-20.15.29:346][439]LogModuleManager: Shutting down and abandoning module SmartSnapping (778)
[2025.12.16-20.15.29:346][439]LogModuleManager: Shutting down and abandoning module SessionServices (776)
[2025.12.16-20.15.29:347][439]LogModuleManager: Shutting down and abandoning module MeshPaint (774)
[2025.12.16-20.15.29:347][439]LogModuleManager: Shutting down and abandoning module VirtualTexturingEditor (772)
[2025.12.16-20.15.29:347][439]LogModuleManager: Shutting down and abandoning module FoliageEdit (770)
[2025.12.16-20.15.29:347][439]LogModuleManager: Shutting down and abandoning module LandscapeEditor (768)
[2025.12.16-20.15.29:347][439]LogModuleManager: Shutting down and abandoning module MeshPaintMode (766)
[2025.12.16-20.15.29:347][439]LogModuleManager: Shutting down and abandoning module SceneDepthPickerMode (764)
[2025.12.16-20.15.29:347][439]LogModuleManager: Shutting down and abandoning module ActorPickerMode (762)
[2025.12.16-20.15.29:347][439]LogModuleManager: Shutting down and abandoning module PlacementMode (760)
[2025.12.16-20.15.29:348][439]LogModuleManager: Shutting down and abandoning module ViewportSnapping (758)
[2025.12.16-20.15.29:349][439]LogModuleManager: Shutting down and abandoning module ViewportInteraction (756)
[2025.12.16-20.15.29:349][439]LogModuleManager: Shutting down and abandoning module ClothPainter (754)
[2025.12.16-20.15.29:349][439]LogModuleManager: Shutting down and abandoning module SkeletalMeshEditor (753)
[2025.12.16-20.15.29:349][439]LogModuleManager: Shutting down and abandoning module LogVisualizer (750)
[2025.12.16-20.15.29:349][439]LogModuleManager: Shutting down and abandoning module IntroTutorials (748)
[2025.12.16-20.15.29:350][439]LogModuleManager: Shutting down and abandoning module GameProjectGeneration (747)
[2025.12.16-20.15.29:350][439]LogModuleManager: Shutting down and abandoning module LuminPlatformEditor (744)
[2025.12.16-20.15.29:350][439]LogModuleManager: Shutting down and abandoning module IOSPlatformEditor (742)
[2025.12.16-20.15.29:350][439]LogModuleManager: Shutting down and abandoning module AndroidPlatformEditor (740)
[2025.12.16-20.15.29:350][439]LogModuleManager: Shutting down and abandoning module AndroidDeviceDetection (739)
[2025.12.16-20.15.30:277][439]LogModuleManager: Shutting down and abandoning module WindowsPlatformEditor (736)
[2025.12.16-20.15.30:277][439]LogModuleManager: Shutting down and abandoning module LuminRuntimeSettings (734)
[2025.12.16-20.15.30:277][439]LogModuleManager: Shutting down and abandoning module IOSRuntimeSettings (732)
[2025.12.16-20.15.30:277][439]LogModuleManager: Shutting down and abandoning module AndroidRuntimeSettings (730)
[2025.12.16-20.15.30:277][439]LogModuleManager: Shutting down and abandoning module TraceInsights (728)
[2025.12.16-20.15.30:278][439]MemoryProfiler: Shutdown
[2025.12.16-20.15.30:278][439]NetworkingProfiler: Shutdown
[2025.12.16-20.15.30:278][439]LoadingProfiler: Shutdown
[2025.12.16-20.15.30:278][439]TimingProfiler: Shutdown
[2025.12.16-20.15.30:278][439]LogModuleManager: Shutting down and abandoning module TraceServices (727)
[2025.12.16-20.15.30:278][439]LogModuleManager: Shutting down and abandoning module EditorInteractiveToolsFramework (724)
[2025.12.16-20.15.30:278][439]LogModuleManager: Shutting down and abandoning module TimeManagementEditor (722)
[2025.12.16-20.15.30:278][439]LogModuleManager: Shutting down and abandoning module InputBindingEditor (720)
[2025.12.16-20.15.30:278][439]LogModuleManager: Shutting down and abandoning module MergeActors (718)
[2025.12.16-20.15.30:278][439]LogModuleManager: Shutting down and abandoning module LocalizationDashboard (716)
[2025.12.16-20.15.30:278][439]LogModuleManager: Shutting down and abandoning module LocalizationService (715)
[2025.12.16-20.15.30:278][439]LogModuleManager: Shutting down and abandoning module HardwareTargeting (712)
[2025.12.16-20.15.30:278][439]LogModuleManager: Shutting down and abandoning module DeviceProfileEditor (710)
[2025.12.16-20.15.30:278][439]LogModuleManager: Shutting down and abandoning module UndoHistory (708)
[2025.12.16-20.15.30:278][439]LogModuleManager: Shutting down and abandoning module XmlParser (706)
[2025.12.16-20.15.30:278][439]LogModuleManager: Shutting down and abandoning module Blutility (704)
[2025.12.16-20.15.30:278][439]LogModuleManager: Shutting down and abandoning module ProjectSettingsViewer (702)
[2025.12.16-20.15.30:278][439]LogModuleManager: Shutting down and abandoning module ProjectTargetPlatformEditor (701)
[2025.12.16-20.15.30:278][439]LogModuleManager: Shutting down and abandoning module EditorSettingsViewer (698)
[2025.12.16-20.15.30:278][439]LogModuleManager: Shutting down and abandoning module InternationalizationSettings (697)
[2025.12.16-20.15.30:278][439]LogModuleManager: Shutting down and abandoning module SettingsEditor (694)
[2025.12.16-20.15.30:278][439]LogModuleManager: Shutting down and abandoning module ProjectLauncher (692)
[2025.12.16-20.15.30:278][439]LogModuleManager: Shutting down and abandoning module SessionFrontend (690)
[2025.12.16-20.15.30:278][439]LogModuleManager: Shutting down and abandoning module ProfilerClient (688)
[2025.12.16-20.15.30:278][439]LogModuleManager: Shutting down and abandoning module DeviceManager (686)
[2025.12.16-20.15.30:280][439]LogModuleManager: Shutting down and abandoning module TargetDeviceServices (685)
[2025.12.16-20.15.30:312][439]LogModuleManager: Shutting down and abandoning module AutomationController (682)
[2025.12.16-20.15.30:312][439]LogModuleManager: Shutting down and abandoning module AutomationWindow (680)
[2025.12.16-20.15.30:312][439]LogModuleManager: Shutting down and abandoning module Layers (678)
[2025.12.16-20.15.30:312][439]LogModuleManager: Shutting down and abandoning module ComponentVisualizers (676)
[2025.12.16-20.15.30:312][439]LogModuleManager: Shutting down and abandoning module DetailCustomizations (674)
[2025.12.16-20.15.30:312][439]LogModuleManager: Shutting down and abandoning module PackagesDialog (672)
[2025.12.16-20.15.30:312][439]LogModuleManager: Shutting down and abandoning module AnimationBlueprintEditor (670)
[2025.12.16-20.15.30:312][439]LogModuleManager: Shutting down and abandoning module Persona (668)
[2025.12.16-20.15.30:312][439]LogModuleManager: Shutting down and abandoning module AdvancedPreviewScene (667)
[2025.12.16-20.15.30:312][439]LogModuleManager: Shutting down and abandoning module AnimGraph (665)
[2025.12.16-20.15.30:312][439]LogModuleManager: Shutting down and abandoning module Kismet (662)
[2025.12.16-20.15.30:313][439]LogModuleManager: Shutting down and abandoning module KismetWidgets (661)
[2025.12.16-20.15.30:313][439]LogModuleManager: Shutting down and abandoning module GraphEditor (658)
[2025.12.16-20.15.30:313][439]LogModuleManager: Shutting down and abandoning module StructViewer (656)
[2025.12.16-20.15.30:313][439]LogModuleManager: Shutting down and abandoning module ClassViewer (654)
[2025.12.16-20.15.30:313][439]LogModuleManager: Shutting down and abandoning module Toolbox (652)
[2025.12.16-20.15.30:313][439]LogModuleManager: Shutting down and abandoning module ModuleUI (650)
[2025.12.16-20.15.30:313][439]LogModuleManager: Shutting down and abandoning module OutputLog (648)
[2025.12.16-20.15.30:313][439]LogModuleManager: Shutting down and abandoning module GammaUI (646)
[2025.12.16-20.15.30:313][439]LogModuleManager: Shutting down and abandoning module Documentation (644)
[2025.12.16-20.15.30:313][439]LogModuleManager: Shutting down and abandoning module LiveCoding (642)
[2025.12.16-20.15.30:314][439]LogModuleManager: Shutting down and abandoning module LevelSequence (640)
[2025.12.16-20.15.30:314][439]LogModuleManager: Shutting down and abandoning module MovieSceneTracks (638)
[2025.12.16-20.15.30:314][439]LogModuleManager: Shutting down and abandoning module MovieScene (636)
[2025.12.16-20.15.30:314][439]LogModuleManager: Shutting down and abandoning module StreamingPauseRendering (634)
[2025.12.16-20.15.30:314][439]LogModuleManager: Shutting down and abandoning module LauncherPlatform (632)
[2025.12.16-20.15.30:314][439]LogModuleManager: Shutting down and abandoning module AnalyticsET (630)
[2025.12.16-20.15.30:314][439]LogModuleManager: Shutting down and abandoning module PortalServices (628)
[2025.12.16-20.15.30:314][439]LogModuleManager: Shutting down and abandoning module PortalRpc (626)
[2025.12.16-20.15.30:314][439]LogModuleManager: Shutting down and abandoning module MessagingRpc (624)
[2025.12.16-20.15.30:314][439]LogModuleManager: Shutting down and abandoning module AudioMixerXAudio2 (622)
[2025.12.16-20.15.30:314][439]LogModuleManager: Shutting down and abandoning module AudioMixerCore (621)
[2025.12.16-20.15.30:314][439]LogModuleManager: Shutting down and abandoning module AIModule (618)
[2025.12.16-20.15.30:314][439]LogModuleManager: Shutting down and abandoning module GameplayDebugger (617)
[2025.12.16-20.15.30:314][439]LogModuleManager: Shutting down and abandoning module AITestSuite (615)
[2025.12.16-20.15.30:314][439]LogModuleManager: Shutting down and abandoning module NavigationSystem (613)
[2025.12.16-20.15.30:314][439]LogModuleManager: Shutting down and abandoning module ImageWriteQueue (610)
[2025.12.16-20.15.30:331][439]LogModuleManager: Shutting down and abandoning module ProfilerService (608)
[2025.12.16-20.15.30:524][439]LogModuleManager: Shutting down and abandoning module TaskGraph (606)
[2025.12.16-20.15.30:524][439]LogModuleManager: Shutting down and abandoning module AudioSynesthesiaEditor (604)
[2025.12.16-20.15.30:524][439]LogModuleManager: Shutting down and abandoning module ContentBrowserFileDataSource (602)
[2025.12.16-20.15.30:524][439]LogModuleManager: Shutting down and abandoning module ContentBrowserClassDataSource (600)
[2025.12.16-20.15.30:524][439]LogModuleManager: Shutting down and abandoning module ContentBrowserAssetDataSource (598)
[2025.12.16-20.15.30:524][439]LogModuleManager: Shutting down and abandoning module CollectionManager (597)
[2025.12.16-20.15.30:524][439]LogModuleManager: Shutting down and abandoning module OculusEditor (594)
[2025.12.16-20.15.30:524][439]LogModuleManager: Shutting down and abandoning module OculusInput (592)
[2025.12.16-20.15.30:524][439]LogModuleManager: Shutting down and abandoning module SpeedTreeImporter (590)
[2025.12.16-20.15.30:524][439]LogModuleManager: Shutting down and abandoning module MobileLauncherProfileWizard (588)
[2025.12.16-20.15.30:525][439]LogModuleManager: Shutting down and abandoning module MaterialAnalyzer (586)
[2025.12.16-20.15.30:525][439]LogModuleManager: Shutting down and abandoning module PluginBrowser (584)
[2025.12.16-20.15.30:525][439]LogModuleManager: Shutting down and abandoning module CurveEditorTools (582)
[2025.12.16-20.15.30:525][439]LogModuleManager: Shutting down and abandoning module CryptoKeysOpenSSL (580)
[2025.12.16-20.15.30:525][439]LogModuleManager: Shutting down and abandoning module CryptoKeys (578)
[2025.12.16-20.15.30:525][439]LogModuleManager: Shutting down and abandoning module TakeSequencer (576)
[2025.12.16-20.15.30:525][439]LogModuleManager: Shutting down and abandoning module TakeMovieScene (574)
[2025.12.16-20.15.30:525][439]LogModuleManager: Shutting down and abandoning module ScreenshotTools (572)
[2025.12.16-20.15.30:525][439]LogModuleManager: Shutting down and abandoning module SynthesisEditor (570)
[2025.12.16-20.15.30:525][439]LogModuleManager: Shutting down and abandoning module Synthesis (568)
[2025.12.16-20.15.30:525][439]LogModuleManager: Shutting down and abandoning module ProceduralMeshComponentEditor (566)
[2025.12.16-20.15.30:525][439]LogModuleManager: Shutting down and abandoning module ProceduralMeshComponent (564)
[2025.12.16-20.15.30:525][439]LogModuleManager: Shutting down and abandoning module OpenXREditor (562)
[2025.12.16-20.15.30:525][439]LogModuleManager: Shutting down and abandoning module MobilePatchingUtils (560)
[2025.12.16-20.15.30:525][439]LogModuleManager: Shutting down and abandoning module GooglePAD (558)
[2025.12.16-20.15.30:525][439]LogModuleManager: Shutting down and abandoning module CustomMeshComponent (556)
[2025.12.16-20.15.30:525][439]LogModuleManager: Shutting down and abandoning module EditableMesh (554)
[2025.12.16-20.15.30:525][439]LogModuleManager: Shutting down and abandoning module AssetTags (552)
[2025.12.16-20.15.30:525][439]LogModuleManager: Shutting down and abandoning module AudioCapture (550)
[2025.12.16-20.15.30:525][439]LogModuleManager: Shutting down and abandoning module AudioCaptureRtAudio (549)
[2025.12.16-20.15.30:525][439]LogModuleManager: Shutting down and abandoning module CableComponent (546)
[2025.12.16-20.15.30:525][439]LogModuleManager: Shutting down and abandoning module ArchVisCharacter (544)
[2025.12.16-20.15.30:525][439]LogModuleManager: Shutting down and abandoning module AppleImageUtilsBlueprintSupport (542)
[2025.12.16-20.15.30:525][439]LogModuleManager: Shutting down and abandoning module AppleImageUtils (540)
[2025.12.16-20.15.30:525][439]LogModuleManager: Shutting down and abandoning module AndroidPermission (538)
[2025.12.16-20.15.30:525][439]LogModuleManager: Shutting down and abandoning module ActorLayerUtilitiesEditor (536)
[2025.12.16-20.15.30:525][439]LogModuleManager: Shutting down and abandoning module ActorLayerUtilities (534)
[2025.12.16-20.15.30:525][439]LogModuleManager: Shutting down and abandoning module TemplateSequence (532)
[2025.12.16-20.15.30:525][439]LogModuleManager: Shutting down and abandoning module OpenImageDenoise (530)
[2025.12.16-20.15.30:525][439]LogOpenImageDenoise: OIDN shutting down
[2025.12.16-20.15.30:525][439]LogModuleManager: Shutting down and abandoning module MotoSynthEditor (528)
[2025.12.16-20.15.30:525][439]LogModuleManager: Shutting down and abandoning module MotoSynth (526)
[2025.12.16-20.15.30:525][439]LogModuleManager: Shutting down and abandoning module MeshConversion (524)
[2025.12.16-20.15.30:525][439]LogModuleManager: Shutting down and abandoning module DynamicMesh (522)
[2025.12.16-20.15.30:525][439]LogModuleManager: Shutting down and abandoning module GeometryAlgorithms (520)
[2025.12.16-20.15.30:525][439]LogModuleManager: Shutting down and abandoning module GeometricObjects (518)
[2025.12.16-20.15.30:525][439]LogModuleManager: Shutting down and abandoning module GeometryCollectionTracks (516)
[2025.12.16-20.15.30:525][439]LogModuleManager: Shutting down and abandoning module GeometryCollectionSequencer (515)
[2025.12.16-20.15.30:525][439]LogModuleManager: Shutting down and abandoning module GeometryCollectionEditor (512)
[2025.12.16-20.15.30:525][439]LogModuleManager: Shutting down and abandoning module GeometryCacheTracks (510)
[2025.12.16-20.15.30:525][439]LogModuleManager: Shutting down and abandoning module GeometryCacheStreamer (508)
[2025.12.16-20.15.30:525][439]LogModuleManager: Shutting down and abandoning module GeometryCacheSequencer (506)
[2025.12.16-20.15.30:525][439]LogModuleManager: Shutting down and abandoning module MediaCompositing (504)
[2025.12.16-20.15.30:525][439]LogModuleManager: Shutting down and abandoning module ImgMedia (502)
[2025.12.16-20.15.30:525][439]LogModuleManager: Shutting down and abandoning module ChaosSolverEditor (500)
[2025.12.16-20.15.30:525][439]LogModuleManager: Shutting down and abandoning module FractureEditor (498)
[2025.12.16-20.15.30:525][439]LogModuleManager: Shutting down and abandoning module ChaosNiagara (496)
[2025.12.16-20.15.30:525][439]LogModuleManager: Shutting down and abandoning module FieldSystemEngine (495)
[2025.12.16-20.15.30:525][439]LogModuleManager: Shutting down and abandoning module ChaosClothEditor (492)
[2025.12.16-20.15.30:525][439]LogModuleManager: Shutting down and abandoning module BackChannel (490)
[2025.12.16-20.15.30:525][439]LogModuleManager: Shutting down and abandoning module AutomationUtilsEditor (488)
[2025.12.16-20.15.30:526][439]LogModuleManager: Shutting down and abandoning module AutomationUtils (486)
[2025.12.16-20.15.30:526][439]LogModuleManager: Shutting down and abandoning module AlembicImporter (484)
[2025.12.16-20.15.30:526][439]LogModuleManager: Shutting down and abandoning module AlembicLibrary (483)
[2025.12.16-20.15.30:526][439]LogModuleManager: Shutting down and abandoning module GeometryCache (482)
[2025.12.16-20.15.30:526][439]LogModuleManager: Shutting down and abandoning module GeometryCacheEd (481)
[2025.12.16-20.15.30:526][439]LogModuleManager: Shutting down and abandoning module NiagaraEditorWidgets (476)
[2025.12.16-20.15.30:526][439]LogModuleManager: Shutting down and abandoning module MagicLeapSharedWorld (474)
[2025.12.16-20.15.30:526][439]LogModuleManager: Shutting down and abandoning module MagicLeapLightEstimation (472)
[2025.12.16-20.15.30:526][439]LogModuleManager: Shutting down and abandoning module MagicLeapHelperVulkan (470)
[2025.12.16-20.15.30:526][439]LogModuleManager: Shutting down and abandoning module MagicLeapHelperOpenGL (468)
[2025.12.16-20.15.30:526][439]LogModuleManager: Shutting down and abandoning module MagicLeapAudio (466)
[2025.12.16-20.15.30:526][439]LogModuleManager: Shutting down and abandoning module VariantManagerContentEditor (464)
[2025.12.16-20.15.30:526][439]LogModuleManager: Shutting down and abandoning module DatasmithContentEditor (462)
[2025.12.16-20.15.30:526][439]LogModuleManager: Shutting down and abandoning module UObjectPlugin (460)
[2025.12.16-20.15.30:526][439]LogModuleManager: Shutting down and abandoning module VisualStudioCodeSourceCodeAccess (458)
[2025.12.16-20.15.30:526][439]LogModuleManager: Shutting down and abandoning module VisualStudioSourceCodeAccess (456)
[2025.12.16-20.15.30:526][439]LogModuleManager: Shutting down and abandoning module RiderSourceCodeAccess (454)
[2025.12.16-20.15.30:526][439]LogModuleManager: Shutting down and abandoning module SubversionSourceControl (452)
[2025.12.16-20.15.30:526][439]LogModuleManager: Shutting down and abandoning module PluginUtils (450)
[2025.12.16-20.15.30:526][439]LogModuleManager: Shutting down and abandoning module PlasticSourceControl (448)
[2025.12.16-20.15.30:526][439]LogModuleManager: Shutting down and abandoning module PerforceSourceControl (446)
[2025.12.16-20.15.30:526][439]LogModuleManager: Shutting down and abandoning module CLionSourceCodeAccess (444)
[2025.12.16-20.15.30:526][439]LogModuleManager: Shutting down and abandoning module GitSourceControl (442)
[2025.12.16-20.15.30:526][439]LogModuleManager: Shutting down and abandoning module SourceControl (441)
[2025.12.16-20.15.30:526][439]LogModuleManager: Shutting down and abandoning module AnimationSharingEd (438)
[2025.12.16-20.15.30:526][439]LogModuleManager: Shutting down and abandoning module OodleNetworkHandlerComponent (436)
[2025.12.16-20.15.30:526][439]LogModuleManager: Shutting down and abandoning module LightPropagationVolumeEditor (434)
[2025.12.16-20.15.30:526][439]LogModuleManager: Shutting down and abandoning module LiveLinkSequencer (432)
[2025.12.16-20.15.30:526][439]LogModuleManager: Shutting down and abandoning module LiveLinkMovieScene (430)
[2025.12.16-20.15.30:526][439]LogModuleManager: Shutting down and abandoning module LiveLinkGraphNode (428)
[2025.12.16-20.15.30:526][439]LogModuleManager: Shutting down and abandoning module LiveLinkEditor (426)
[2025.12.16-20.15.30:526][439]LogModuleManager: Shutting down and abandoning module LiveLinkComponents (424)
[2025.12.16-20.15.30:526][439]LogModuleManager: Shutting down and abandoning module LiveLink (422)
[2025.12.16-20.15.30:533][439]LogModuleManager: Shutting down and abandoning module PaperTiledImporter (420)
[2025.12.16-20.15.30:533][439]LogModuleManager: Shutting down and abandoning module PaperSpriteSheetImporter (418)
[2025.12.16-20.15.30:533][439]LogModuleManager: Shutting down and abandoning module Paper2DEditor (416)
[2025.12.16-20.15.30:533][439]LogModuleManager: Shutting down and abandoning module MeshPaintingToolset (414)
[2025.12.16-20.15.30:533][439]LogModuleManager: Shutting down and abandoning module MeshPaintEditorMode (412)
[2025.12.16-20.15.30:533][439]LogModuleManager: Shutting down and abandoning module GameplayTagsEditor (410)
[2025.12.16-20.15.30:533][439]LogModuleManager: Shutting down and abandoning module DataValidation (408)
[2025.12.16-20.15.30:533][439]LogModuleManager: Shutting down and abandoning module FacialAnimationEditor (406)
[2025.12.16-20.15.30:533][439]LogModuleManager: Shutting down and abandoning module FacialAnimation (404)
[2025.12.16-20.15.30:533][439]LogModuleManager: Shutting down and abandoning module SignificanceManager (402)
[2025.12.16-20.15.30:533][439]LogModuleManager: Shutting down and abandoning module SoundFields (400)
[2025.12.16-20.15.30:533][439]LogModuleManager: Shutting down and abandoning module PropertyAccessEditor (398)
[2025.12.16-20.15.30:533][439]LogModuleManager: Shutting down and abandoning module RuntimePhysXCooking (396)
[2025.12.16-20.15.30:533][439]LogModuleManager: Shutting down and abandoning module PhysXVehiclesEditor (394)
[2025.12.16-20.15.30:533][439]LogModuleManager: Shutting down and abandoning module LocationServicesBPLibrary (390)
[2025.12.16-20.15.30:533][439]LogModuleManager: Shutting down and abandoning module AudioSynesthesia (388)
[2025.12.16-20.15.30:533][439]LogModuleManager: Shutting down and abandoning module AudioSynesthesiaCore (386)
[2025.12.16-20.15.30:533][439]LogModuleManager: Shutting down and abandoning module ActorSequence (384)
[2025.12.16-20.15.30:533][439]LogModuleManager: Shutting down and abandoning module PythonScriptPlugin (382)
[2025.12.16-20.15.30:533][439]LogModuleManager: Shutting down and abandoning module UdpMessaging (380)
[2025.12.16-20.15.30:635][439]LogModuleManager: Shutting down and abandoning module TcpMessaging (378)
[2025.12.16-20.15.30:736][439]LogModuleManager: Shutting down and abandoning module ImgMediaEngine (376)
[2025.12.16-20.15.30:736][439]LogModuleManager: Shutting down and abandoning module NiagaraAnimNotifies (374)
[2025.12.16-20.15.30:736][439]LogModuleManager: Shutting down and abandoning module Niagara (372)
[2025.12.16-20.15.30:736][439]LogModuleManager: Shutting down and abandoning module SignalProcessing (371)
[2025.12.16-20.15.30:736][439]LogModuleManager: Shutting down and abandoning module NiagaraEditor (369)
[2025.12.16-20.15.30:736][439]LogModuleManager: Shutting down and abandoning module NiagaraCore (366)
[2025.12.16-20.15.30:736][439]LogModuleManager: Shutting down and abandoning module AssetManagerEditor (364)
[2025.12.16-20.15.30:736][439]LogModuleManager: Shutting down and abandoning module LevelEditor (363)
[2025.12.16-20.15.30:737][439]LogModuleManager: Shutting down and abandoning module PixelInspectorModule (362)
[2025.12.16-20.15.30:738][439]LogModuleManager: Shutting down and abandoning module CommonMenuExtensions (360)
[2025.12.16-20.15.30:738][439]LogModuleManager: Shutting down and abandoning module MainFrame (358)
[2025.12.16-20.15.30:738][439]LogModuleManager: Shutting down and abandoning module HotReload (357)
[2025.12.16-20.15.30:738][439]LogModuleManager: Shutting down and abandoning module ToolMenus (353)
[2025.12.16-20.15.30:738][439]LogModuleManager: Shutting down and abandoning module ContentBrowser (351)
[2025.12.16-20.15.30:738][439]LogModuleManager: Shutting down and abandoning module ContentBrowserData (350)
[2025.12.16-20.15.30:738][439]LogModuleManager: Shutting down and abandoning module TreeMap (347)
[2025.12.16-20.15.30:738][439]LogModuleManager: Shutting down and abandoning module MagicLeapARPin (344)
[2025.12.16-20.15.30:738][439]LogModuleManager: Shutting down and abandoning module MagicLeapHandMeshing (342)
[2025.12.16-20.15.30:738][439]LogModuleManager: Shutting down and abandoning module MagicLeapSecureStorage (340)
[2025.12.16-20.15.30:738][439]LogModuleManager: Shutting down and abandoning module MagicLeapPrivileges (338)
[2025.12.16-20.15.30:738][439]LogModuleManager: Shutting down and abandoning module MagicLeapPlanes (336)
[2025.12.16-20.15.30:738][439]LogMagicLeapPlanes: Planes tracker already destroyed.
[2025.12.16-20.15.30:738][439]LogModuleManager: Shutting down and abandoning module MagicLeapImageTracker (334)
[2025.12.16-20.15.30:739][439]LogModuleManager: Shutting down and abandoning module MagicLeapIdentity (332)
[2025.12.16-20.15.30:739][439]LogModuleManager: Shutting down and abandoning module MagicLeapHandTracking (330)
[2025.12.16-20.15.30:739][439]LogModuleManager: Shutting down and abandoning module MagicLeapEyeTracker (328)
[2025.12.16-20.15.30:739][439]LogModuleManager: Shutting down and abandoning module MagicLeapController (326)
[2025.12.16-20.15.30:739][439]LogModuleManager: Shutting down and abandoning module MagicLeapARPinImpl (324)
[2025.12.16-20.15.30:739][439]LogModuleManager: Shutting down and abandoning module MagicLeapAR (322)
[2025.12.16-20.15.30:739][439]LogModuleManager: Shutting down and abandoning module PropertyAccessNode (320)
[2025.12.16-20.15.30:739][439]LogModuleManager: Shutting down and abandoning module AnimationSharing (318)
[2025.12.16-20.15.30:739][439]LogModuleManager: Shutting down and abandoning module LightPropagationVolumeRuntime (316)
[2025.12.16-20.15.30:739][439]LogModuleManager: Shutting down and abandoning module GameplayCameras (314)
[2025.12.16-20.15.30:739][439]LogModuleManager: Shutting down and abandoning module EnvironmentQueryEditor (312)
[2025.12.16-20.15.30:739][439]LogModuleManager: Shutting down and abandoning module Paper2D (310)
[2025.12.16-20.15.30:739][439]LogModuleManager: Shutting down and abandoning module WindowsMoviePlayer (308)
[2025.12.16-20.15.30:740][439]LogModuleManager: Shutting down and abandoning module WebMMoviePlayer (306)
[2025.12.16-20.15.30:740][439]LogModuleManager: Shutting down and abandoning module NetworkReplayStreaming (304)
[2025.12.16-20.15.30:740][439]LogModuleManager: Shutting down and abandoning module PacketHandler (302)
[2025.12.16-20.15.30:740][439]LogModuleManager: Shutting down and abandoning module ClothingSystemEditor (300)
[2025.12.16-20.15.30:740][439]LogModuleManager: Shutting down and abandoning module ClothingSystemRuntimeNv (298)
[2025.12.16-20.15.30:740][439]LogModuleManager: Shutting down and abandoning module MediaAssets (296)
[2025.12.16-20.15.30:740][439]LogModuleManager: Shutting down and abandoning module Overlay (294)
[2025.12.16-20.15.30:740][439]LogModuleManager: Shutting down and abandoning module OverlayEditor (293)
[2025.12.16-20.15.30:740][439]LogModuleManager: Shutting down and abandoning module VREditor (290)
[2025.12.16-20.15.30:740][439]LogModuleManager: Shutting down and abandoning module StringTableEditor (288)
[2025.12.16-20.15.30:741][439]LogModuleManager: Shutting down and abandoning module GameplayTasksEditor (286)
[2025.12.16-20.15.30:741][439]LogModuleManager: Shutting down and abandoning module BehaviorTreeEditor (284)
[2025.12.16-20.15.30:741][439]LogModuleManager: Shutting down and abandoning module FunctionalTesting (282)
[2025.12.16-20.15.30:741][439]LogModuleManager: Shutting down and abandoning module CollisionAnalyzer (280)
[2025.12.16-20.15.30:741][439]LogModuleManager: Shutting down and abandoning module WorkspaceMenuStructure (279)
[2025.12.16-20.15.30:741][439]LogModuleManager: Shutting down and abandoning module UMG (276)
[2025.12.16-20.15.30:741][439]LogModuleManager: Shutting down and abandoning module UMGEditor (275)
[2025.12.16-20.15.30:741][439]LogModuleManager: Shutting down and abandoning module MessageLog (273)
[2025.12.16-20.15.30:741][439]LogModuleManager: Shutting down and abandoning module SlateReflector (268)
[2025.12.16-20.15.30:741][439]LogModuleManager: Shutting down and abandoning module Slate (266)
[2025.12.16-20.15.30:741][439]LogModuleManager: Shutting down and abandoning module SlateCore (264)
[2025.12.16-20.15.30:742][439]LogModuleManager: Shutting down and abandoning module LandscapeEditorUtilities (262)
[2025.12.16-20.15.30:742][439]LogModuleManager: Shutting down and abandoning module UnrealEd (260)
[2025.12.16-20.15.30:742][439]LogModuleManager: Shutting down and abandoning module MRMesh (258)
[2025.12.16-20.15.30:742][439]LogModuleManager: Shutting down and abandoning module SourceCodeAccess (256)
[2025.12.16-20.15.30:742][439]LogModuleManager: Shutting down and abandoning module HeadMountedDisplay (254)
[2025.12.16-20.15.30:742][439]LogModuleManager: Shutting down and abandoning module XAudio2 (252)
[2025.12.16-20.15.30:742][439]LogModuleManager: Shutting down and abandoning module Networking (250)
[2025.12.16-20.15.30:742][439]LogModuleManager: Shutting down and abandoning module Core (248)
[2025.12.16-20.15.30:742][439]LogModuleManager: Shutting down and abandoning module MaterialEditor (246)
[2025.12.16-20.15.30:742][439]LogModuleManager: Shutting down and abandoning module MovieSceneTools (244)
[2025.12.16-20.15.30:742][439]LogModuleManager: Shutting down and abandoning module CurveEditor (243)
[2025.12.16-20.15.30:743][439]LogModuleManager: Shutting down and abandoning module Sequencer (241)
[2025.12.16-20.15.30:743][439]LogModuleManager: Shutting down and abandoning module EditorStyle (240)
[2025.12.16-20.15.30:744][439]LogModuleManager: Shutting down and abandoning module KismetCompiler (236)
[2025.12.16-20.15.30:744][439]LogModuleManager: Shutting down and abandoning module MeshBuilder (234)
[2025.12.16-20.15.30:744][439]LogModuleManager: Shutting down and abandoning module MeshUtilities (232)
[2025.12.16-20.15.30:744][439]LogModuleManager: Shutting down and abandoning module MeshMergeUtilities (231)
[2025.12.16-20.15.30:744][439]LogModuleManager: Shutting down and abandoning module MeshReductionInterface (230)
[2025.12.16-20.15.30:744][439]LogModuleManager: Shutting down and abandoning module MeshBoneReduction (229)
[2025.12.16-20.15.30:744][439]LogModuleManager: Shutting down and abandoning module SkeletalMeshReduction (227)
[2025.12.16-20.15.30:744][439]LogModuleManager: Shutting down and abandoning module ProxyLODMeshReduction (225)
[2025.12.16-20.15.30:744][439]LogModuleManager: Shutting down and abandoning module QuadricMeshReduction (223)
[2025.12.16-20.15.30:744][439]LogModuleManager: Shutting down and abandoning module MaterialBaking (219)
[2025.12.16-20.15.30:744][439]LogModuleManager: Shutting down and abandoning module NullInstallBundleManager (214)
[2025.12.16-20.15.30:744][439]LogModuleManager: Shutting down and abandoning module DerivedDataCache (212)
[2025.12.16-20.15.30:744][439]LogModuleManager: Shutting down and abandoning module TargetPlatform (210)
[2025.12.16-20.15.30:744][439]LogModuleManager: Shutting down and abandoning module VulkanShaderFormat (209)
[2025.12.16-20.15.30:744][439]LogModuleManager: Shutting down and abandoning module ShaderFormatVectorVM (207)
[2025.12.16-20.15.30:744][439]LogModuleManager: Shutting down and abandoning module ShaderFormatOpenGL (205)
[2025.12.16-20.15.30:744][439]LogModuleManager: Shutting down and abandoning module ShaderFormatD3D (203)
[2025.12.16-20.15.30:744][439]LogModuleManager: Shutting down and abandoning module MetalShaderFormat (201)
[2025.12.16-20.15.30:744][439]LogModuleManager: Shutting down and abandoning module TextureFormatOodle (199)
[2025.12.16-20.15.30:744][439]LogModuleManager: Shutting down and abandoning module TextureFormatUncompressed (197)
[2025.12.16-20.15.30:744][439]LogModuleManager: Shutting down and abandoning module TextureFormatPVR (195)
[2025.12.16-20.15.30:744][439]LogModuleManager: Shutting down and abandoning module TextureFormatETC2 (193)
[2025.12.16-20.15.30:744][439]LogModuleManager: Shutting down and abandoning module TextureFormatDXT (191)
[2025.12.16-20.15.30:744][439]LogModuleManager: Shutting down and abandoning module TextureFormatIntelISPCTexComp (189)
[2025.12.16-20.15.30:745][439]LogModuleManager: Shutting down and abandoning module TextureFormatASTC (187)
[2025.12.16-20.15.30:745][439]LogModuleManager: Shutting down and abandoning module ImageWrapper (186)
[2025.12.16-20.15.30:745][439]LogModuleManager: Shutting down and abandoning module AudioFormatOpus (183)
[2025.12.16-20.15.30:745][439]LogModuleManager: Shutting down and abandoning module AudioFormatOgg (181)
[2025.12.16-20.15.30:745][439]LogModuleManager: Shutting down and abandoning module AudioFormatADPCM (179)
[2025.12.16-20.15.30:745][439]LogModuleManager: Shutting down and abandoning module WindowsServerTargetPlatform (177)
[2025.12.16-20.15.30:745][439]LogModuleManager: Shutting down and abandoning module WindowsClientTargetPlatform (175)
[2025.12.16-20.15.30:745][439]LogModuleManager: Shutting down and abandoning module WindowsTargetPlatform (173)
[2025.12.16-20.15.30:745][439]LogModuleManager: Shutting down and abandoning module WindowsNoEditorTargetPlatform (171)
[2025.12.16-20.15.30:745][439]LogModuleManager: Shutting down and abandoning module TVOSTargetPlatform (169)
[2025.12.16-20.15.30:746][439]LogModuleManager: Shutting down and abandoning module MacServerTargetPlatform (167)
[2025.12.16-20.15.30:746][439]LogModuleManager: Shutting down and abandoning module MacClientTargetPlatform (165)
[2025.12.16-20.15.30:746][439]LogModuleManager: Shutting down and abandoning module MacTargetPlatform (163)
[2025.12.16-20.15.30:746][439]LogModuleManager: Shutting down and abandoning module MacNoEditorTargetPlatform (161)
[2025.12.16-20.15.30:746][439]LogModuleManager: Shutting down and abandoning module LuminTargetPlatform (159)
[2025.12.16-20.15.30:746][439]LogModuleManager: Shutting down and abandoning module LinuxAArch64ServerTargetPlatform (157)
[2025.12.16-20.15.30:747][439]LogModuleManager: Shutting down and abandoning module LinuxAArch64ClientTargetPlatform (155)
[2025.12.16-20.15.30:747][439]LogModuleManager: Shutting down and abandoning module LinuxAArch64NoEditorTargetPlatform (153)
[2025.12.16-20.15.30:747][439]LogModuleManager: Shutting down and abandoning module LinuxServerTargetPlatform (151)
[2025.12.16-20.15.30:747][439]LogModuleManager: Shutting down and abandoning module LinuxClientTargetPlatform (149)
[2025.12.16-20.15.30:747][439]LogModuleManager: Shutting down and abandoning module LinuxNoEditorTargetPlatform (147)
[2025.12.16-20.15.30:747][439]LogModuleManager: Shutting down and abandoning module LinuxTargetPlatform (145)
[2025.12.16-20.15.30:747][439]LogModuleManager: Shutting down and abandoning module Messaging (143)
[2025.12.16-20.15.30:747][439]LogModuleManager: Shutting down and abandoning module IOSTargetPlatform (141)
[2025.12.16-20.15.30:748][439]LogModuleManager: Shutting down and abandoning module AndroidTargetPlatform (139)
[2025.12.16-20.15.30:751][439]LogModuleManager: Shutting down and abandoning module AllDesktopTargetPlatform (137)
[2025.12.16-20.15.30:751][439]LogModuleManager: Shutting down and abandoning module D3D11RHI (134)
[2025.12.16-20.15.30:752][439]LogModuleManager: Shutting down and abandoning module InputCore (132)
[2025.12.16-20.15.30:752][439]LogModuleManager: Shutting down and abandoning module Settings (130)
[2025.12.16-20.15.30:752][439]LogModuleManager: Shutting down and abandoning module DirectoryWatcher (128)
[2025.12.16-20.15.30:752][439]LogModuleManager: Shutting down and abandoning module PhysXCooking (126)
[2025.12.16-20.15.30:752][439]LogModuleManager: Shutting down and abandoning module Chaos (124)
[2025.12.16-20.15.30:752][439]LogModuleManager: Shutting down and abandoning module WindowsPlatformFeatures (122)
[2025.12.16-20.15.30:752][439]LogModuleManager: Shutting down and abandoning module GameplayMediaEncoder (121)
[2025.12.16-20.15.30:752][439]LogModuleManager: Shutting down and abandoning module AVEncoder (120)
[2025.12.16-20.15.30:752][439]LogModuleManager: Shutting down and abandoning module SteamVRInputDevice (116)
[2025.12.16-20.15.30:752][439]LogModuleManager: Shutting down and abandoning module SteamVRInput (114)
[2025.12.16-20.15.30:752][439]LogModuleManager: Shutting down and abandoning module SteamVR (112)
[2025.12.16-20.15.30:752][439]LogHMD: Freeing OpenVRDLLHandle.
[2025.12.16-20.15.30:752][439]LogModuleManager: Shutting down and abandoning module OculusHMD (110)
[2025.12.16-20.15.30:752][439]LogModuleManager: Shutting down and abandoning module LauncherChunkInstaller (108)
[2025.12.16-20.15.30:752][439]LogModuleManager: Shutting down and abandoning module OpenXRHandTracking (106)
[2025.12.16-20.15.30:752][439]LogSlate: Slate User Destroyed.  User Index 0, Is Virtual User: 0
[2025.12.16-20.15.30:752][439]LogModuleManager: Shutting down and abandoning module OpenXREyeTracker (104)
[2025.12.16-20.15.30:752][439]LogModuleManager: Shutting down and abandoning module OpenXRAR (102)
[2025.12.16-20.15.30:752][439]LogModuleManager: Shutting down and abandoning module AugmentedReality (101)
[2025.12.16-20.15.30:752][439]LogModuleManager: Shutting down and abandoning module OpenXRHMD (98)
[2025.12.16-20.15.30:752][439]LogModuleManager: Shutting down and abandoning module OnlineBlueprintSupport (96)
[2025.12.16-20.15.30:752][439]LogModuleManager: Shutting down and abandoning module OnlineSubsystem (92)
[2025.12.16-20.15.30:755][439]LogModuleManager: Shutting down and abandoning module XMPP (87)
[2025.12.16-20.15.30:755][439]LogModuleManager: Shutting down and abandoning module WebSockets (86)
[2025.12.16-20.15.30:759][439]LogModuleManager: Shutting down and abandoning module HTTP (83)
[2025.12.16-20.15.30:759][439]LogHttp: Display: Http module shutting down, but needs to wait on 1 outstanding Http requests:
[2025.12.16-20.15.30:759][439]LogHttp: Display: 	verb=[POST] url=[https://datarouter.ol.epicgames.com/datarouter/api/v1/public/data?SessionID=%7B217CCFDC-4299-01CC-B9C1-92882C9943AB%7D&AppID=UEEditor.Rocket.Release&AppVersion=4.27.2-18319896%2B%2B%2BUE4%2BRelease-4.27&UserID=7b83658d48895a4a9156acb9207522bf%7C460cba60c5e74658afe364f0ea51f614%7Cbf6e2cad-2029-4761-9a4a-0e56c7890fd3&AppEnvironment=datacollector-binary&UploadType=eteventstream] refs=[1] status=Processing
[2025.12.16-20.15.30:759][439]LogHttp: Display: cleaning up 1 outstanding Http requests.
[2025.12.16-20.15.30:791][439]LogModuleManager: Shutting down and abandoning module SSL (82)
[2025.12.16-20.15.30:793][439]LogModuleManager: Shutting down and abandoning module ExampleDeviceProfileSelector (78)
[2025.12.16-20.15.30:793][439]LogModuleManager: Shutting down and abandoning module ChunkDownloader (76)
[2025.12.16-20.15.30:793][439]LogModuleManager: Shutting down and abandoning module WmfMedia (74)
[2025.12.16-20.15.30:796][439]LogModuleManager: Shutting down and abandoning module Media (73)
[2025.12.16-20.15.30:797][439]LogModuleManager: Shutting down and abandoning module MediaInfo (72)
[2025.12.16-20.15.30:797][439]LogModuleManager: Shutting down and abandoning module ExrReaderGpu (68)
[2025.12.16-20.15.30:797][439]LogModuleManager: Shutting down and abandoning module ChaosCloth (66)
[2025.12.16-20.15.30:797][439]LogModuleManager: Shutting down and abandoning module NiagaraVertexFactories (64)
[2025.12.16-20.15.30:797][439]LogModuleManager: Shutting down and abandoning module NiagaraShader (62)
[2025.12.16-20.15.30:797][439]LogModuleManager: Shutting down and abandoning module MLSDK (60)
[2025.12.16-20.15.30:797][439]LogModuleManager: Shutting down and abandoning module MagicLeap (58)
[2025.12.16-20.15.30:797][439]LogModuleManager: Shutting down and abandoning module VariantManagerContent (56)
[2025.12.16-20.15.30:797][439]LogModuleManager: Shutting down and abandoning module DatasmithContent (54)
[2025.12.16-20.15.30:798][439]LogModuleManager: Shutting down and abandoning module PixWinPlugin (52)
[2025.12.16-20.15.30:798][439]LogModuleManager: Shutting down and abandoning module AISupportModule (50)
[2025.12.16-20.15.30:798][439]LogModuleManager: Shutting down and abandoning module DesktopPlatform (48)
[2025.12.16-20.15.30:798][439]LogModuleManager: Shutting down and abandoning module PythonScriptPluginPreload (46)
[2025.12.16-20.15.30:798][439]LogModuleManager: Shutting down and abandoning module PlatformCryptoOpenSSL (44)
[2025.12.16-20.15.30:798][439]LogModuleManager: Shutting down and abandoning module PlatformCryptoTypes (42)
[2025.12.16-20.15.30:798][439]LogModuleManager: Shutting down and abandoning module PlatformCrypto (40)
[2025.12.16-20.15.30:798][439]LogModuleManager: Shutting down and abandoning module OodleDataCompressionFormat (38)
[2025.12.16-20.15.30:798][439]LogModuleManager: Shutting down and abandoning module XGEController (36)
[2025.12.16-20.15.30:798][439]LogModuleManager: Shutting down and abandoning module AnimationModifiers (34)
[2025.12.16-20.15.30:798][439]LogModuleManager: Shutting down and abandoning module AudioEditor (32)
[2025.12.16-20.15.30:798][439]LogModuleManager: Shutting down and abandoning module PropertyEditor (31)
[2025.12.16-20.15.30:799][439]LogModuleManager: Shutting down and abandoning module TextureCompressor (28)
[2025.12.16-20.15.30:799][439]LogModuleManager: Shutting down and abandoning module RenderCore (26)
[2025.12.16-20.15.30:799][439]LogModuleManager: Shutting down and abandoning module Landscape (24)
[2025.12.16-20.15.30:799][439]LogModuleManager: Shutting down and abandoning module SlateRHIRenderer (22)
[2025.12.16-20.15.30:799][439]LogModuleManager: Shutting down and abandoning module AnimGraphRuntime (20)
[2025.12.16-20.15.30:799][439]LogModuleManager: Shutting down and abandoning module Renderer (18)
[2025.12.16-20.15.30:800][439]LogModuleManager: Shutting down and abandoning module Engine (16)
[2025.12.16-20.15.30:800][439]LogModuleManager: Shutting down and abandoning module CoreUObject (14)
[2025.12.16-20.15.30:800][439]LogModuleManager: Shutting down and abandoning module NetworkFile (12)
[2025.12.16-20.15.30:800][439]LogModuleManager: Shutting down and abandoning module CookedIterativeFile (10)
[2025.12.16-20.15.30:800][439]LogModuleManager: Shutting down and abandoning module StreamingFile (8)
[2025.12.16-20.15.30:800][439]LogModuleManager: Shutting down and abandoning module SandboxFile (6)
[2025.12.16-20.15.30:800][439]LogModuleManager: Shutting down and abandoning module PakFile (4)
[2025.12.16-20.15.30:800][439]LogModuleManager: Shutting down and abandoning module RSA (3)
[2025.12.16-20.15.30:800][439]LogContentStreaming: Display: There are 1 unreleased StreamingManagers
[2025.12.16-20.15.30:836][439]LogD3D11RHI: Shutdown
[2025.12.16-20.15.30:836][439]LogD3D11RHI: CleanupD3DDevice
[2025.12.16-20.15.30:844][439]LogD3D11RHI: Intel Extensions Framework unloaded
[2025.12.16-20.15.30:847][439]LogD3D11RHI: [IntelMetricsDiscovery] Stopped
[2025.12.16-20.15.30:847][439]LogExit: Exiting.
[2025.12.16-20.15.30:858][439]Log file closed, 12/16/25 21:15:30
