Log file open, 12/16/25 22:57:40
LogWindows: Failed to load 'aqProf.dll' (GetLastError=126)
LogWindows: File 'aqProf.dll' does not exist
LogWindows: Failed to load 'VtuneApi.dll' (GetLastError=126)
LogWindows: File 'VtuneApi.dll' does not exist
LogWindows: Failed to load 'VtuneApi32e.dll' (GetLastError=126)
LogWindows: File 'VtuneApi32e.dll' does not exist
LogConsoleResponse: Display: Failed to find resolution value strings in scalability ini. Falling back to default.
LogConsoleResponse: Display: Failed to find resolution value strings in scalability ini. Falling back to default.
LogInit: Display: Running engine for game: MarsMarine
LogPlatformFile: Not using cached read wrapper
LogTaskGraph: Started task graph with 5 named threads and 35 total threads with 3 sets of task threads.
LogStats: Stats thread started at 0.234301
LogICUInternationalization: ICU TimeZone Detection - Raw Offset: +1:00, Platform Override: ''
LogInit: Display: Loading text-based GConfig....
LogPluginManager: Mounting plugin MeshPainting
LogPluginManager: Mounting plugin XGEController
LogPluginManager: Mounting plugin Paper2D
LogPluginManager: Mounting plugin LiveLink
LogPluginManager: Mounting plugin AISupport
LogPluginManager: Mounting plugin EnvironmentQueryEditor
LogPluginManager: Mounting plugin CameraShakePreviewer
LogPluginManager: Mounting plugin LightPropagationVolume
LogPluginManager: Mounting plugin OodleData
LogPluginManager: Mounting plugin GameplayCameras
LogPluginManager: Mounting plugin OodleNetwork
LogPluginManager: Mounting plugin CLionSourceCodeAccess
LogPluginManager: Mounting plugin AnimationSharing
LogPluginManager: Mounting plugin CodeLiteSourceCodeAccess
LogPluginManager: Mounting plugin PerforceSourceControl
LogPluginManager: Mounting plugin PixWinPlugin
LogPluginManager: Mounting plugin GitSourceControl
LogPluginManager: Mounting plugin NullSourceCodeAccess
LogPluginManager: Mounting plugin PropertyAccessNode
LogPluginManager: Mounting plugin PluginUtils
LogPluginManager: Mounting plugin PlasticSourceControl
LogPluginManager: Mounting plugin RiderSourceCodeAccess
LogPluginManager: Mounting plugin UObjectPlugin
LogPluginManager: Mounting plugin KDevelopSourceCodeAccess
LogPluginManager: Mounting plugin SubversionSourceControl
LogPluginManager: Mounting plugin VisualStudioCodeSourceCodeAccess
LogPluginManager: Mounting plugin VisualStudioSourceCodeAccess
LogPluginManager: Mounting plugin XCodeSourceCodeAccess
LogPluginManager: Mounting plugin TextureFormatOodle
LogPluginManager: Mounting plugin DatasmithContent
LogPluginManager: Mounting plugin AssetManagerEditor
LogPluginManager: Mounting plugin VariantManagerContent
LogPluginManager: Mounting plugin CurveEditorTools
LogPluginManager: Mounting plugin CryptoKeys
LogPluginManager: Mounting plugin FacialAnimation
LogPluginManager: Mounting plugin GeometryMode
LogPluginManager: Mounting plugin MacGraphicsSwitching
LogPluginManager: Mounting plugin DataValidation
LogPluginManager: Mounting plugin GameplayTagsEditor
LogPluginManager: Mounting plugin PluginBrowser
LogPluginManager: Mounting plugin SpeedTreeImporter
LogPluginManager: Mounting plugin MaterialAnalyzer
LogPluginManager: Mounting plugin MobileLauncherProfileWizard
LogPluginManager: Mounting plugin AlembicImporter
LogPluginManager: Mounting plugin Niagara
LogPluginManager: Mounting plugin ChaosCloth
LogPluginManager: Mounting plugin AutomationUtils
LogPluginManager: Mounting plugin BackChannel
LogPluginManager: Mounting plugin ChaosEditor
LogPluginManager: Mounting plugin ChaosSolverPlugin
LogPluginManager: Mounting plugin ChaosClothEditor
LogPluginManager: Mounting plugin CharacterAI
LogPluginManager: Mounting plugin ChaosNiagara
LogPluginManager: Mounting plugin AndroidMedia
LogPluginManager: Mounting plugin AvfMedia
LogPluginManager: Mounting plugin ImgMedia
LogPluginManager: Mounting plugin MediaCompositing
LogPluginManager: Mounting plugin MediaPlayerEditor
LogPluginManager: Mounting plugin WebMMedia
LogPluginManager: Mounting plugin WmfMedia
LogPluginManager: Mounting plugin GeometryCache
LogPluginManager: Mounting plugin GeometryProcessing
LogPluginManager: Mounting plugin GeometryCollectionPlugin
LogPluginManager: Mounting plugin MotoSynth
LogPluginManager: Mounting plugin OpenImageDenoise
LogPluginManager: Mounting plugin ProxyLODPlugin
LogPluginManager: Mounting plugin PythonScriptPlugin
LogPluginManager: Mounting plugin PlanarCut
LogPluginManager: Mounting plugin PlatformCrypto
LogPluginManager: Mounting plugin LuminPlatformFeatures
LogPluginManager: Mounting plugin MagicLeap
LogPluginManager: Mounting plugin MagicLeapMedia
LogPluginManager: Mounting plugin MagicLeapLightEstimation
LogPluginManager: Mounting plugin MagicLeapPassableWorld
LogPluginManager: Mounting plugin SkeletalReduction
LogPluginManager: Mounting plugin MLSDK
LogPluginManager: Mounting plugin MatineeToLevelSequence
LogPluginManager: Mounting plugin ActorSequence
LogPluginManager: Mounting plugin LevelSequenceEditor
LogPluginManager: Mounting plugin TemplateSequence
LogPluginManager: Mounting plugin TcpMessaging
LogPluginManager: Mounting plugin UdpMessaging
LogPluginManager: Mounting plugin OnlineSubsystem
LogPluginManager: Mounting plugin OnlineSubsystemNull
LogPluginManager: Mounting plugin OnlineSubsystemUtils
LogPluginManager: Mounting plugin LauncherChunkInstaller
LogPluginManager: Mounting plugin ScreenshotTools
LogPluginManager: Mounting plugin Takes
LogPluginManager: Mounting plugin AndroidDeviceProfileSelector
LogPluginManager: Mounting plugin ActorLayerUtilities
LogPluginManager: Mounting plugin AndroidMoviePlayer
LogPluginManager: Mounting plugin AndroidPermission
LogPluginManager: Mounting plugin AppleImageUtils
LogPluginManager: Mounting plugin ArchVisCharacter
LogPluginManager: Mounting plugin AppleMoviePlayer
LogPluginManager: Mounting plugin AssetTags
LogPluginManager: Mounting plugin AudioCapture
LogPluginManager: Mounting plugin CableComponent
LogPluginManager: Mounting plugin AudioSynesthesia
LogPluginManager: Mounting plugin ChunkDownloader
LogPluginManager: Mounting plugin EditableMesh
LogPluginManager: Mounting plugin ExampleDeviceProfileSelector
LogPluginManager: Mounting plugin CustomMeshComponent
LogPluginManager: Mounting plugin GoogleCloudMessaging
LogPluginManager: Mounting plugin GooglePAD
LogPluginManager: Mounting plugin IOSDeviceProfileSelector
LogPluginManager: Mounting plugin LinuxDeviceProfileSelector
LogPluginManager: Mounting plugin LocationServicesBPLibrary
LogPluginManager: Mounting plugin MobilePatchingUtils
LogPluginManager: Mounting plugin OpenXREyeTracker
LogPluginManager: Mounting plugin OpenXRHandTracking
LogPluginManager: Mounting plugin OpenXR
LogPluginManager: Mounting plugin PostSplashScreen
LogPluginManager: Mounting plugin PhysXVehicles
LogPluginManager: Mounting plugin ProceduralMeshComponent
LogPluginManager: Mounting plugin PropertyAccessEditor
LogPluginManager: Mounting plugin SignificanceManager
LogPluginManager: Mounting plugin RuntimePhysXCooking
LogPluginManager: Mounting plugin SoundFields
LogPluginManager: Mounting plugin Synthesis
LogPluginManager: Mounting plugin WindowsMoviePlayer
LogPluginManager: Mounting plugin WebMMoviePlayer
LogPluginManager: Mounting plugin ContentBrowserAssetDataSource
LogPluginManager: Mounting plugin ContentBrowserClassDataSource
LogPluginManager: Mounting plugin ContentBrowserFileDataSource
LogPluginManager: Mounting plugin OnlineSubsystemIOS
LogPluginManager: Mounting plugin OnlineSubsystemGooglePlay
LogPluginManager: Mounting plugin OculusVR
LogPluginManager: Mounting plugin SteamVR
PixWinPlugin: PIX capture plugin failed to initialize! Check that the process is launched from PIX.
LogInit: Using libcurl 7.55.1-DEV
LogInit:  - built for x86_64-pc-win32
LogInit:  - supports SSL with OpenSSL/1.1.1
LogInit:  - supports HTTP deflate (compression) using libz 1.2.8
LogInit:  - other features:
LogInit:      CURL_VERSION_SSL
LogInit:      CURL_VERSION_LIBZ
LogInit:      CURL_VERSION_IPV6
LogInit:      CURL_VERSION_ASYNCHDNS
LogInit:      CURL_VERSION_LARGEFILE
LogInit:      CURL_VERSION_IDN
LogInit:  CurlRequestOptions (configurable via config and command line):
LogInit:  - bVerifyPeer = true  - Libcurl will verify peer certificate
LogInit:  - bUseHttpProxy = false  - Libcurl will NOT use HTTP proxy
LogInit:  - bDontReuseConnections = false  - Libcurl will reuse connections
LogInit:  - MaxHostConnections = 16  - Libcurl will limit the number of connections to a host
LogInit:  - LocalHostAddr = Default
LogInit:  - BufferSize = 65536
LogOnline: OSS: Creating online subsystem instance for: NULL
LogInit: WinSock: version 1.1 (2.2), MaxSocks=32767, MaxUdp=65467
LogOnline: OSS: TryLoadSubsystemAndSetDefault: Loaded subsystem for module [NULL]
LogOculusPluginWrapper: OculusPlugin initialized successfully
LogHMD: Failed initializing OVRPlugin 1.59.0
LogInit: Build: ++UE4+Release-4.27-CL-18319896
LogInit: Engine Version: 4.27.2-18319896+++UE4+Release-4.27
LogInit: Compatible Engine Version: 4.27.0-17155196+++UE4+Release-4.27
LogInit: Net CL: 17155196
LogInit: OS: Windows 10 (Release 2009) (), CPU: 12th Gen Intel(R) Core(TM) i5-1245U, GPU: Intel(R) Iris(R) Xe Graphics
LogInit: Compiled (64-bit): Nov 30 2021 07:12:08
LogInit: Compiled with Visual C++: 19.24.28315.00
LogInit: Build Configuration: Development
LogInit: Branch Name: ++UE4+Release-4.27
LogInit: Command Line:  -AUTH_LOGIN=unused -AUTH_PASSWORD=416ef0f3140b406f80c380b359716743 -AUTH_TYPE=exchangecode -epicapp=UE_4.27 -epicenv=Prod -EpicPortal -epicusername=cirarula -epicuserid=460cba60c5e74658afe364f0ea51f614 -epiclocale=pl -epicsandboxid=ue
LogInit: Base Directory: C:/Program Files/Epic Games/UE_4.27/Engine/Binaries/Win64/
LogInit: Allocator: TBB
LogInit: Installed Engine Build: 1
LogDevObjectVersion: Number of dev versions registered: 29
LogDevObjectVersion:   Dev-Blueprints (B0D832E4-1F89-4F0D-ACCF-7EB736FD4AA2): 10
LogDevObjectVersion:   Dev-Build (E1C64328-A22C-4D53-A36C-8E866417BD8C): 0
LogDevObjectVersion:   Dev-Core (375EC13C-06E4-48FB-B500-84F0262A717E): 4
LogDevObjectVersion:   Dev-Editor (E4B068ED-F494-42E9-A231-DA0B2E46BB41): 40
LogDevObjectVersion:   Dev-Framework (CFFC743F-43B0-4480-9391-14DF171D2073): 37
LogDevObjectVersion:   Dev-Mobile (B02B49B5-BB20-44E9-A304-32B752E40360): 3
LogDevObjectVersion:   Dev-Networking (A4E4105C-59A1-49B5-A7C5-40C4547EDFEE): 0
LogDevObjectVersion:   Dev-Online (39C831C9-5AE6-47DC-9A44-9C173E1C8E7C): 0
LogDevObjectVersion:   Dev-Physics (78F01B33-EBEA-4F98-B9B4-84EACCB95AA2): 14
LogDevObjectVersion:   Dev-Platform (6631380F-2D4D-43E0-8009-CF276956A95A): 0
LogDevObjectVersion:   Dev-Rendering (12F88B9F-8875-4AFC-A67C-D90C383ABD29): 45
LogDevObjectVersion:   Dev-Sequencer (7B5AE74C-D270-4C10-A958-57980B212A5A): 13
LogDevObjectVersion:   Dev-VR (D7296918-1DD6-4BDD-9DE2-64A83CC13884): 3
LogDevObjectVersion:   Dev-LoadTimes (C2A15278-BFE7-4AFE-6C17-90FF531DF755): 1
LogDevObjectVersion:   Private-Geometry (6EACA3D4-40EC-4CC1-B786-8BED09428FC5): 3
LogDevObjectVersion:   Dev-AnimPhys (29E575DD-E0A3-4627-9D10-D276232CDCEA): 17
LogDevObjectVersion:   Dev-Anim (AF43A65D-7FD3-4947-9873-3E8ED9C1BB05): 15
LogDevObjectVersion:   Dev-ReflectionCapture (6B266CEC-1EC7-4B8F-A30B-E4D90942FC07): 1
LogDevObjectVersion:   Dev-Automation (0DF73D61-A23F-47EA-B727-89E90C41499A): 1
LogDevObjectVersion:   FortniteMain (601D1886-AC64-4F84-AA16-D3DE0DEAC7D6): 47
LogDevObjectVersion:   FortniteRelease (E7086368-6B23-4C58-8439-1B7016265E91): 1
LogDevObjectVersion:   Dev-Enterprise (9DFFBCD6-494F-0158-E221-12823C92A888): 10
LogDevObjectVersion:   Dev-Niagara (F2AED0AC-9AFE-416F-8664-AA7FFA26D6FC): 1
LogDevObjectVersion:   Dev-Destruction (174F1F0B-B4C6-45A5-B13F-2EE8D0FB917D): 10
LogDevObjectVersion:   Dev-Physics-Ext (35F94A83-E258-406C-A318-09F59610247C): 41
LogDevObjectVersion:   Dev-PhysicsMaterial-Chaos (B68FC16E-8B1B-42E2-B453-215C058844FE): 1
LogDevObjectVersion:   Dev-CineCamera (B2E18506-4273-CFC2-A54E-F4BB758BBA07): 1
LogDevObjectVersion:   Dev-VirtualProduction (64F58936-FD1B-42BA-BA96-7289D5D0FA4E): 1
LogDevObjectVersion:   Dev-MediaFramework (6F0ED827-A609-4895-9C91-998D90180EA4): 2
LogInit: Presizing for max 25165824 objects, including 0 objects not considered by GC, pre-allocating 0 bytes for permanent pool.
LogConfig: Applying CVar settings from Section [/Script/Engine.StreamingSettings] File [C:/Rzeczy/gry/1 rok/TopDownShooterAD25/03_MarsMarine 4.27/Saved/Config/Windows/Engine.ini]
LogConfig: Setting CVar [[s.MinBulkDataSizeForAsyncLoading:131072]]
LogConfig: Setting CVar [[s.AsyncLoadingThreadEnabled:0]]
LogConfig: Setting CVar [[s.EventDrivenLoaderEnabled:1]]
LogConfig: Setting CVar [[s.WarnIfTimeLimitExceeded:0]]
LogConfig: Setting CVar [[s.TimeLimitExceededMultiplier:1.5]]
LogConfig: Setting CVar [[s.TimeLimitExceededMinTime:0.005]]
LogConfig: Setting CVar [[s.UseBackgroundLevelStreaming:1]]
LogConfig: Setting CVar [[s.PriorityAsyncLoadingExtraTime:15.0]]
LogConfig: Setting CVar [[s.LevelStreamingActorsUpdateTimeLimit:5.0]]
LogConfig: Setting CVar [[s.PriorityLevelStreamingActorsUpdateExtraTime:5.0]]
LogConfig: Setting CVar [[s.LevelStreamingComponentsRegistrationGranularity:10]]
LogConfig: Setting CVar [[s.UnregisterComponentsTimeLimit:1.0]]
LogConfig: Setting CVar [[s.LevelStreamingComponentsUnregistrationGranularity:5]]
LogConfig: Setting CVar [[s.FlushStreamingOnExit:1]]
LogInit: Object subsystem initialized
LogConfig: Setting CVar [[con.DebugEarlyDefault:1]]
LogConfig: Setting CVar [[r.setres:1280x720]]
[2025.12.16-21.57.41:094][  0]LogConfig: Setting CVar [[r.VSync:0]]
[2025.12.16-21.57.41:094][  0]LogConfig: Setting CVar [[r.RHICmdBypass:0]]
[2025.12.16-21.57.41:094][  0]LogConfig: Applying CVar settings from Section [/Script/Engine.RendererSettings] File [C:/Rzeczy/gry/1 rok/TopDownShooterAD25/03_MarsMarine 4.27/Saved/Config/Windows/Engine.ini]
[2025.12.16-21.57.41:094][  0]LogConfig: Setting CVar [[r.GPUCrashDebugging:0]]
[2025.12.16-21.57.41:094][  0]LogConfig: Applying CVar settings from Section [/Script/Engine.RendererOverrideSettings] File [C:/Rzeczy/gry/1 rok/TopDownShooterAD25/03_MarsMarine 4.27/Saved/Config/Windows/Engine.ini]
[2025.12.16-21.57.41:094][  0]LogConfig: Applying CVar settings from Section [/Script/Engine.StreamingSettings] File [C:/Rzeczy/gry/1 rok/TopDownShooterAD25/03_MarsMarine 4.27/Saved/Config/Windows/Engine.ini]
[2025.12.16-21.57.41:094][  0]LogConfig: Setting CVar [[s.MinBulkDataSizeForAsyncLoading:131072]]
[2025.12.16-21.57.41:094][  0]LogConfig: Setting CVar [[s.AsyncLoadingThreadEnabled:0]]
[2025.12.16-21.57.41:094][  0]LogConfig: Setting CVar [[s.EventDrivenLoaderEnabled:1]]
[2025.12.16-21.57.41:094][  0]LogConfig: Setting CVar [[s.WarnIfTimeLimitExceeded:0]]
[2025.12.16-21.57.41:094][  0]LogConfig: Setting CVar [[s.TimeLimitExceededMultiplier:1.5]]
[2025.12.16-21.57.41:094][  0]LogConfig: Setting CVar [[s.TimeLimitExceededMinTime:0.005]]
[2025.12.16-21.57.41:094][  0]LogConfig: Setting CVar [[s.UseBackgroundLevelStreaming:1]]
[2025.12.16-21.57.41:095][  0]LogConfig: Setting CVar [[s.PriorityAsyncLoadingExtraTime:15.0]]
[2025.12.16-21.57.41:095][  0]LogConfig: Setting CVar [[s.LevelStreamingActorsUpdateTimeLimit:5.0]]
[2025.12.16-21.57.41:095][  0]LogConfig: Setting CVar [[s.PriorityLevelStreamingActorsUpdateExtraTime:5.0]]
[2025.12.16-21.57.41:095][  0]LogConfig: Setting CVar [[s.LevelStreamingComponentsRegistrationGranularity:10]]
[2025.12.16-21.57.41:095][  0]LogConfig: Setting CVar [[s.UnregisterComponentsTimeLimit:1.0]]
[2025.12.16-21.57.41:095][  0]LogConfig: Setting CVar [[s.LevelStreamingComponentsUnregistrationGranularity:5]]
[2025.12.16-21.57.41:095][  0]LogConfig: Setting CVar [[s.FlushStreamingOnExit:1]]
[2025.12.16-21.57.41:095][  0]LogConfig: Applying CVar settings from Section [/Script/Engine.GarbageCollectionSettings] File [C:/Rzeczy/gry/1 rok/TopDownShooterAD25/03_MarsMarine 4.27/Saved/Config/Windows/Engine.ini]
[2025.12.16-21.57.41:095][  0]LogConfig: Setting CVar [[gc.MaxObjectsNotConsideredByGC:1]]
[2025.12.16-21.57.41:095][  0]LogConfig: Setting CVar [[gc.SizeOfPermanentObjectPool:0]]
[2025.12.16-21.57.41:095][  0]LogConfig: Setting CVar [[gc.FlushStreamingOnGC:0]]
[2025.12.16-21.57.41:095][  0]LogConfig: Setting CVar [[gc.NumRetriesBeforeForcingGC:10]]
[2025.12.16-21.57.41:095][  0]LogConfig: Setting CVar [[gc.AllowParallelGC:1]]
[2025.12.16-21.57.41:095][  0]LogConfig: Setting CVar [[gc.TimeBetweenPurgingPendingKillObjects:61.1]]
[2025.12.16-21.57.41:095][  0]LogConfig: Setting CVar [[gc.MaxObjectsInEditor:25165824]]
[2025.12.16-21.57.41:095][  0]LogConfig: Setting CVar [[gc.IncrementalBeginDestroyEnabled:1]]
[2025.12.16-21.57.41:095][  0]LogConfig: Setting CVar [[gc.CreateGCClusters:1]]
[2025.12.16-21.57.41:095][  0]LogConfig: Setting CVar [[gc.MinGCClusterSize:5]]
[2025.12.16-21.57.41:095][  0]LogConfig: Setting CVar [[gc.ActorClusteringEnabled:0]]
[2025.12.16-21.57.41:095][  0]LogConfig: Setting CVar [[gc.BlueprintClusteringEnabled:0]]
[2025.12.16-21.57.41:095][  0]LogConfig: Setting CVar [[gc.UseDisregardForGCOnDedicatedServers:0]]
[2025.12.16-21.57.41:095][  0]LogConfig: Setting CVar [[gc.MultithreadedDestructionEnabled:1]]
[2025.12.16-21.57.41:095][  0]LogConfig: Applying CVar settings from Section [/Script/Engine.NetworkSettings] File [C:/Rzeczy/gry/1 rok/TopDownShooterAD25/03_MarsMarine 4.27/Saved/Config/Windows/Engine.ini]
[2025.12.16-21.57.41:095][  0]LogConfig: Applying CVar settings from Section [/Script/UnrealEd.CookerSettings] File [C:/Rzeczy/gry/1 rok/TopDownShooterAD25/03_MarsMarine 4.27/Saved/Config/Windows/Engine.ini]
[2025.12.16-21.57.41:112][  0]LogConfig: Applying CVar settings from Section [ViewDistanceQuality@3] File [C:/Rzeczy/gry/1 rok/TopDownShooterAD25/03_MarsMarine 4.27/Saved/Config/Windows/Scalability.ini]
[2025.12.16-21.57.41:112][  0]LogConfig: Setting CVar [[r.SkeletalMeshLODBias:0]]
[2025.12.16-21.57.41:113][  0]LogConfig: Setting CVar [[r.ViewDistanceScale:1.0]]
[2025.12.16-21.57.41:113][  0]LogConfig: Applying CVar settings from Section [AntiAliasingQuality@3] File [C:/Rzeczy/gry/1 rok/TopDownShooterAD25/03_MarsMarine 4.27/Saved/Config/Windows/Scalability.ini]
[2025.12.16-21.57.41:113][  0]LogConfig: Setting CVar [[r.PostProcessAAQuality:4]]
[2025.12.16-21.57.41:113][  0]LogConfig: Applying CVar settings from Section [ShadowQuality@3] File [C:/Rzeczy/gry/1 rok/TopDownShooterAD25/03_MarsMarine 4.27/Saved/Config/Windows/Scalability.ini]
[2025.12.16-21.57.41:113][  0]LogConfig: Setting CVar [[r.LightFunctionQuality:1]]
[2025.12.16-21.57.41:113][  0]LogConfig: Setting CVar [[r.ShadowQuality:5]]
[2025.12.16-21.57.41:113][  0]LogConfig: Setting CVar [[r.Shadow.CSM.MaxCascades:10]]
[2025.12.16-21.57.41:113][  0]LogConfig: Setting CVar [[r.Shadow.MaxResolution:2048]]
[2025.12.16-21.57.41:113][  0]LogConfig: Setting CVar [[r.Shadow.MaxCSMResolution:2048]]
[2025.12.16-21.57.41:113][  0]LogConfig: Setting CVar [[r.Shadow.RadiusThreshold:0.01]]
[2025.12.16-21.57.41:113][  0]LogConfig: Setting CVar [[r.Shadow.DistanceScale:1.0]]
[2025.12.16-21.57.41:113][  0]LogConfig: Setting CVar [[r.Shadow.CSM.TransitionScale:1.0]]
[2025.12.16-21.57.41:113][  0]LogConfig: Setting CVar [[r.Shadow.PreShadowResolutionFactor:1.0]]
[2025.12.16-21.57.41:113][  0]LogConfig: Setting CVar [[r.DistanceFieldShadowing:1]]
[2025.12.16-21.57.41:113][  0]LogConfig: Setting CVar [[r.DistanceFieldAO:1]]
[2025.12.16-21.57.41:113][  0]LogConfig: Setting CVar [[r.AOQuality:2]]
[2025.12.16-21.57.41:113][  0]LogConfig: Setting CVar [[r.VolumetricFog:1]]
[2025.12.16-21.57.41:113][  0]LogConfig: Setting CVar [[r.VolumetricFog.GridPixelSize:8]]
[2025.12.16-21.57.41:113][  0]LogConfig: Setting CVar [[r.VolumetricFog.GridSizeZ:128]]
[2025.12.16-21.57.41:113][  0]LogConfig: Setting CVar [[r.VolumetricFog.HistoryMissSupersampleCount:4]]
[2025.12.16-21.57.41:113][  0]LogConfig: Setting CVar [[r.LightMaxDrawDistanceScale:1]]
[2025.12.16-21.57.41:113][  0]LogConfig: Setting CVar [[r.CapsuleShadows:1]]
[2025.12.16-21.57.41:113][  0]LogConfig: Applying CVar settings from Section [PostProcessQuality@3] File [C:/Rzeczy/gry/1 rok/TopDownShooterAD25/03_MarsMarine 4.27/Saved/Config/Windows/Scalability.ini]
[2025.12.16-21.57.41:113][  0]LogConfig: Setting CVar [[r.MotionBlurQuality:4]]
[2025.12.16-21.57.41:113][  0]LogConfig: Setting CVar [[r.AmbientOcclusionMipLevelFactor:0.4]]
[2025.12.16-21.57.41:113][  0]LogConfig: Setting CVar [[r.AmbientOcclusionMaxQuality:100]]
[2025.12.16-21.57.41:113][  0]LogConfig: Setting CVar [[r.AmbientOcclusionLevels:-1]]
[2025.12.16-21.57.41:113][  0]LogConfig: Setting CVar [[r.AmbientOcclusionRadiusScale:1.0]]
[2025.12.16-21.57.41:113][  0]LogConfig: Setting CVar [[r.DepthOfFieldQuality:2]]
[2025.12.16-21.57.41:113][  0]LogConfig: Setting CVar [[r.RenderTargetPoolMin:400]]
[2025.12.16-21.57.41:113][  0]LogConfig: Setting CVar [[r.LensFlareQuality:2]]
[2025.12.16-21.57.41:113][  0]LogConfig: Setting CVar [[r.SceneColorFringeQuality:1]]
[2025.12.16-21.57.41:113][  0]LogConfig: Setting CVar [[r.EyeAdaptationQuality:2]]
[2025.12.16-21.57.41:113][  0]LogConfig: Setting CVar [[r.BloomQuality:5]]
[2025.12.16-21.57.41:113][  0]LogConfig: Setting CVar [[r.FastBlurThreshold:100]]
[2025.12.16-21.57.41:113][  0]LogConfig: Setting CVar [[r.Upscale.Quality:3]]
[2025.12.16-21.57.41:113][  0]LogConfig: Setting CVar [[r.Tonemapper.GrainQuantization:1]]
[2025.12.16-21.57.41:113][  0]LogConfig: Setting CVar [[r.LightShaftQuality:1]]
[2025.12.16-21.57.41:113][  0]LogConfig: Setting CVar [[r.Filter.SizeScale:1]]
[2025.12.16-21.57.41:113][  0]LogConfig: Setting CVar [[r.Tonemapper.Quality:5]]
[2025.12.16-21.57.41:113][  0]LogConfig: Setting CVar [[r.DOF.Gather.AccumulatorQuality:1        ; higher gathering accumulator quality]]
[2025.12.16-21.57.41:113][  0]LogConfig: Setting CVar [[r.DOF.Gather.PostfilterMethod:1          ; Median3x3 postfilering method]]
[2025.12.16-21.57.41:113][  0]LogConfig: Setting CVar [[r.DOF.Gather.EnableBokehSettings:0       ; no bokeh simulation when gathering]]
[2025.12.16-21.57.41:113][  0]LogConfig: Setting CVar [[r.DOF.Gather.RingCount:4                 ; medium number of samples when gathering]]
[2025.12.16-21.57.41:113][  0]LogConfig: Setting CVar [[r.DOF.Scatter.ForegroundCompositing:1    ; additive foreground scattering]]
[2025.12.16-21.57.41:113][  0]LogConfig: Setting CVar [[r.DOF.Scatter.BackgroundCompositing:2    ; additive background scattering]]
[2025.12.16-21.57.41:113][  0]LogConfig: Setting CVar [[r.DOF.Scatter.EnableBokehSettings:1      ; bokeh simulation when scattering]]
[2025.12.16-21.57.41:113][  0]LogConfig: Setting CVar [[r.DOF.Scatter.MaxSpriteRatio:0.1         ; only a maximum of 10% of scattered bokeh]]
[2025.12.16-21.57.41:113][  0]LogConfig: Setting CVar [[r.DOF.Recombine.Quality:1                ; cheap slight out of focus]]
[2025.12.16-21.57.41:114][  0]LogConfig: Setting CVar [[r.DOF.Recombine.EnableBokehSettings:0    ; no bokeh simulation on slight out of focus]]
[2025.12.16-21.57.41:114][  0]LogConfig: Setting CVar [[r.DOF.TemporalAAQuality:1                ; more stable temporal accumulation]]
[2025.12.16-21.57.41:114][  0]LogConfig: Setting CVar [[r.DOF.Kernel.MaxForegroundRadius:0.025]]
[2025.12.16-21.57.41:114][  0]LogConfig: Setting CVar [[r.DOF.Kernel.MaxBackgroundRadius:0.025]]
[2025.12.16-21.57.41:114][  0]LogConfig: Applying CVar settings from Section [TextureQuality@3] File [C:/Rzeczy/gry/1 rok/TopDownShooterAD25/03_MarsMarine 4.27/Saved/Config/Windows/Scalability.ini]
[2025.12.16-21.57.41:114][  0]LogConfig: Setting CVar [[r.Streaming.MipBias:0]]
[2025.12.16-21.57.41:114][  0]LogConfig: Setting CVar [[r.Streaming.AmortizeCPUToGPUCopy:0]]
[2025.12.16-21.57.41:114][  0]LogConfig: Setting CVar [[r.Streaming.MaxNumTexturesToStreamPerFrame:0]]
[2025.12.16-21.57.41:114][  0]LogConfig: Setting CVar [[r.Streaming.Boost:1]]
[2025.12.16-21.57.41:114][  0]LogConfig: Setting CVar [[r.MaxAnisotropy:8]]
[2025.12.16-21.57.41:114][  0]LogConfig: Setting CVar [[r.VT.MaxAnisotropy:8]]
[2025.12.16-21.57.41:114][  0]LogConfig: Setting CVar [[r.Streaming.LimitPoolSizeToVRAM:0]]
[2025.12.16-21.57.41:114][  0]LogConfig: Setting CVar [[r.Streaming.PoolSize:1000]]
[2025.12.16-21.57.41:114][  0]LogConfig: Setting CVar [[r.Streaming.MaxEffectiveScreenSize:0]]
[2025.12.16-21.57.41:114][  0]LogConfig: Applying CVar settings from Section [EffectsQuality@3] File [C:/Rzeczy/gry/1 rok/TopDownShooterAD25/03_MarsMarine 4.27/Saved/Config/Windows/Scalability.ini]
[2025.12.16-21.57.41:114][  0]LogConfig: Setting CVar [[r.TranslucencyLightingVolumeDim:64]]
[2025.12.16-21.57.41:114][  0]LogConfig: Setting CVar [[r.RefractionQuality:2]]
[2025.12.16-21.57.41:114][  0]LogConfig: Setting CVar [[r.SSR.Quality:3]]
[2025.12.16-21.57.41:114][  0]LogConfig: Setting CVar [[r.SSR.HalfResSceneColor:0]]
[2025.12.16-21.57.41:114][  0]LogConfig: Setting CVar [[r.SceneColorFormat:4]]
[2025.12.16-21.57.41:114][  0]LogConfig: Setting CVar [[r.DetailMode:2]]
[2025.12.16-21.57.41:114][  0]LogConfig: Setting CVar [[r.TranslucencyVolumeBlur:1]]
[2025.12.16-21.57.41:114][  0]LogConfig: Setting CVar [[r.MaterialQualityLevel:1 ; High quality]]
[2025.12.16-21.57.41:114][  0]LogConfig: Setting CVar [[r.AnisotropicMaterials:1]]
[2025.12.16-21.57.41:114][  0]LogConfig: Setting CVar [[r.SSS.Scale:1]]
[2025.12.16-21.57.41:114][  0]LogConfig: Setting CVar [[r.SSS.SampleSet:2]]
[2025.12.16-21.57.41:114][  0]LogConfig: Setting CVar [[r.SSS.Quality:1]]
[2025.12.16-21.57.41:114][  0]LogConfig: Setting CVar [[r.SSS.HalfRes:0]]
[2025.12.16-21.57.41:114][  0]LogConfig: Setting CVar [[r.SSGI.Quality:3]]
[2025.12.16-21.57.41:114][  0]LogConfig: Setting CVar [[r.EmitterSpawnRateScale:1.0]]
[2025.12.16-21.57.41:114][  0]LogConfig: Setting CVar [[r.ParticleLightQuality:2]]
[2025.12.16-21.57.41:114][  0]LogConfig: Setting CVar [[r.SkyAtmosphere.AerialPerspectiveLUT.FastApplyOnOpaque:1 ; Always have FastSkyLUT 1 in this case to avoid wrong sky]]
[2025.12.16-21.57.41:114][  0]LogConfig: Setting CVar [[r.SkyAtmosphere.AerialPerspectiveLUT.SampleCountMaxPerSlice:4]]
[2025.12.16-21.57.41:114][  0]LogConfig: Setting CVar [[r.SkyAtmosphere.AerialPerspectiveLUT.DepthResolution:16.0]]
[2025.12.16-21.57.41:114][  0]LogConfig: Setting CVar [[r.SkyAtmosphere.FastSkyLUT:1]]
[2025.12.16-21.57.41:114][  0]LogConfig: Setting CVar [[r.SkyAtmosphere.FastSkyLUT.SampleCountMin:4.0]]
[2025.12.16-21.57.41:114][  0]LogConfig: Setting CVar [[r.SkyAtmosphere.FastSkyLUT.SampleCountMax:128.0]]
[2025.12.16-21.57.41:114][  0]LogConfig: Setting CVar [[r.SkyAtmosphere.SampleCountMin:4.0]]
[2025.12.16-21.57.41:114][  0]LogConfig: Setting CVar [[r.SkyAtmosphere.SampleCountMax:128.0]]
[2025.12.16-21.57.41:114][  0]LogConfig: Setting CVar [[r.SkyAtmosphere.TransmittanceLUT.UseSmallFormat:0]]
[2025.12.16-21.57.41:114][  0]LogConfig: Setting CVar [[r.SkyAtmosphere.TransmittanceLUT.SampleCount:10.0]]
[2025.12.16-21.57.41:114][  0]LogConfig: Setting CVar [[r.SkyAtmosphere.MultiScatteringLUT.SampleCount:15.0]]
[2025.12.16-21.57.41:114][  0]LogConfig: Setting CVar [[r.SkyLight.RealTimeReflectionCapture:1]]
[2025.12.16-21.57.41:114][  0]LogConfig: Applying CVar settings from Section [FoliageQuality@3] File [C:/Rzeczy/gry/1 rok/TopDownShooterAD25/03_MarsMarine 4.27/Saved/Config/Windows/Scalability.ini]
[2025.12.16-21.57.41:114][  0]LogConfig: Setting CVar [[foliage.DensityScale:1.0]]
[2025.12.16-21.57.41:114][  0]LogConfig: Setting CVar [[grass.DensityScale:1.0]]
[2025.12.16-21.57.41:114][  0]LogConfig: Applying CVar settings from Section [ShadingQuality@3] File [C:/Rzeczy/gry/1 rok/TopDownShooterAD25/03_MarsMarine 4.27/Saved/Config/Windows/Scalability.ini]
[2025.12.16-21.57.41:114][  0]LogConfig: Setting CVar [[r.HairStrands.SkyLighting.IntegrationType:2]]
[2025.12.16-21.57.41:114][  0]LogConfig: Setting CVar [[r.HairStrands.SkyAO.SampleCount:4]]
[2025.12.16-21.57.41:114][  0]LogConfig: Setting CVar [[r.HairStrands.Visibility.MSAA.SamplePerPixel:4]]
[2025.12.16-21.57.41:115][  0]LogInit: Selected Device Profile: [Windows]
[2025.12.16-21.57.41:115][  0]LogInit: Applying CVar settings loaded from the selected device profile: [Windows]
[2025.12.16-21.57.41:115][  0]LogHAL: Display: Platform has ~ 16 GB [16849256448 / 17179869184 / 16], which maps to Larger [LargestMinGB=32, LargerMinGB=12, DefaultMinGB=8, SmallerMinGB=6, SmallestMinGB=0)
[2025.12.16-21.57.41:115][  0]LogInit: Going up to parent DeviceProfile []
[2025.12.16-21.57.41:115][  0]LogConfig: Applying CVar settings from Section [ViewDistanceQuality@3] File [C:/Rzeczy/gry/1 rok/TopDownShooterAD25/03_MarsMarine 4.27/Saved/Config/Windows/Scalability.ini]
[2025.12.16-21.57.41:115][  0]LogConfig: Setting CVar [[r.SkeletalMeshLODBias:0]]
[2025.12.16-21.57.41:115][  0]LogConfig: Setting CVar [[r.ViewDistanceScale:1.0]]
[2025.12.16-21.57.41:115][  0]LogConfig: Applying CVar settings from Section [AntiAliasingQuality@3] File [C:/Rzeczy/gry/1 rok/TopDownShooterAD25/03_MarsMarine 4.27/Saved/Config/Windows/Scalability.ini]
[2025.12.16-21.57.41:115][  0]LogConfig: Setting CVar [[r.PostProcessAAQuality:4]]
[2025.12.16-21.57.41:115][  0]LogConfig: Applying CVar settings from Section [ShadowQuality@3] File [C:/Rzeczy/gry/1 rok/TopDownShooterAD25/03_MarsMarine 4.27/Saved/Config/Windows/Scalability.ini]
[2025.12.16-21.57.41:115][  0]LogConfig: Setting CVar [[r.LightFunctionQuality:1]]
[2025.12.16-21.57.41:115][  0]LogConfig: Setting CVar [[r.ShadowQuality:5]]
[2025.12.16-21.57.41:115][  0]LogConfig: Setting CVar [[r.Shadow.CSM.MaxCascades:10]]
[2025.12.16-21.57.41:115][  0]LogConfig: Setting CVar [[r.Shadow.MaxResolution:2048]]
[2025.12.16-21.57.41:115][  0]LogConfig: Setting CVar [[r.Shadow.MaxCSMResolution:2048]]
[2025.12.16-21.57.41:115][  0]LogConfig: Setting CVar [[r.Shadow.RadiusThreshold:0.01]]
[2025.12.16-21.57.41:115][  0]LogConfig: Setting CVar [[r.Shadow.DistanceScale:1.0]]
[2025.12.16-21.57.41:115][  0]LogConfig: Setting CVar [[r.Shadow.CSM.TransitionScale:1.0]]
[2025.12.16-21.57.41:115][  0]LogConfig: Setting CVar [[r.Shadow.PreShadowResolutionFactor:1.0]]
[2025.12.16-21.57.41:115][  0]LogConfig: Setting CVar [[r.DistanceFieldShadowing:1]]
[2025.12.16-21.57.41:115][  0]LogConfig: Setting CVar [[r.DistanceFieldAO:1]]
[2025.12.16-21.57.41:115][  0]LogConfig: Setting CVar [[r.AOQuality:2]]
[2025.12.16-21.57.41:115][  0]LogConfig: Setting CVar [[r.VolumetricFog:1]]
[2025.12.16-21.57.41:115][  0]LogConfig: Setting CVar [[r.VolumetricFog.GridPixelSize:8]]
[2025.12.16-21.57.41:115][  0]LogConfig: Setting CVar [[r.VolumetricFog.GridSizeZ:128]]
[2025.12.16-21.57.41:115][  0]LogConfig: Setting CVar [[r.VolumetricFog.HistoryMissSupersampleCount:4]]
[2025.12.16-21.57.41:115][  0]LogConfig: Setting CVar [[r.LightMaxDrawDistanceScale:1]]
[2025.12.16-21.57.41:115][  0]LogConfig: Setting CVar [[r.CapsuleShadows:1]]
[2025.12.16-21.57.41:115][  0]LogConfig: Applying CVar settings from Section [PostProcessQuality@3] File [C:/Rzeczy/gry/1 rok/TopDownShooterAD25/03_MarsMarine 4.27/Saved/Config/Windows/Scalability.ini]
[2025.12.16-21.57.41:115][  0]LogConfig: Setting CVar [[r.MotionBlurQuality:4]]
[2025.12.16-21.57.41:115][  0]LogConfig: Setting CVar [[r.AmbientOcclusionMipLevelFactor:0.4]]
[2025.12.16-21.57.41:115][  0]LogConfig: Setting CVar [[r.AmbientOcclusionMaxQuality:100]]
[2025.12.16-21.57.41:115][  0]LogConfig: Setting CVar [[r.AmbientOcclusionLevels:-1]]
[2025.12.16-21.57.41:115][  0]LogConfig: Setting CVar [[r.AmbientOcclusionRadiusScale:1.0]]
[2025.12.16-21.57.41:115][  0]LogConfig: Setting CVar [[r.DepthOfFieldQuality:2]]
[2025.12.16-21.57.41:115][  0]LogConfig: Setting CVar [[r.RenderTargetPoolMin:400]]
[2025.12.16-21.57.41:115][  0]LogConfig: Setting CVar [[r.LensFlareQuality:2]]
[2025.12.16-21.57.41:115][  0]LogConfig: Setting CVar [[r.SceneColorFringeQuality:1]]
[2025.12.16-21.57.41:115][  0]LogConfig: Setting CVar [[r.EyeAdaptationQuality:2]]
[2025.12.16-21.57.41:115][  0]LogConfig: Setting CVar [[r.BloomQuality:5]]
[2025.12.16-21.57.41:115][  0]LogConfig: Setting CVar [[r.FastBlurThreshold:100]]
[2025.12.16-21.57.41:115][  0]LogConfig: Setting CVar [[r.Upscale.Quality:3]]
[2025.12.16-21.57.41:115][  0]LogConfig: Setting CVar [[r.Tonemapper.GrainQuantization:1]]
[2025.12.16-21.57.41:116][  0]LogConfig: Setting CVar [[r.LightShaftQuality:1]]
[2025.12.16-21.57.41:116][  0]LogConfig: Setting CVar [[r.Filter.SizeScale:1]]
[2025.12.16-21.57.41:116][  0]LogConfig: Setting CVar [[r.Tonemapper.Quality:5]]
[2025.12.16-21.57.41:116][  0]LogConfig: Setting CVar [[r.DOF.Gather.AccumulatorQuality:1        ; higher gathering accumulator quality]]
[2025.12.16-21.57.41:116][  0]LogConfig: Setting CVar [[r.DOF.Gather.PostfilterMethod:1          ; Median3x3 postfilering method]]
[2025.12.16-21.57.41:116][  0]LogConfig: Setting CVar [[r.DOF.Gather.EnableBokehSettings:0       ; no bokeh simulation when gathering]]
[2025.12.16-21.57.41:116][  0]LogConfig: Setting CVar [[r.DOF.Gather.RingCount:4                 ; medium number of samples when gathering]]
[2025.12.16-21.57.41:116][  0]LogConfig: Setting CVar [[r.DOF.Scatter.ForegroundCompositing:1    ; additive foreground scattering]]
[2025.12.16-21.57.41:116][  0]LogConfig: Setting CVar [[r.DOF.Scatter.BackgroundCompositing:2    ; additive background scattering]]
[2025.12.16-21.57.41:116][  0]LogConfig: Setting CVar [[r.DOF.Scatter.EnableBokehSettings:1      ; bokeh simulation when scattering]]
[2025.12.16-21.57.41:116][  0]LogConfig: Setting CVar [[r.DOF.Scatter.MaxSpriteRatio:0.1         ; only a maximum of 10% of scattered bokeh]]
[2025.12.16-21.57.41:116][  0]LogConfig: Setting CVar [[r.DOF.Recombine.Quality:1                ; cheap slight out of focus]]
[2025.12.16-21.57.41:116][  0]LogConfig: Setting CVar [[r.DOF.Recombine.EnableBokehSettings:0    ; no bokeh simulation on slight out of focus]]
[2025.12.16-21.57.41:116][  0]LogConfig: Setting CVar [[r.DOF.TemporalAAQuality:1                ; more stable temporal accumulation]]
[2025.12.16-21.57.41:116][  0]LogConfig: Setting CVar [[r.DOF.Kernel.MaxForegroundRadius:0.025]]
[2025.12.16-21.57.41:116][  0]LogConfig: Setting CVar [[r.DOF.Kernel.MaxBackgroundRadius:0.025]]
[2025.12.16-21.57.41:116][  0]LogConfig: Applying CVar settings from Section [TextureQuality@3] File [C:/Rzeczy/gry/1 rok/TopDownShooterAD25/03_MarsMarine 4.27/Saved/Config/Windows/Scalability.ini]
[2025.12.16-21.57.41:116][  0]LogConfig: Setting CVar [[r.Streaming.MipBias:0]]
[2025.12.16-21.57.41:116][  0]LogConfig: Setting CVar [[r.Streaming.AmortizeCPUToGPUCopy:0]]
[2025.12.16-21.57.41:116][  0]LogConfig: Setting CVar [[r.Streaming.MaxNumTexturesToStreamPerFrame:0]]
[2025.12.16-21.57.41:116][  0]LogConfig: Setting CVar [[r.Streaming.Boost:1]]
[2025.12.16-21.57.41:116][  0]LogConfig: Setting CVar [[r.MaxAnisotropy:8]]
[2025.12.16-21.57.41:116][  0]LogConfig: Setting CVar [[r.VT.MaxAnisotropy:8]]
[2025.12.16-21.57.41:116][  0]LogConfig: Setting CVar [[r.Streaming.LimitPoolSizeToVRAM:0]]
[2025.12.16-21.57.41:116][  0]LogConfig: Setting CVar [[r.Streaming.PoolSize:1000]]
[2025.12.16-21.57.41:116][  0]LogConfig: Setting CVar [[r.Streaming.MaxEffectiveScreenSize:0]]
[2025.12.16-21.57.41:116][  0]LogConfig: Applying CVar settings from Section [EffectsQuality@3] File [C:/Rzeczy/gry/1 rok/TopDownShooterAD25/03_MarsMarine 4.27/Saved/Config/Windows/Scalability.ini]
[2025.12.16-21.57.41:116][  0]LogConfig: Setting CVar [[r.TranslucencyLightingVolumeDim:64]]
[2025.12.16-21.57.41:116][  0]LogConfig: Setting CVar [[r.RefractionQuality:2]]
[2025.12.16-21.57.41:116][  0]LogConfig: Setting CVar [[r.SSR.Quality:3]]
[2025.12.16-21.57.41:116][  0]LogConfig: Setting CVar [[r.SSR.HalfResSceneColor:0]]
[2025.12.16-21.57.41:116][  0]LogConfig: Setting CVar [[r.SceneColorFormat:4]]
[2025.12.16-21.57.41:116][  0]LogConfig: Setting CVar [[r.DetailMode:2]]
[2025.12.16-21.57.41:116][  0]LogConfig: Setting CVar [[r.TranslucencyVolumeBlur:1]]
[2025.12.16-21.57.41:116][  0]LogConfig: Setting CVar [[r.MaterialQualityLevel:1 ; High quality]]
[2025.12.16-21.57.41:116][  0]LogConfig: Setting CVar [[r.AnisotropicMaterials:1]]
[2025.12.16-21.57.41:116][  0]LogConfig: Setting CVar [[r.SSS.Scale:1]]
[2025.12.16-21.57.41:116][  0]LogConfig: Setting CVar [[r.SSS.SampleSet:2]]
[2025.12.16-21.57.41:116][  0]LogConfig: Setting CVar [[r.SSS.Quality:1]]
[2025.12.16-21.57.41:116][  0]LogConfig: Setting CVar [[r.SSS.HalfRes:0]]
[2025.12.16-21.57.41:116][  0]LogConfig: Setting CVar [[r.SSGI.Quality:3]]
[2025.12.16-21.57.41:116][  0]LogConfig: Setting CVar [[r.EmitterSpawnRateScale:1.0]]
[2025.12.16-21.57.41:116][  0]LogConfig: Setting CVar [[r.ParticleLightQuality:2]]
[2025.12.16-21.57.41:116][  0]LogConfig: Setting CVar [[r.SkyAtmosphere.AerialPerspectiveLUT.FastApplyOnOpaque:1 ; Always have FastSkyLUT 1 in this case to avoid wrong sky]]
[2025.12.16-21.57.41:116][  0]LogConfig: Setting CVar [[r.SkyAtmosphere.AerialPerspectiveLUT.SampleCountMaxPerSlice:4]]
[2025.12.16-21.57.41:116][  0]LogConfig: Setting CVar [[r.SkyAtmosphere.AerialPerspectiveLUT.DepthResolution:16.0]]
[2025.12.16-21.57.41:116][  0]LogConfig: Setting CVar [[r.SkyAtmosphere.FastSkyLUT:1]]
[2025.12.16-21.57.41:116][  0]LogConfig: Setting CVar [[r.SkyAtmosphere.FastSkyLUT.SampleCountMin:4.0]]
[2025.12.16-21.57.41:116][  0]LogConfig: Setting CVar [[r.SkyAtmosphere.FastSkyLUT.SampleCountMax:128.0]]
[2025.12.16-21.57.41:116][  0]LogConfig: Setting CVar [[r.SkyAtmosphere.SampleCountMin:4.0]]
[2025.12.16-21.57.41:116][  0]LogConfig: Setting CVar [[r.SkyAtmosphere.SampleCountMax:128.0]]
[2025.12.16-21.57.41:117][  0]LogConfig: Setting CVar [[r.SkyAtmosphere.TransmittanceLUT.UseSmallFormat:0]]
[2025.12.16-21.57.41:117][  0]LogConfig: Setting CVar [[r.SkyAtmosphere.TransmittanceLUT.SampleCount:10.0]]
[2025.12.16-21.57.41:117][  0]LogConfig: Setting CVar [[r.SkyAtmosphere.MultiScatteringLUT.SampleCount:15.0]]
[2025.12.16-21.57.41:117][  0]LogConfig: Setting CVar [[r.SkyLight.RealTimeReflectionCapture:1]]
[2025.12.16-21.57.41:117][  0]LogConfig: Applying CVar settings from Section [FoliageQuality@3] File [C:/Rzeczy/gry/1 rok/TopDownShooterAD25/03_MarsMarine 4.27/Saved/Config/Windows/Scalability.ini]
[2025.12.16-21.57.41:117][  0]LogConfig: Setting CVar [[foliage.DensityScale:1.0]]
[2025.12.16-21.57.41:117][  0]LogConfig: Setting CVar [[grass.DensityScale:1.0]]
[2025.12.16-21.57.41:117][  0]LogConfig: Applying CVar settings from Section [ShadingQuality@3] File [C:/Rzeczy/gry/1 rok/TopDownShooterAD25/03_MarsMarine 4.27/Saved/Config/Windows/Scalability.ini]
[2025.12.16-21.57.41:117][  0]LogConfig: Setting CVar [[r.HairStrands.SkyLighting.IntegrationType:2]]
[2025.12.16-21.57.41:117][  0]LogConfig: Setting CVar [[r.HairStrands.SkyAO.SampleCount:4]]
[2025.12.16-21.57.41:117][  0]LogConfig: Setting CVar [[r.HairStrands.Visibility.MSAA.SamplePerPixel:4]]
[2025.12.16-21.57.41:117][  0]LogConfig: Applying CVar settings from Section [Startup] File [../../../Engine/Config/ConsoleVariables.ini]
[2025.12.16-21.57.41:117][  0]LogConfig: Setting CVar [[net.UseAdaptiveNetUpdateFrequency:0]]
[2025.12.16-21.57.41:117][  0]LogConfig: Setting CVar [[p.chaos.AllowCreatePhysxBodies:1]]
[2025.12.16-21.57.41:117][  0]LogConfig: Setting CVar [[fx.SkipVectorVMBackendOptimizations:1]]
[2025.12.16-21.57.41:117][  0]LogConfig: Applying CVar settings from Section [ConsoleVariables] File [C:/Rzeczy/gry/1 rok/TopDownShooterAD25/03_MarsMarine 4.27/Saved/Config/Windows/Engine.ini]
[2025.12.16-21.57.41:117][  0]LogConfig: Applying CVar settings from Section [ConsoleVariables] File [C:/Rzeczy/gry/1 rok/TopDownShooterAD25/03_MarsMarine 4.27/Saved/Config/Windows/Editor.ini]
[2025.12.16-21.57.41:118][  0]LogInit: Computer: DESKTOP-QAAO9HT
[2025.12.16-21.57.41:118][  0]LogInit: User: DELL
[2025.12.16-21.57.41:118][  0]LogInit: CPU Page size=4096, Cores=10
[2025.12.16-21.57.41:118][  0]LogInit: High frequency timer resolution =10.000000 MHz
[2025.12.16-21.57.41:118][  0]LogMemory: Memory total: Physical=15.7GB (16GB approx)
[2025.12.16-21.57.41:118][  0]LogMemory: Platform Memory Stats for Windows
[2025.12.16-21.57.41:118][  0]LogMemory: Process Physical Memory: 144.04 MB used, 144.04 MB peak
[2025.12.16-21.57.41:118][  0]LogMemory: Process Virtual Memory: 130.15 MB used, 130.15 MB peak
[2025.12.16-21.57.41:118][  0]LogMemory: Physical Memory: 11714.14 MB used,  4354.56 MB free, 16068.70 MB total
[2025.12.16-21.57.41:118][  0]LogMemory: Virtual Memory: 134213432.00 MB used,  4298.42 MB free, 134217728.00 MB total
[2025.12.16-21.57.41:129][  0]LogWindows: WindowsPlatformFeatures enabled
[2025.12.16-21.57.41:172][  0]LogInit: Physics initialised using underlying interface: PhysX
[2025.12.16-21.57.41:174][  0]LogInit: Using OS detected language (pl-PL).
[2025.12.16-21.57.41:174][  0]LogInit: Using OS detected locale (pl-PL).
[2025.12.16-21.57.41:183][  0]LogTextLocalizationManager: No specific localization for 'pl-PL' exists, so the 'pl' localization will be used.
[2025.12.16-21.57.41:183][  0]LogTextLocalizationResource: LocRes '../../../Engine/Content/Localization/Editor/pl/Editor.locres' could not be opened for reading!
[2025.12.16-21.57.41:183][  0]LogTextLocalizationResource: LocRes '../../../Engine/Content/Localization/EditorTutorials/pl/EditorTutorials.locres' could not be opened for reading!
[2025.12.16-21.57.41:184][  0]LogTextLocalizationResource: LocRes '../../../Engine/Content/Localization/Keywords/pl/Keywords.locres' could not be opened for reading!
[2025.12.16-21.57.41:184][  0]LogTextLocalizationResource: LocRes '../../../Engine/Content/Localization/Category/pl/Category.locres' could not be opened for reading!
[2025.12.16-21.57.41:184][  0]LogTextLocalizationResource: LocRes '../../../Engine/Content/Localization/ToolTips/pl/ToolTips.locres' could not be opened for reading!
[2025.12.16-21.57.41:184][  0]LogTextLocalizationResource: LocRes '../../../Engine/Content/Localization/PropertyNames/pl/PropertyNames.locres' could not be opened for reading!
[2025.12.16-21.57.41:184][  0]LogTextLocalizationResource: LocRes '../../../Engine/Content/Localization/Engine/pl/Engine.locres' could not be opened for reading!
[2025.12.16-21.57.41:186][  0]LogInit: Setting process to per monitor DPI aware
[2025.12.16-21.57.41:289][  0]LogWindowsTextInputMethodSystem: Display: IME system deactivated.
[2025.12.16-21.57.41:326][  0]LogSlate: New Slate User Created.  User Index 0, Is Virtual User: 0
[2025.12.16-21.57.41:326][  0]LogSlate: Slate User Registered.  User Index 0, Is Virtual User: 0
[2025.12.16-21.57.41:544][  0]LogD3D11RHI: Loaded GFSDK_Aftermath_Lib.x64.dll
[2025.12.16-21.57.41:556][  0]LogHMD: Failed to initialize OpenVR with code 110
[2025.12.16-21.57.41:556][  0]LogD3D11RHI: D3D11 min allowed feature level: 11_0
[2025.12.16-21.57.41:556][  0]LogD3D11RHI: D3D11 max allowed feature level: 11_0
[2025.12.16-21.57.41:556][  0]LogD3D11RHI: D3D11 adapters:
[2025.12.16-21.57.41:762][  0]LogD3D11RHI:    0. 'Intel(R) Iris(R) Xe Graphics' (Feature Level 11_0)
[2025.12.16-21.57.41:762][  0]LogD3D11RHI:       128/0/8034 MB DedicatedVideo/DedicatedSystem/SharedSystem, Outputs:1, VendorId:0x8086
[2025.12.16-21.57.41:767][  0]LogD3D11RHI:    1. 'Microsoft Basic Render Driver' (Feature Level 11_0)
[2025.12.16-21.57.41:767][  0]LogD3D11RHI:       0/0/8034 MB DedicatedVideo/DedicatedSystem/SharedSystem, Outputs:0, VendorId:0x1414
[2025.12.16-21.57.41:767][  0]LogD3D11RHI: Chosen D3D11 Adapter:
[2025.12.16-21.57.41:767][  0]LogD3D11RHI:     Description : Intel(R) Iris(R) Xe Graphics
[2025.12.16-21.57.41:767][  0]LogD3D11RHI:     VendorId    : 8086
[2025.12.16-21.57.41:768][  0]LogD3D11RHI:     DeviceId    : 46a8
[2025.12.16-21.57.41:768][  0]LogD3D11RHI:     SubSysId    : b031028
[2025.12.16-21.57.41:768][  0]LogD3D11RHI:     Revision    : 000c
[2025.12.16-21.57.41:768][  0]LogD3D11RHI:     DedicatedVideoMemory : 134217728 bytes
[2025.12.16-21.57.41:768][  0]LogD3D11RHI:     DedicatedSystemMemory : 0 bytes
[2025.12.16-21.57.41:768][  0]LogD3D11RHI:     SharedSystemMemory : 8424628224 bytes
[2025.12.16-21.57.41:768][  0]LogD3D11RHI:     AdapterLuid : 0 88711
[2025.12.16-21.57.41:784][  0]LogD3D11RHI: Creating new Direct3DDevice
[2025.12.16-21.57.41:784][  0]LogD3D11RHI:     GPU DeviceId: 0x46a8 (for the marketing name, search the web for "GPU Device Id")
[2025.12.16-21.57.41:784][  0]LogWindows: EnumDisplayDevices:
[2025.12.16-21.57.41:784][  0]LogWindows:    0. 'Intel(R) Iris(R) Xe Graphics' (P:1 D:1)
[2025.12.16-21.57.41:785][  0]LogWindows:    1. 'Intel(R) Iris(R) Xe Graphics' (P:0 D:0)
[2025.12.16-21.57.41:785][  0]LogWindows:    2. 'Intel(R) Iris(R) Xe Graphics' (P:0 D:0)
[2025.12.16-21.57.41:785][  0]LogWindows:    3. 'Intel(R) Iris(R) Xe Graphics' (P:0 D:0)
[2025.12.16-21.57.41:786][  0]LogWindows: DebugString: FoundDriverCount:4 
[2025.12.16-21.57.41:786][  0]LogD3D11RHI:     Adapter Name: Intel(R) Iris(R) Xe Graphics
[2025.12.16-21.57.41:786][  0]LogD3D11RHI:   Driver Version: 32.0.101.7077 (internal:32.0.101.7077, unified:32.0.101.7077)
[2025.12.16-21.57.41:786][  0]LogD3D11RHI:      Driver Date: 9-16-2025
[2025.12.16-21.57.41:786][  0]LogRHI: Texture pool is 1523 MB (70% of 2176 MB)
[2025.12.16-21.57.41:848][  0]LogD3D11RHI: Creating D3DDevice using adapter:
[2025.12.16-21.57.41:848][  0]LogD3D11RHI:     Description : Intel(R) Iris(R) Xe Graphics
[2025.12.16-21.57.41:848][  0]LogD3D11RHI:     VendorId    : 8086
[2025.12.16-21.57.41:848][  0]LogD3D11RHI:     DeviceId    : 46a8
[2025.12.16-21.57.41:848][  0]LogD3D11RHI:     SubSysId    : b031028
[2025.12.16-21.57.41:848][  0]LogD3D11RHI:     Revision    : 000c
[2025.12.16-21.57.41:848][  0]LogD3D11RHI:     DedicatedVideoMemory : 134217728 bytes
[2025.12.16-21.57.41:848][  0]LogD3D11RHI:     DedicatedSystemMemory : 0 bytes
[2025.12.16-21.57.41:848][  0]LogD3D11RHI:     SharedSystemMemory : 8424628224 bytes
[2025.12.16-21.57.41:848][  0]LogD3D11RHI:     AdapterLuid : 0 88711
[2025.12.16-21.57.41:975][  0]LogD3D11RHI: RHI does not have support for 64 bit atomics
[2025.12.16-21.57.42:014][  0]LogD3D11RHI: Intel Extensions support version Full=16777216, Major=1, Minor=0, Revision=0
[2025.12.16-21.57.42:014][  0]LogD3D11RHI: Intel Extensions support version Full=16777217, Major=1, Minor=0, Revision=1
[2025.12.16-21.57.42:015][  0]LogD3D11RHI: Intel Extensions Framework enabled
[2025.12.16-21.57.42:016][  0]LogD3D11RHI: [IntelMetricsDiscovery] Started
[2025.12.16-21.57.42:016][  0]LogD3D11RHI: Async texture creation enabled
[2025.12.16-21.57.42:016][  0]LogD3D11RHI: Array index from any shader is supported
[2025.12.16-21.57.42:037][  0]LogD3D11RHI: GPU Timing Frequency: 19.200000 (Debug: 2 0)
[2025.12.16-21.57.42:883][  0]LogTargetPlatformManager: Display: Loaded TargetPlatform 'AllDesktop'
[2025.12.16-21.57.42:932][  0]LogTargetPlatformManager: Display: Loaded TargetPlatform 'Android'
[2025.12.16-21.57.42:932][  0]LogTargetPlatformManager: Display: Loaded TargetPlatform 'Android_ASTC'
[2025.12.16-21.57.42:932][  0]LogTargetPlatformManager: Display: Loaded TargetPlatform 'Android_DXT'
[2025.12.16-21.57.42:932][  0]LogTargetPlatformManager: Display: Loaded TargetPlatform 'Android_ETC2'
[2025.12.16-21.57.42:932][  0]LogTargetPlatformManager: Display: Loaded TargetPlatform 'AndroidClient'
[2025.12.16-21.57.42:932][  0]LogTargetPlatformManager: Display: Loaded TargetPlatform 'Android_ASTCClient'
[2025.12.16-21.57.42:933][  0]LogTargetPlatformManager: Display: Loaded TargetPlatform 'Android_DXTClient'
[2025.12.16-21.57.42:933][  0]LogTargetPlatformManager: Display: Loaded TargetPlatform 'Android_ETC2Client'
[2025.12.16-21.57.42:933][  0]LogTargetPlatformManager: Display: Loaded TargetPlatform 'Android_Multi'
[2025.12.16-21.57.42:933][  0]LogTargetPlatformManager: Display: Loaded TargetPlatform 'Android_MultiClient'
[2025.12.16-21.57.42:979][  0]LogTargetPlatformManager: Display: Loaded TargetPlatform 'IOSClient'
[2025.12.16-21.57.42:979][  0]LogTargetPlatformManager: Display: Loaded TargetPlatform 'IOS'
[2025.12.16-21.57.43:006][  0]LogTargetPlatformManager: Display: Loaded TargetPlatform 'Linux'
[2025.12.16-21.57.43:025][  0]LogTargetPlatformManager: Display: Loaded TargetPlatform 'LinuxNoEditor'
[2025.12.16-21.57.43:044][  0]LogTargetPlatformManager: Display: Loaded TargetPlatform 'LinuxClient'
[2025.12.16-21.57.43:064][  0]LogTargetPlatformManager: Display: Loaded TargetPlatform 'LinuxServer'
[2025.12.16-21.57.43:102][  0]LogTargetPlatformManager: Display: Loaded TargetPlatform 'LinuxAArch64NoEditor'
[2025.12.16-21.57.43:119][  0]LogTargetPlatformManager: Display: Loaded TargetPlatform 'LinuxAArch64Client'
[2025.12.16-21.57.43:139][  0]LogTargetPlatformManager: Display: Loaded TargetPlatform 'LinuxAArch64Server'
[2025.12.16-21.57.43:215][  0]LogTargetPlatformManager: Display: Loaded TargetPlatform 'Lumin'
[2025.12.16-21.57.43:215][  0]LogTargetPlatformManager: Display: Loaded TargetPlatform 'LuminClient'
[2025.12.16-21.57.43:242][  0]LogTargetPlatformManager: Display: Loaded TargetPlatform 'MacNoEditor'
[2025.12.16-21.57.43:258][  0]LogTargetPlatformManager: Display: Loaded TargetPlatform 'Mac'
[2025.12.16-21.57.43:276][  0]LogTargetPlatformManager: Display: Loaded TargetPlatform 'MacClient'
[2025.12.16-21.57.43:290][  0]LogTargetPlatformManager: Display: Loaded TargetPlatform 'MacServer'
[2025.12.16-21.57.43:330][  0]LogTargetPlatformManager: Display: Loaded TargetPlatform 'TVOSClient'
[2025.12.16-21.57.43:330][  0]LogTargetPlatformManager: Display: Loaded TargetPlatform 'TVOS'
[2025.12.16-21.57.43:364][  0]LogTargetPlatformManager: Display: Loaded TargetPlatform 'WindowsNoEditor'
[2025.12.16-21.57.43:381][  0]LogTargetPlatformManager: Display: Loaded TargetPlatform 'Windows'
[2025.12.16-21.57.43:397][  0]LogTargetPlatformManager: Display: Loaded TargetPlatform 'WindowsClient'
[2025.12.16-21.57.43:410][  0]LogTargetPlatformManager: Display: Loaded TargetPlatform 'WindowsServer'
[2025.12.16-21.57.43:410][  0]LogTargetPlatformManager: Display: Building Assets For Windows
[2025.12.16-21.57.43:432][  0]LogAudioDebug: Display: Lib vorbis DLL was dynamically loaded.
[2025.12.16-21.57.43:521][  0]LogTextureFormatOodle: Display: Oodle Texture 2.9.0 init RDO Off
[2025.12.16-21.57.43:610][  0]LogRendererCore: Ray tracing is disabled. Reason: r.RayTracing=0.
[2025.12.16-21.57.43:611][  0]LogShaderCompilers: Guid format shader working directory is -28 characters bigger than the processId version (../../../../../../Rzeczy/gry/1 rok/TopDownShooterAD25/03_MarsMarine 4.27/Intermediate/Shaders/WorkingDirectory/22164/).
[2025.12.16-21.57.43:611][  0]LogShaderCompilers: Cleaned the shader compiler working directory 'C:/Users/DELL/AppData/Local/Temp/UnrealShaderWorkingDir/A4D456814F31BD1003B341ACB493E436/'.
[2025.12.16-21.57.43:611][  0]LogXGEController: Cannot use XGE Controller as Incredibuild is not installed on this machine.
[2025.12.16-21.57.43:611][  0]LogShaderCompilers: Cannot use XGE Shader Compiler as Incredibuild is not installed on this machine.
[2025.12.16-21.57.43:611][  0]LogShaderCompilers: Display: Using Local Shader Compiler.
[2025.12.16-21.57.45:018][  0]LogDerivedDataCache: Display: Max Cache Size: 512 MB
[2025.12.16-21.57.45:097][  0]LogDerivedDataCache: Loaded boot cache 0.08s 94MB C:/Users/DELL/AppData/Local/UnrealEngine/4.27/DerivedDataCache/Boot.ddc.
[2025.12.16-21.57.45:097][  0]LogDerivedDataCache: Display: Loaded Boot cache: C:/Users/DELL/AppData/Local/UnrealEngine/4.27/DerivedDataCache/Boot.ddc
[2025.12.16-21.57.45:098][  0]LogDerivedDataCache: FDerivedDataBackendGraph:  Pak pak cache file ../../../../../../Rzeczy/gry/1 rok/TopDownShooterAD25/03_MarsMarine 4.27/DerivedDataCache/DDC.ddp not found, will not use a pak cache.
[2025.12.16-21.57.45:098][  0]LogDerivedDataCache: Unable to find inner node Pak for hierarchical cache Hierarchy.
[2025.12.16-21.57.45:098][  0]LogDerivedDataCache: FDerivedDataBackendGraph:  CompressedPak pak cache file ../../../../../../Rzeczy/gry/1 rok/TopDownShooterAD25/03_MarsMarine 4.27/DerivedDataCache/Compressed.ddp not found, will not use a pak cache.
[2025.12.16-21.57.45:098][  0]LogDerivedDataCache: Unable to find inner node CompressedPak for hierarchical cache Hierarchy.
[2025.12.16-21.57.45:123][  0]LogDerivedDataCache: Display: Pak cache opened for reading ../../../Engine/DerivedDataCache/Compressed.ddp.
[2025.12.16-21.57.45:124][  0]LogDerivedDataCache: FDerivedDataBackendGraph:  EnterprisePak pak cache file ../../../Enterprise/DerivedDataCache/Compressed.ddp not found, will not use a pak cache.
[2025.12.16-21.57.45:124][  0]LogDerivedDataCache: Unable to find inner node EnterprisePak for hierarchical cache Hierarchy.
[2025.12.16-21.57.45:132][  0]LogDerivedDataCache: Speed tests for C:/Users/DELL/AppData/Local/UnrealEngine/Common/DerivedDataCache took 0.01 seconds
[2025.12.16-21.57.45:132][  0]LogDerivedDataCache: Display: Performance to C:/Users/DELL/AppData/Local/UnrealEngine/Common/DerivedDataCache: Latency=0.03ms. RandomReadSpeed=937.00MBs, RandomWriteSpeed=141.62MBs. Assigned SpeedClass 'Local'
[2025.12.16-21.57.45:133][  0]LogDerivedDataCache: Using Local data cache path C:/Users/DELL/AppData/Local/UnrealEngine/Common/DerivedDataCache: Writable
[2025.12.16-21.57.45:134][  0]LogDerivedDataCache: Shared data cache path not found in *engine.ini, will not use an Shared cache.
[2025.12.16-21.57.45:134][  0]LogDerivedDataCache: Unable to find inner node Shared for hierarchical cache Hierarchy.
[2025.12.16-21.57.45:202][  0]LogSlate: Using FreeType 2.10.0
[2025.12.16-21.57.45:203][  0]LogSlate: SlateFontServices - WITH_FREETYPE: 1, WITH_HARFBUZZ: 1
[2025.12.16-21.57.45:247][  0]LogAssetRegistry: FAssetRegistry took 0.0043 seconds to start up
[2025.12.16-21.57.45:603][  0]LogInit: Selected Device Profile: [Windows]
[2025.12.16-21.57.45:604][  0]LogInit: Active device profile: [00000208CD316E00][00000208C4D662C0 49] Windows
[2025.12.16-21.57.45:604][  0]LogInit: Profiles: [00000208CD316E00][00000208C4D662C0 49] Windows, [00000208CD2C1800][00000208C47DE440 49] WindowsNoEditor, [00000208CD316200][00000208CB07A5C0 49] WindowsServer, [00000208CD2C2300][00000208CDBEC740 49] WindowsClient, [00000208CD314D00][00000208CC7AC880 49] IOS, [00000208CD2C3C00][00000208C6A4A9C0 49] iPadAir, [00000208CD2C2E00][00000208CC59CB00 49] iPadAir2, [00000208CD268E00][00000208CB33ADC0 49] IPadPro, [00000208CD268F00][00000208CB336E00 49] iPadAir3, [00000208CD314900][00000208CB33EF80 49] iPadAir4, [00000208CD26B100][00000208CB343100 49] iPadMini2, [00000208CD268400][00000208CB347280 49] iPadMini3, [00000208CD2C1F00][00000208CB34B400 49] iPadMini4, [00000208CD26AB00][00000208CB34F580 49] iPadMini5, [00000208CD288700][00000208CB357840 49] iPhone6, [00000208CD288800][00000208CB353880 49] iPodTouch6, [00000208CD317300][00000208CB35FB40 49] iPhone7, [00000208CD316B00][00000208CB35BB80 49] iPodTouch7, [00000208CD288400][00000208CB362180 49] iPhone5S, [00000208CD2C1A00][00000208CB366300 49] iPhone6Plus, [00000208CD28A700][00000208CB36A480 49] iPhone6S, [00000208CD2C0300][00000208C69C0600 49] iPhone6SPlus, [00000208CD28AC00][00000208C69C4780 49] iPhone7Plus, [00000208CD2C1300][00000208C69C8900 49] iPhoneSE, [00000208CD28B100][00000208CB332A40 49] iPhone8, [00000208CD314200][00000208C69CCB80 49] iPhone8Plus, [00000208CD289E00][00000208C69D0CC0 49] iPhoneX, [00000208CD316600][00000208C69D8E40 49] iPhoneXS, [00000208CD288D00][00000208C69DCFC0 49] iPhoneXSMax, [00000208CD317E00][00000208CC499140 49] iPhoneXR, [00000208CD28B500][00000208CC49D2C0 49] iPhone11, [00000208CD316300][00000208CC4A1440 49] iPhone11Pro, [00000208CD289400][00000208CC4A55C0 49] iPhone11ProMax, [00000208CD314600][00000208CC4A9740 49] iPhoneSE2, [00000208CD288F00][00000208CC4AD8C0 49] iPhone12Mini, [00000208CD314500][00000208CC4B1A40 49] iPhone12, [00000208CD288B00][00000208CC4B5BC0 49] iPhone12Pro, [00000208CD316000][00000208CC4B81C0 49] iPhone12ProMax, [00000208CD28A400][00000208CC4BC340 49] iPadPro105, [00000208CD315200][00000208CC4C04C0 49] iPadPro129, [00000208CD28B700][00000208CC4C4640 49] iPadPro97, [00000208CD315500][00000208CC4C87C0 49] iPadPro2_129, [00000208CD289200][00000208CC4CC940 49] iPad5, [00000208CD314700][00000208CC4D0AC0 49] iPad6, [00000208CD289C00][00000208C69D4C00 49] iPad7, [00000208CD316100][00000208CDB7CD40 49] iPad8, [00000208CD28A300][00000208CDB80E80 49] iPadPro11, [00000208CD315000][00000208CDB84FC0 49] iPadPro2_11, [00000208CD289600][00000208CDB8D140 49] iPadPro3_129, [00000208CD315100][00000208CDB912C0 49] iPadPro4_129, [00000208CD28AB00][00000208CDB95440 49] AppleTV, [00000208CD315F00][00000208CDB995C0 49] AppleTV4K, [00000208CD28A200][00000208CDB9D740 49] TVOS, [00000208CD316500][00000208CDBA18C0 49] Mac, [00000208CD288500][00000208CDBA5A40 49] MacClient, [00000208CD314300][00000208CDBA9BC0 49] MacNoEditor, [00000208CD288900][00000208CDBAC1C0 49] MacServer, [00000208CD314400][00000208CDBB0340 49] Linux, [00000208CD28A800][00000208CDBB44C0 49] LinuxAArch64, [00000208CD316C00][00000208CDBB8640 49] LinuxNoEditor, [00000208CD28A100][00000208CDBBC7C0 49] LinuxAArch64NoEditor, [00000208CD314C00][00000208CDBC0940 49] LinuxClient, [00000208CD28BC00][00000208CDBC4AC0 49] LinuxAArch64Client, [00000208CD316700][00000208CDBC8C40 49] LinuxServer, [00000208CD28AE00][00000208CDB88D80 49] LinuxAArch64Server, [00000208CD315900][00000208CDBCCEC0 49] Android, [00000208CD289000][00000208CDBD1000 49] Android_Low, [00000208CD2C2F00][00000208CDBD5140 49] Android_Mid, [00000208CD269800][00000208CDBDD2C0 49] Android_High, [00000208CD2C2B00][00000208CAFD1440 49] Android_Default, [00000208CD269500][00000208CAFD55C0 49] Android_Adreno4xx, [00000208CD2C1200][00000208CAFD9740 49] Android_Adreno5xx_Low, [00000208CD26A100][00000208CAFDD8C0 49] Android_Adreno5xx, [00000208CD2C0F00][00000208CAFE1A40 49] Android_Adreno6xx, [00000208CD268300][00000208CAFE5BC0 49] Android_Adreno6xx_Vulkan, [00000208CD2C1000][00000208CAFE81C0 49] Android_Mali_T6xx, [00000208CD26A700][00000208CAFEC340 49] Android_Mali_T7xx, [00000208CD2C3400][00000208CAFF04C0 49] Android_Mali_T8xx, [00000208CD268C00][00000208CAFF4640 49] Android_Mali_G71, [00000208CD2C3800][00000208CAFF87C0 49] Android_Mali_G72, [00000208CD268100][00000208CAFFC940 49] Android_Mali_G72_Vulkan, [00000208CD2C0E00][00000208CB000AC0 49] Android_Mali_G76, [00000208CD26AC00][00000208CB004C40 49] Android_Mali_G76_Vulkan, [00000208CD2C0700][00000208CB008DC0 49] Android_Mali_G77, [00000208CD268900][00000208CB00CF40 49] Android_Mali_G77_Vulkan, [00000208CD2C0A00][00000208CDBD9080 49] Android_Mali_G78, [00000208CD269A00][00000208CB0111C0 49] Android_Mali_G78_Vulkan, [00000208CD2C3B00][00000208CB015300 49] Android_Mali_G710, [00000208CD26A300][00000208CB01D480 49] Android_Mali_G710_Vulkan, [00000208CD2C2A00][00000208CB021600 49] Android_Vulkan_SM5, [00000208CD26AD00][00000208CB025780 49] Android_PowerVR_G6xxx, [00000208CD2C1700][00000208CB029900 49] Android_PowerVR_GT7xxx, [00000208CD26B800][00000208CB02DA80 49] Android_PowerVR_GE8xxx, [00000208CD2C2100][00000208CB031C00 49] Android_PowerVR_GM9xxx, [00000208CD26B900][00000208CB034200 49] Android_PowerVR_GM9xxx_Vulkan, [00000208CD2C3300][00000208CB038380 49] Android_TegraK1, [00000208CD269600][00000208CB03C500 49] Android_Unknown_Vulkan, [00000208CD2C1B00][00000208CB040680 49] Lumin, [00000208CD317600][00000208CB044800 49] Lumin_Desktop, [00000208CD2C3D00][00000208CB048980 49] HoloLens, 
[2025.12.16-21.57.45:805][  0]LogMeshReduction: Using QuadricMeshReduction for automatic static mesh reduction
[2025.12.16-21.57.45:805][  0]LogMeshReduction: Using SimplygonMeshReduction for automatic skeletal mesh reduction
[2025.12.16-21.57.45:805][  0]LogMeshReduction: Using ProxyLODMeshReduction for automatic mesh merging
[2025.12.16-21.57.45:805][  0]LogMeshReduction: No distributed automatic mesh merging module available
[2025.12.16-21.57.45:805][  0]LogMeshMerging: No distributed automatic mesh merging module available
[2025.12.16-21.57.45:827][  0]LogNetVersion: MarsMarine 1.0.0, NetCL: 17155196, EngineNetVer: 17, GameNetVer: 0 (Checksum: 4288930687)
[2025.12.16-21.57.46:517][  0]LogTexture: Default maximum texture size for cubemaps generated from long-lat sources has been changed from 512 to unlimited. In order to preserve old behaiour for '/Engine/MapTemplates/Sky/DaylightAmbientCubemap.DaylightAmbientCubemap', its maximum texture size has been explicitly set to 512.
[2025.12.16-21.57.46:623][  0]LogHMD: PokeAHoleMaterial loaded successfully
[2025.12.16-21.57.46:631][  0]LogUObjectArray: 17178 objects as part of root set at end of initial load.
[2025.12.16-21.57.46:631][  0]LogUObjectAllocator: 4302048 out of 0 bytes used by permanent object pool.
[2025.12.16-21.57.46:631][  0]LogUObjectArray: CloseDisregardForGC: 0/0 objects in disregard for GC pool
[2025.12.16-21.57.47:089][  0]LogNiagaraDebuggerClient: Niagara Debugger Client Initialized | Session: FD8B8116498092ADCBE28DAC20039B93 | Instance: 007F23DF41047DDD141F4CAA6243D7AB (DESKTOP-QAAO9HT-22164).
[2025.12.16-21.57.47:146][  0]LogPython: Using Python 3.7.7
[2025.12.16-21.57.47:939][  0]LogTcpMessaging: Initializing TcpMessaging bridge
[2025.12.16-21.57.47:946][  0]LogUdpMessaging: Initializing bridge on interface 0.0.0.0:0 to multicast group 230.0.0.1:6666.
[2025.12.16-21.57.48:153][  0]SourceControl: Source control is disabled
[2025.12.16-21.57.48:153][  0]SourceControl: Source control is disabled
[2025.12.16-21.57.48:157][  0]SourceControl: Source control is disabled
[2025.12.16-21.57.48:166][  0]SourceControl: Source control is disabled
[2025.12.16-21.57.48:181][  0]SourceControl: Source control is disabled
[2025.12.16-21.57.48:185][  0]LogUProjectInfo: Found projects:
[2025.12.16-21.57.48:195][  0]LogVSAccessor: Display: Unable to create Visual Studio setup instance: 80040154
[2025.12.16-21.57.48:196][  0]LogVSAccessor: Display: Unable to create Visual Studio setup instance: 80040154
[2025.12.16-21.57.48:197][  0]LogVSAccessor: Display: Unable to create Visual Studio setup instance: 80040154
[2025.12.16-21.57.48:496][  0]LogOpenImageDenoise: OIDN starting up
[2025.12.16-21.57.48:540][  0]LogAndroidPermission: UAndroidPermissionCallbackProxy::GetInstance
[2025.12.16-21.57.48:572][  0]LogAudioCaptureCore: Display: No Audio Capture implementations found. Audio input will be silent.
[2025.12.16-21.57.48:572][  0]LogAudioCaptureCore: Display: No Audio Capture implementations found. Audio input will be silent.
[2025.12.16-21.57.48:717][  0]LogCollectionManager: Loaded 0 collections in 0.002387 seconds
[2025.12.16-21.57.48:751][  0]LogFileCache: Scanning file cache for directory 'C:/Rzeczy/gry/1 rok/TopDownShooterAD25/03_MarsMarine 4.27/Saved/Collections/' took 0.00s
[2025.12.16-21.57.48:751][  0]LogFileCache: Scanning file cache for directory 'C:/Rzeczy/gry/1 rok/TopDownShooterAD25/03_MarsMarine 4.27/Content/Developers/DELL/Collections/' took 0.00s
[2025.12.16-21.57.48:751][  0]LogFileCache: Scanning file cache for directory 'C:/Rzeczy/gry/1 rok/TopDownShooterAD25/03_MarsMarine 4.27/Content/Collections/' took 0.00s
[2025.12.16-21.57.48:751][  0]LogOcInput: OculusInput pre-init called
[2025.12.16-21.57.49:176][  0]LogEngine: Initializing Engine...
[2025.12.16-21.57.49:182][  0]LogHMD: Failed to enumerate extensions. Please check that you have a valid OpenXR runtime installed.
[2025.12.16-21.57.49:183][  0]LogHMD: Failed to initialize OpenVR with code 110
[2025.12.16-21.57.49:183][  0]LogMagicLeap: Warning: VR disabled because ZI is not enabled.  To enable, in the editor, Edit -> Project Settings -> Plugins -> Magic Leap Plugin -> Enable Zero Iteration
[2025.12.16-21.57.49:185][  0]LogStats: UGameplayTagsManager::InitializeManager -  0.000 s
[2025.12.16-21.57.49:380][  0]LogInit: Initializing FReadOnlyCVARCache
[2025.12.16-21.57.49:401][  0]LogAIModule: Creating AISystem for world Untitled
[2025.12.16-21.57.49:401][  0]LogAudio: Display: Initializing Audio Device Manager...
[2025.12.16-21.57.49:407][  0]LogAudio: Display: Loading Default Audio Settings Objects...
[2025.12.16-21.57.49:408][  0]LogAudio: Display: No default SoundConcurrencyObject specified (or failed to load).
[2025.12.16-21.57.49:408][  0]LogAudio: Display: Audio Device Manager Initialized
[2025.12.16-21.57.49:408][  0]LogAudio: Display: Creating Audio Device:                 Id: 1, Scope: Shared, Realtime: True
[2025.12.16-21.57.49:408][  0]LogAudioMixer: Display: Audio Mixer Platform Settings:
[2025.12.16-21.57.49:408][  0]LogAudioMixer: Display: 	Sample Rate:						  48000
[2025.12.16-21.57.49:408][  0]LogAudioMixer: Display: 	Callback Buffer Frame Size Requested: 1024
[2025.12.16-21.57.49:408][  0]LogAudioMixer: Display: 	Callback Buffer Frame Size To Use:	  1024
[2025.12.16-21.57.49:408][  0]LogAudioMixer: Display: 	Number of buffers to queue:			  2
[2025.12.16-21.57.49:408][  0]LogAudioMixer: Display: 	Max Channels (voices):				  32
[2025.12.16-21.57.49:408][  0]LogAudioMixer: Display: 	Number of Async Source Workers:		  0
[2025.12.16-21.57.49:408][  0]LogAudio: Display: AudioDevice MaxSources: 32
[2025.12.16-21.57.49:409][  0]LogAudio: Display: Audio Spatialization Plugin: None (built-in).
[2025.12.16-21.57.49:409][  0]LogAudio: Display: Audio Reverb Plugin: None (built-in).
[2025.12.16-21.57.49:409][  0]LogAudio: Display: Audio Occlusion Plugin: None (built-in).
[2025.12.16-21.57.49:409][  0]LogAudioMixer: Display: Initializing audio mixer.
[2025.12.16-21.57.49:428][  0]LogAudioMixer: Display: 0: FrontLeft
[2025.12.16-21.57.49:428][  0]LogAudioMixer: Display: 1: FrontRight
[2025.12.16-21.57.50:058][  0]LogAudioMixer: Display: Using Audio Device Głośniki (Realtek(R) Audio)
[2025.12.16-21.57.50:059][  0]LogAudioMixer: Display: Initializing Sound Submixes...
[2025.12.16-21.57.50:061][  0]LogAudioMixer: Display: Creating Master Submix 'MasterSubmixDefault'
[2025.12.16-21.57.50:061][  0]LogAudioMixer: Display: Creating Master Submix 'MasterReverbSubmixDefault'
[2025.12.16-21.57.50:063][  0]LogAudioMixer: Display: Creating Master Submix 'MasterEQSubmixDefault'
[2025.12.16-21.57.50:063][  0]LogAudioMixer: FMixerPlatformXAudio2::StartAudioStream() called
[2025.12.16-21.57.50:063][  0]LogAudioMixer: Display: Output buffers initialized: Frames=1024, Channels=2, Samples=2048
[2025.12.16-21.57.50:064][  0]LogAudioMixer: Display: Starting AudioMixerPlatformInterface::RunInternal()
[2025.12.16-21.57.50:064][  0]LogAudioMixer: Display: FMixerPlatformXAudio2::SubmitBuffer() called for the first time
[2025.12.16-21.57.50:064][  0]LogInit: FAudioDevice initialized.
[2025.12.16-21.57.50:064][  0]LogAudio: Display: Audio Device (ID: 1) registered with world 'Untitled'.
[2025.12.16-21.57.50:064][  0]LogNetVersion: Set ProjectVersion to 1.0.0.0. Version Checksum will be recalculated on next use.
[2025.12.16-21.57.50:173][  0]LogDerivedDataCache: Saved boot cache 0.11s 94MB C:/Users/DELL/AppData/Local/UnrealEngine/4.27/DerivedDataCache/Boot.ddc.
[2025.12.16-21.57.50:174][  0]LogInit: Texture streaming: Enabled
[2025.12.16-21.57.50:192][  0]LogAnalytics: Display: [UEEditor.Rocket.Release] APIServer = https://datarouter.ol.epicgames.com/. AppVersion = 4.27.2-18319896+++UE4+Release-4.27
[2025.12.16-21.57.50:199][  0]LogEngineSessionManager: EngineSessionManager initialized
[2025.12.16-21.57.50:199][  0]LogEditorSessionSummary: Verbose: Initializing EditorSessionSummaryWriter for editor session tracking
[2025.12.16-21.57.50:203][  0]LogEditorSessionSummary: EditorSessionSummaryWriter initialized
[2025.12.16-21.57.50:239][  0]LogInit: Transaction tracking system initialized
[2025.12.16-21.57.50:273][  0]BlueprintLog: New page: Editor Load
[2025.12.16-21.57.50:362][  0]LocalizationService: Localization service is disabled
[2025.12.16-21.57.50:398][  0]TimingProfiler: Initialize
[2025.12.16-21.57.50:398][  0]TimingProfiler: OnSessionChanged
[2025.12.16-21.57.50:398][  0]LoadingProfiler: Initialize
[2025.12.16-21.57.50:398][  0]LoadingProfiler: OnSessionChanged
[2025.12.16-21.57.50:398][  0]NetworkingProfiler: Initialize
[2025.12.16-21.57.50:398][  0]NetworkingProfiler: OnSessionChanged
[2025.12.16-21.57.50:398][  0]MemoryProfiler: Initialize
[2025.12.16-21.57.50:398][  0]MemoryProfiler: OnSessionChanged
[2025.12.16-21.57.50:474][  0]LogVSAccessor: Display: Unable to create Visual Studio setup instance: 80040154
[2025.12.16-21.57.50:476][  0]LogVSAccessor: Display: Unable to create Visual Studio setup instance: 80040154
[2025.12.16-21.57.50:477][  0]LogVSAccessor: Display: Unable to create Visual Studio setup instance: 80040154
[2025.12.16-21.57.50:598][  0]LogCook: Display: CookSettings for Memory: MemoryMaxUsedVirtual 0MiB, MemoryMaxUsedPhysical 16384MiB, MemoryMinFreeVirtual 0MiB, MemoryMinFreePhysical 1024MiB
[2025.12.16-21.57.50:598][  0]LogCook: Display: Mobile HDR setting 1
[2025.12.16-21.57.50:903][  0]LogFileCache: Scanning file cache for directory 'C:/Rzeczy/gry/1 rok/TopDownShooterAD25/03_MarsMarine 4.27/Content/' took 0.01s
[2025.12.16-21.57.51:314][  0]LogInit: Display: Engine is initialized. Leaving FEngineLoop::Init()
[2025.12.16-21.57.51:319][  0]SourceControl: Source control is disabled
[2025.12.16-21.57.51:320][  0]LogUnrealEdMisc: Loading editor; pre map load, took 12.032
[2025.12.16-21.57.51:320][  0]Cmd: MAP LOAD FILE="../../../../../../Rzeczy/gry/1 rok/TopDownShooterAD25/03_MarsMarine 4.27/Content/Levels/Mars.umap" TEMPLATE=0 SHOWPROGRESS=1 FEATURELEVEL=3
[2025.12.16-21.57.51:320][  0]LightingResults: New page: Lighting Build
[2025.12.16-21.57.51:322][  0]LogWorld: UWorld::CleanupWorld for Untitled, bSessionEnded=true, bCleanupResources=true
[2025.12.16-21.57.51:323][  0]LogSlate: InvalidateAllWidgets triggered.  All widgets were invalidated
[2025.12.16-21.57.51:323][  0]MapCheck: New page: Map Check
[2025.12.16-21.57.51:323][  0]LightingResults: New page: Lighting Build
[2025.12.16-21.57.51:333][  0]LogAudio: Display: Audio Device unregistered from world 'None'.
[2025.12.16-21.57.51:339][  0]LogUObjectHash: Compacting FUObjectHashTables data took   1.28ms
[2025.12.16-21.57.51:381][  0]LogLinker: Warning: [AssetLog] C:\Rzeczy\gry\1 rok\TopDownShooterAD25\03_MarsMarine 4.27\Content\UI\W_PlayerHUD.uasset: Failed to load '/Game/Effects/Weapons/Muzzle/P_AssaultRifle_MF': Can't find file.
[2025.12.16-21.57.51:381][  0]LoadErrors: Failed to load /Game/Effects/Weapons/Muzzle/P_AssaultRifle_MF.P_AssaultRifle_MF Referenced by P_AssaultRifle_MF_GEN_VARIABLE
[2025.12.16-21.57.51:381][  0]LogLinker: Warning: [AssetLog] C:\Rzeczy\gry\1 rok\TopDownShooterAD25\03_MarsMarine 4.27\Content\UI\W_PlayerHUD.uasset: Failed to load '/Game/Effects/Weapons/Muzzle/P_AssaultRifle_MF': Can't find file.
[2025.12.16-21.57.51:381][  0]LoadErrors: Failed to load /Game/Effects/Weapons/Muzzle/P_AssaultRifle_MF.P_AssaultRifle_MF Referenced by P_AssaultRifle_MF_GEN_VARIABLE
[2025.12.16-21.57.51:382][  0]LogLinker: Warning: [AssetLog] C:\Rzeczy\gry\1 rok\TopDownShooterAD25\03_MarsMarine 4.27\Content\Weapons\Rifle.uasset: Failed to load '/Game/Weapons/Materials/MagGun_MatA_Inst3': Can't find file.
[2025.12.16-21.57.51:382][  0]LoadErrors: Failed to load /Game/Weapons/Rifle.Rifle Referenced by Rifle_GEN_VARIABLE
[2025.12.16-21.57.51:383][  0]LogLinker: Warning: [AssetLog] C:\Rzeczy\gry\1 rok\TopDownShooterAD25\03_MarsMarine 4.27\Content\Weapons\Rifle.uasset: Failed to load '/Game/Weapons/Materials/MagGun_MatA_Inst3': Can't find file.
[2025.12.16-21.57.51:383][  0]LoadErrors: Failed to load /Game/Weapons/Rifle.Rifle Referenced by Rifle_GEN_VARIABLE
[2025.12.16-21.57.51:383][  0]LogLinker: Warning: [AssetLog] C:\Rzeczy\gry\1 rok\TopDownShooterAD25\03_MarsMarine 4.27\Content\Weapons\Rifle.uasset: Failed to load '/Game/Weapons/Materials/MagGun_MatB_Inst2': Can't find file.
[2025.12.16-21.57.51:383][  0]LoadErrors: Failed to load /Game/Weapons/Rifle.Rifle Referenced by Rifle_GEN_VARIABLE
[2025.12.16-21.57.51:383][  0]LogLinker: Warning: [AssetLog] C:\Rzeczy\gry\1 rok\TopDownShooterAD25\03_MarsMarine 4.27\Content\Weapons\Rifle.uasset: Failed to load '/Game/Weapons/Materials/MagGun_MatB_Inst2': Can't find file.
[2025.12.16-21.57.51:383][  0]LoadErrors: Failed to load /Game/Weapons/Rifle.Rifle Referenced by Rifle_GEN_VARIABLE
[2025.12.16-21.57.51:384][  0]LogLinker: Warning: [AssetLog] C:\Rzeczy\gry\1 rok\TopDownShooterAD25\03_MarsMarine 4.27\Content\Weapons\Rifle.uasset: Failed to load '/Game/Weapons/Materials/MagGun_SightLens_Mat_Inst': Can't find file.
[2025.12.16-21.57.51:384][  0]LoadErrors: Failed to load /Game/Weapons/Rifle.Rifle Referenced by Rifle_GEN_VARIABLE
[2025.12.16-21.57.51:384][  0]LogLinker: Warning: [AssetLog] C:\Rzeczy\gry\1 rok\TopDownShooterAD25\03_MarsMarine 4.27\Content\Weapons\Rifle.uasset: Failed to load '/Game/Weapons/Materials/MagGun_SightLens_Mat_Inst': Can't find file.
[2025.12.16-21.57.51:384][  0]LoadErrors: Failed to load /Game/Weapons/Rifle.Rifle Referenced by Rifle_GEN_VARIABLE
[2025.12.16-21.57.51:384][  0]LogLinker: Warning: [AssetLog] C:\Rzeczy\gry\1 rok\TopDownShooterAD25\03_MarsMarine 4.27\Content\Weapons\Rifle.uasset: Failed to load '/Game/Weapons/Materials/MagGun_MatA_Inst3': Can't find file.
[2025.12.16-21.57.51:384][  0]LoadErrors: Failed to load /Game/Weapons/Rifle.Rifle Referenced by Rifle_GEN_VARIABLE
[2025.12.16-21.57.51:384][  0]LogLinker: Warning: [AssetLog] C:\Rzeczy\gry\1 rok\TopDownShooterAD25\03_MarsMarine 4.27\Content\Weapons\Rifle.uasset: Failed to load '/Game/Weapons/Materials/MagGun_MatB_Inst2': Can't find file.
[2025.12.16-21.57.51:384][  0]LoadErrors: Failed to load /Game/Weapons/Rifle.Rifle Referenced by Rifle_GEN_VARIABLE
[2025.12.16-21.57.51:385][  0]LogLinker: Warning: [AssetLog] C:\Rzeczy\gry\1 rok\TopDownShooterAD25\03_MarsMarine 4.27\Content\Weapons\Rifle.uasset: Failed to load '/Game/Weapons/Materials/MagGun_SightLens_Mat_Inst': Can't find file.
[2025.12.16-21.57.51:385][  0]LoadErrors: Failed to load /Game/Weapons/Rifle.Rifle Referenced by Rifle_GEN_VARIABLE
[2025.12.16-21.57.51:414][  0]LogLinker: Warning: [AssetLog] C:\Rzeczy\gry\1 rok\TopDownShooterAD25\03_MarsMarine 4.27\Content\Characters\Marine\Animations\AnimBP_Marine.uasset: Failed to load '/Game/Effects/Weapons/Muzzle/P_AssaultRifle_MF': Can't find file.
[2025.12.16-21.57.51:414][  0]LogLinker: Warning: [AssetLog] C:\Rzeczy\gry\1 rok\TopDownShooterAD25\03_MarsMarine 4.27\Content\Characters\Marine\Animations\AnimBP_Marine.uasset: Failed to load '/Game/Sounds/Weapon_AssaultRifle/Stereo/RifleFireEnd_Cue': Can't find file.
[2025.12.16-21.57.51:414][  0]LogLinker: Warning: [AssetLog] C:\Rzeczy\gry\1 rok\TopDownShooterAD25\03_MarsMarine 4.27\Content\Characters\Marine\Animations\AnimBP_Marine.uasset: Failed to load '/Game/Sounds/Weapon_AssaultRifle/Stereo/RifleFireEnd_Cue': Can't find file.
[2025.12.16-21.57.51:414][  0]LogLinker: Warning: [AssetLog] C:\Rzeczy\gry\1 rok\TopDownShooterAD25\03_MarsMarine 4.27\Content\Characters\Marine\Animations\AnimBP_Marine.uasset: Failed to load '/Game/Sounds/Weapon_AssaultRifle/Stereo/RifleFireLoop_Cue': Can't find file.
[2025.12.16-21.57.51:415][  0]LogLinker: Warning: [AssetLog] C:\Rzeczy\gry\1 rok\TopDownShooterAD25\03_MarsMarine 4.27\Content\Characters\Marine\Animations\AnimBP_Marine.uasset: Failed to load '/Game/Sounds/Weapon_AssaultRifle/Stereo/RifleFireLoop_Cue': Can't find file.
[2025.12.16-21.57.51:415][  0]LogLinker: Warning: [AssetLog] C:\Rzeczy\gry\1 rok\TopDownShooterAD25\03_MarsMarine 4.27\Content\Characters\Marine\Animations\AnimBP_Marine.uasset: Failed to load '/Game/Effects/Weapons/Muzzle/P_AssaultRifle_MF': Can't find file.
[2025.12.16-21.57.51:415][  0]LogLinker: Warning: [AssetLog] C:\Rzeczy\gry\1 rok\TopDownShooterAD25\03_MarsMarine 4.27\Content\Characters\Marine\Animations\AnimBP_Marine.uasset: Failed to load '/Game/Sounds/Weapon_AssaultRifle/Stereo/RifleFireEnd_Cue': Can't find file.
[2025.12.16-21.57.51:415][  0]LogLinker: Warning: [AssetLog] C:\Rzeczy\gry\1 rok\TopDownShooterAD25\03_MarsMarine 4.27\Content\Characters\Marine\Animations\AnimBP_Marine.uasset: Failed to load '/Game/Sounds/Weapon_AssaultRifle/Stereo/RifleFireLoop_Cue': Can't find file.
[2025.12.16-21.57.51:420][  0]LogLinker: Warning: [AssetLog] C:\Rzeczy\gry\1 rok\TopDownShooterAD25\03_MarsMarine 4.27\Content\Characters\Marine\Animations\AnimBP_Marine.uasset: Failed to load '/Game/Sounds/Weapon_AssaultRifle/Stereo/RifleFireLoop_Cue': Can't find file.
[2025.12.16-21.57.51:420][  0]LoadErrors: Failed to load /Game/Sounds/Weapon_AssaultRifle/Stereo/RifleFireLoop_Cue.RifleFireLoop_Cue Referenced by K2Node_CallFunction_1
[2025.12.16-21.57.51:421][  0]LogLinker: Warning: [AssetLog] C:\Rzeczy\gry\1 rok\TopDownShooterAD25\03_MarsMarine 4.27\Content\Characters\Marine\Animations\AnimBP_Marine.uasset: Failed to load '/Game/Sounds/Weapon_AssaultRifle/Stereo/RifleFireEnd_Cue': Can't find file.
[2025.12.16-21.57.51:421][  0]LoadErrors: Failed to load /Game/Sounds/Weapon_AssaultRifle/Stereo/RifleFireEnd_Cue.RifleFireEnd_Cue Referenced by K2Node_CallFunction_3
[2025.12.16-21.57.51:423][  0]LogLinker: Warning: [AssetLog] C:\Rzeczy\gry\1 rok\TopDownShooterAD25\03_MarsMarine 4.27\Content\Blueprints\Pawns\BP_Marine.uasset: Failed to load '/Game/Effects/Weapons/Muzzle/P_AssaultRifle_MF': Can't find file.
[2025.12.16-21.57.51:423][  0]LogLinker: Warning: [AssetLog] C:\Rzeczy\gry\1 rok\TopDownShooterAD25\03_MarsMarine 4.27\Content\Blueprints\Pawns\BP_Marine.uasset: Failed to load '/Game/Sounds/Weapon_AssaultRifle/Stereo/RifleFireEnd_Cue': Can't find file.
[2025.12.16-21.57.51:423][  0]LogLinker: Warning: [AssetLog] C:\Rzeczy\gry\1 rok\TopDownShooterAD25\03_MarsMarine 4.27\Content\Blueprints\Pawns\BP_Marine.uasset: Failed to load '/Game/Sounds/Weapon_AssaultRifle/Stereo/RifleFireLoop_Cue': Can't find file.
[2025.12.16-21.57.51:423][  0]LogLinker: Warning: [AssetLog] C:\Rzeczy\gry\1 rok\TopDownShooterAD25\03_MarsMarine 4.27\Content\Blueprints\Pawns\BP_Marine.uasset: Failed to load '/Game/Effects/Weapons/Muzzle/P_AssaultRifle_MF': Can't find file.
[2025.12.16-21.57.51:424][  0]LogLinker: Warning: [AssetLog] C:\Rzeczy\gry\1 rok\TopDownShooterAD25\03_MarsMarine 4.27\Content\Blueprints\Pawns\BP_Marine.uasset: Failed to load '/Game/Sounds/Weapon_AssaultRifle/Stereo/RifleFireEnd_Cue': Can't find file.
[2025.12.16-21.57.51:424][  0]LogLinker: Warning: [AssetLog] C:\Rzeczy\gry\1 rok\TopDownShooterAD25\03_MarsMarine 4.27\Content\Blueprints\Pawns\BP_Marine.uasset: Failed to load '/Game/Sounds/Weapon_AssaultRifle/Stereo/RifleFireLoop_Cue': Can't find file.
[2025.12.16-21.57.51:617][  0]LogLinker: Warning: [AssetLog] C:\Rzeczy\gry\1 rok\TopDownShooterAD25\03_MarsMarine 4.27\Content\Weapons\Rifle.uasset: Failed to load '/Game/Weapons/Materials/MagGun_MatA_Inst3': Can't find file.
[2025.12.16-21.57.51:619][  0]LoadErrors: Failed to load /Game/Weapons/Materials/MagGun_MatA_Inst3.MagGun_MatA_Inst3 Referenced by Rifle
[2025.12.16-21.57.51:619][  0]LogLinker: Warning: [AssetLog] C:\Rzeczy\gry\1 rok\TopDownShooterAD25\03_MarsMarine 4.27\Content\Weapons\Rifle.uasset: Failed to load '/Game/Weapons/Materials/MagGun_MatB_Inst2': Can't find file.
[2025.12.16-21.57.51:619][  0]LoadErrors: Failed to load /Game/Weapons/Materials/MagGun_MatB_Inst2.MagGun_MatB_Inst2 Referenced by Rifle
[2025.12.16-21.57.51:619][  0]LogLinker: Warning: [AssetLog] C:\Rzeczy\gry\1 rok\TopDownShooterAD25\03_MarsMarine 4.27\Content\Weapons\Rifle.uasset: Failed to load '/Game/Weapons/Materials/MagGun_SightLens_Mat_Inst': Can't find file.
[2025.12.16-21.57.51:619][  0]LoadErrors: Failed to load /Game/Weapons/Materials/MagGun_SightLens_Mat_Inst.MagGun_SightLens_Mat_Inst Referenced by Rifle
[2025.12.16-21.57.51:761][  0]LogSkeletalMesh: Display: [AssetLog] C:\Rzeczy\gry\1 rok\TopDownShooterAD25\03_MarsMarine 4.27\Content\Weapons\Rifle.uasset: Find and fix some bad tangent! please re-import this skeletal mesh asset to fix the issue. The shading of the skeletal mesh will be bad and faceted.
[2025.12.16-21.57.51:790][  0]LogAudio: Display: Audio Device (ID: 1) registered with world 'Mars'.
[2025.12.16-21.57.51:792][  0]LogAIModule: Creating AISystem for world Mars
[2025.12.16-21.57.51:825][  0]LogEditorServer: Finished looking for orphan Actors (0.000 secs)
[2025.12.16-21.57.51:869][  0]LogUObjectHash: Compacting FUObjectHashTables data took   1.38ms
[2025.12.16-21.57.51:870][  0]Cmd: MAP CHECKDEP NOCLEARLOG
[2025.12.16-21.57.51:870][  0]MapCheck: Map check complete: 0 Error(s), 0 Warning(s), took 0,228ms to complete.
[2025.12.16-21.57.51:870][  0]LogFileHelpers: Loading map 'Mars' took 0.551
[2025.12.16-21.57.51:873][  0]LogUnrealEdMisc: Total Editor Startup Time, took 12.586
[2025.12.16-21.57.52:408][  0]LogSlate: Only BGRA pngs, bmps or icos are supported in by External Image Picker
[2025.12.16-21.57.52:498][  0]LogSlate: Updating window title bar state: overlay mode, drag disabled, window buttons hidden, title bar hidden
[2025.12.16-21.57.52:506][  0]LogSlate: Updating window title bar state: overlay mode, drag disabled, window buttons hidden, title bar hidden
[2025.12.16-21.57.52:516][  0]LogSlate: Updating window title bar state: overlay mode, drag disabled, window buttons hidden, title bar hidden
[2025.12.16-21.57.52:523][  0]LogSlate: Updating window title bar state: overlay mode, drag disabled, window buttons hidden, title bar hidden
[2025.12.16-21.57.52:542][  0]LogNativeClassHierarchy: Verbose: Native class hierarchy populated in 0.0127 seconds. Added 3822 classes and 928 folders.
[2025.12.16-21.57.52:546][  0]LogNativeClassHierarchy: Verbose: Native class hierarchy updated for 'WidgetCarousel' in 0.0003 seconds. Added 0 classes and 0 folders.
[2025.12.16-21.57.52:549][  0]LogPakFile: PakFile PrimaryIndexSize=187
[2025.12.16-21.57.52:549][  0]LogPakFile: PakFile PathHashIndexSize=101
[2025.12.16-21.57.52:549][  0]LogPakFile: PakFile FullDirectoryIndexSize=148
[2025.12.16-21.57.52:549][  0]LogShaderLibrary: Display: ShaderCodeLibraryPakFileMountedCallback: PakFile 'C:/Program Files/Epic Games/UE_4.27/FeaturePacks/FP_FirstPerson.upack' (chunk index -1, root 'root:/') mounted
[2025.12.16-21.57.52:549][  0]LogShaderLibrary: Display: ShaderCodeLibraryPakFileMountedCallback: pending pak file info (ChunkID:-1 Root:root:/ File:C:/Program Files/Epic Games/UE_4.27/FeaturePacks/FP_FirstPerson.upack)
[2025.12.16-21.57.52:549][  0]LogPakFile: OnPakFileMounted2Time == 0.000076
[2025.12.16-21.57.52:549][  0]LogPakFile: PakFile PrimaryIndexSize=189
[2025.12.16-21.57.52:549][  0]LogPakFile: PakFile PathHashIndexSize=101
[2025.12.16-21.57.52:549][  0]LogPakFile: PakFile FullDirectoryIndexSize=152
[2025.12.16-21.57.52:549][  0]LogShaderLibrary: Display: ShaderCodeLibraryPakFileMountedCallback: PakFile 'C:/Program Files/Epic Games/UE_4.27/FeaturePacks/FP_FirstPersonBP.upack' (chunk index -1, root 'root:/') mounted
[2025.12.16-21.57.52:549][  0]LogShaderLibrary: Display: ShaderCodeLibraryPakFileMountedCallback: pending pak file info (ChunkID:-1 Root:root:/ File:C:/Program Files/Epic Games/UE_4.27/FeaturePacks/FP_FirstPersonBP.upack)
[2025.12.16-21.57.52:549][  0]LogPakFile: OnPakFileMounted2Time == 0.000047
[2025.12.16-21.57.52:550][  0]LogPakFile: PakFile PrimaryIndexSize=191
[2025.12.16-21.57.52:550][  0]LogPakFile: PakFile PathHashIndexSize=101
[2025.12.16-21.57.52:550][  0]LogPakFile: PakFile FullDirectoryIndexSize=160
[2025.12.16-21.57.52:550][  0]LogShaderLibrary: Display: ShaderCodeLibraryPakFileMountedCallback: PakFile 'C:/Program Files/Epic Games/UE_4.27/FeaturePacks/MobileStarterContent.upack' (chunk index -1, root 'root:/') mounted
[2025.12.16-21.57.52:550][  0]LogShaderLibrary: Display: ShaderCodeLibraryPakFileMountedCallback: pending pak file info (ChunkID:-1 Root:root:/ File:C:/Program Files/Epic Games/UE_4.27/FeaturePacks/MobileStarterContent.upack)
[2025.12.16-21.57.52:550][  0]LogPakFile: OnPakFileMounted2Time == 0.000046
[2025.12.16-21.57.52:551][  0]LogPakFile: PakFile PrimaryIndexSize=185
[2025.12.16-21.57.52:551][  0]LogPakFile: PakFile PathHashIndexSize=101
[2025.12.16-21.57.52:551][  0]LogPakFile: PakFile FullDirectoryIndexSize=148
[2025.12.16-21.57.52:551][  0]LogShaderLibrary: Display: ShaderCodeLibraryPakFileMountedCallback: PakFile 'C:/Program Files/Epic Games/UE_4.27/FeaturePacks/StarterContent.upack' (chunk index -1, root 'root:/') mounted
[2025.12.16-21.57.52:551][  0]LogShaderLibrary: Display: ShaderCodeLibraryPakFileMountedCallback: pending pak file info (ChunkID:-1 Root:root:/ File:C:/Program Files/Epic Games/UE_4.27/FeaturePacks/StarterContent.upack)
[2025.12.16-21.57.52:551][  0]LogPakFile: OnPakFileMounted2Time == 0.000044
[2025.12.16-21.57.52:551][  0]LogPakFile: PakFile PrimaryIndexSize=190
[2025.12.16-21.57.52:551][  0]LogPakFile: PakFile PathHashIndexSize=101
[2025.12.16-21.57.52:551][  0]LogPakFile: PakFile FullDirectoryIndexSize=154
[2025.12.16-21.57.52:551][  0]LogShaderLibrary: Display: ShaderCodeLibraryPakFileMountedCallback: PakFile 'C:/Program Files/Epic Games/UE_4.27/FeaturePacks/TP_2DSideScroller.upack' (chunk index -1, root 'root:/') mounted
[2025.12.16-21.57.52:551][  0]LogShaderLibrary: Display: ShaderCodeLibraryPakFileMountedCallback: pending pak file info (ChunkID:-1 Root:root:/ File:C:/Program Files/Epic Games/UE_4.27/FeaturePacks/TP_2DSideScroller.upack)
[2025.12.16-21.57.52:551][  0]LogPakFile: OnPakFileMounted2Time == 0.000048
[2025.12.16-21.57.52:552][  0]LogPakFile: PakFile PrimaryIndexSize=192
[2025.12.16-21.57.52:552][  0]LogPakFile: PakFile PathHashIndexSize=101
[2025.12.16-21.57.52:552][  0]LogPakFile: PakFile FullDirectoryIndexSize=158
[2025.12.16-21.57.52:552][  0]LogShaderLibrary: Display: ShaderCodeLibraryPakFileMountedCallback: PakFile 'C:/Program Files/Epic Games/UE_4.27/FeaturePacks/TP_2DSideScrollerBP.upack' (chunk index -1, root 'root:/') mounted
[2025.12.16-21.57.52:552][  0]LogShaderLibrary: Display: ShaderCodeLibraryPakFileMountedCallback: pending pak file info (ChunkID:-1 Root:root:/ File:C:/Program Files/Epic Games/UE_4.27/FeaturePacks/TP_2DSideScrollerBP.upack)
[2025.12.16-21.57.52:552][  0]LogPakFile: OnPakFileMounted2Time == 0.000041
[2025.12.16-21.57.52:552][  0]LogPakFile: PakFile PrimaryIndexSize=182
[2025.12.16-21.57.52:552][  0]LogPakFile: PakFile PathHashIndexSize=101
[2025.12.16-21.57.52:552][  0]LogPakFile: PakFile FullDirectoryIndexSize=138
[2025.12.16-21.57.52:552][  0]LogShaderLibrary: Display: ShaderCodeLibraryPakFileMountedCallback: PakFile 'C:/Program Files/Epic Games/UE_4.27/FeaturePacks/TP_Flying.upack' (chunk index -1, root 'root:/') mounted
[2025.12.16-21.57.52:552][  0]LogShaderLibrary: Display: ShaderCodeLibraryPakFileMountedCallback: pending pak file info (ChunkID:-1 Root:root:/ File:C:/Program Files/Epic Games/UE_4.27/FeaturePacks/TP_Flying.upack)
[2025.12.16-21.57.52:552][  0]LogPakFile: OnPakFileMounted2Time == 0.000043
[2025.12.16-21.57.52:553][  0]LogPakFile: PakFile PrimaryIndexSize=184
[2025.12.16-21.57.52:553][  0]LogPakFile: PakFile PathHashIndexSize=101
[2025.12.16-21.57.52:553][  0]LogPakFile: PakFile FullDirectoryIndexSize=142
[2025.12.16-21.57.52:553][  0]LogShaderLibrary: Display: ShaderCodeLibraryPakFileMountedCallback: PakFile 'C:/Program Files/Epic Games/UE_4.27/FeaturePacks/TP_FlyingBP.upack' (chunk index -1, root 'root:/') mounted
[2025.12.16-21.57.52:553][  0]LogShaderLibrary: Display: ShaderCodeLibraryPakFileMountedCallback: pending pak file info (ChunkID:-1 Root:root:/ File:C:/Program Files/Epic Games/UE_4.27/FeaturePacks/TP_FlyingBP.upack)
[2025.12.16-21.57.52:553][  0]LogPakFile: OnPakFileMounted2Time == 0.000040
[2025.12.16-21.57.52:553][  0]LogPakFile: PakFile PrimaryIndexSize=188
[2025.12.16-21.57.52:553][  0]LogPakFile: PakFile PathHashIndexSize=101
[2025.12.16-21.57.52:553][  0]LogPakFile: PakFile FullDirectoryIndexSize=150
[2025.12.16-21.57.52:554][  0]LogShaderLibrary: Display: ShaderCodeLibraryPakFileMountedCallback: PakFile 'C:/Program Files/Epic Games/UE_4.27/FeaturePacks/TP_HandheldARBP.upack' (chunk index -1, root 'root:/') mounted
[2025.12.16-21.57.52:554][  0]LogShaderLibrary: Display: ShaderCodeLibraryPakFileMountedCallback: pending pak file info (ChunkID:-1 Root:root:/ File:C:/Program Files/Epic Games/UE_4.27/FeaturePacks/TP_HandheldARBP.upack)
[2025.12.16-21.57.52:554][  0]LogPakFile: OnPakFileMounted2Time == 0.000039
[2025.12.16-21.57.52:554][  0]LogPakFile: PakFile PrimaryIndexSize=182
[2025.12.16-21.57.52:554][  0]LogPakFile: PakFile PathHashIndexSize=101
[2025.12.16-21.57.52:554][  0]LogPakFile: PakFile FullDirectoryIndexSize=138
[2025.12.16-21.57.52:554][  0]LogShaderLibrary: Display: ShaderCodeLibraryPakFileMountedCallback: PakFile 'C:/Program Files/Epic Games/UE_4.27/FeaturePacks/TP_Puzzle.upack' (chunk index -1, root 'root:/') mounted
[2025.12.16-21.57.52:554][  0]LogShaderLibrary: Display: ShaderCodeLibraryPakFileMountedCallback: pending pak file info (ChunkID:-1 Root:root:/ File:C:/Program Files/Epic Games/UE_4.27/FeaturePacks/TP_Puzzle.upack)
[2025.12.16-21.57.52:554][  0]LogPakFile: OnPakFileMounted2Time == 0.000040
[2025.12.16-21.57.52:555][  0]LogPakFile: PakFile PrimaryIndexSize=184
[2025.12.16-21.57.52:555][  0]LogPakFile: PakFile PathHashIndexSize=101
[2025.12.16-21.57.52:555][  0]LogPakFile: PakFile FullDirectoryIndexSize=142
[2025.12.16-21.57.52:555][  0]LogShaderLibrary: Display: ShaderCodeLibraryPakFileMountedCallback: PakFile 'C:/Program Files/Epic Games/UE_4.27/FeaturePacks/TP_PuzzleBP.upack' (chunk index -1, root 'root:/') mounted
[2025.12.16-21.57.52:555][  0]LogShaderLibrary: Display: ShaderCodeLibraryPakFileMountedCallback: pending pak file info (ChunkID:-1 Root:root:/ File:C:/Program Files/Epic Games/UE_4.27/FeaturePacks/TP_PuzzleBP.upack)
[2025.12.16-21.57.52:555][  0]LogPakFile: OnPakFileMounted2Time == 0.000039
[2025.12.16-21.57.52:555][  0]LogPakFile: PakFile PrimaryIndexSize=183
[2025.12.16-21.57.52:555][  0]LogPakFile: PakFile PathHashIndexSize=101
[2025.12.16-21.57.52:555][  0]LogPakFile: PakFile FullDirectoryIndexSize=140
[2025.12.16-21.57.52:555][  0]LogShaderLibrary: Display: ShaderCodeLibraryPakFileMountedCallback: PakFile 'C:/Program Files/Epic Games/UE_4.27/FeaturePacks/TP_Rolling.upack' (chunk index -1, root 'root:/') mounted
[2025.12.16-21.57.52:555][  0]LogShaderLibrary: Display: ShaderCodeLibraryPakFileMountedCallback: pending pak file info (ChunkID:-1 Root:root:/ File:C:/Program Files/Epic Games/UE_4.27/FeaturePacks/TP_Rolling.upack)
[2025.12.16-21.57.52:555][  0]LogPakFile: OnPakFileMounted2Time == 0.000045
[2025.12.16-21.57.52:556][  0]LogPakFile: PakFile PrimaryIndexSize=185
[2025.12.16-21.57.52:556][  0]LogPakFile: PakFile PathHashIndexSize=101
[2025.12.16-21.57.52:556][  0]LogPakFile: PakFile FullDirectoryIndexSize=144
[2025.12.16-21.57.52:556][  0]LogShaderLibrary: Display: ShaderCodeLibraryPakFileMountedCallback: PakFile 'C:/Program Files/Epic Games/UE_4.27/FeaturePacks/TP_RollingBP.upack' (chunk index -1, root 'root:/') mounted
[2025.12.16-21.57.52:556][  0]LogShaderLibrary: Display: ShaderCodeLibraryPakFileMountedCallback: pending pak file info (ChunkID:-1 Root:root:/ File:C:/Program Files/Epic Games/UE_4.27/FeaturePacks/TP_RollingBP.upack)
[2025.12.16-21.57.52:556][  0]LogPakFile: OnPakFileMounted2Time == 0.000042
[2025.12.16-21.57.52:556][  0]LogPakFile: PakFile PrimaryIndexSize=188
[2025.12.16-21.57.52:556][  0]LogPakFile: PakFile PathHashIndexSize=101
[2025.12.16-21.57.52:556][  0]LogPakFile: PakFile FullDirectoryIndexSize=150
[2025.12.16-21.57.52:556][  0]LogShaderLibrary: Display: ShaderCodeLibraryPakFileMountedCallback: PakFile 'C:/Program Files/Epic Games/UE_4.27/FeaturePacks/TP_SideScroller.upack' (chunk index -1, root 'root:/') mounted
[2025.12.16-21.57.52:556][  0]LogShaderLibrary: Display: ShaderCodeLibraryPakFileMountedCallback: pending pak file info (ChunkID:-1 Root:root:/ File:C:/Program Files/Epic Games/UE_4.27/FeaturePacks/TP_SideScroller.upack)
[2025.12.16-21.57.52:556][  0]LogPakFile: OnPakFileMounted2Time == 0.000040
[2025.12.16-21.57.52:556][  0]LogPakFile: PakFile PrimaryIndexSize=190
[2025.12.16-21.57.52:556][  0]LogPakFile: PakFile PathHashIndexSize=101
[2025.12.16-21.57.52:556][  0]LogPakFile: PakFile FullDirectoryIndexSize=154
[2025.12.16-21.57.52:556][  0]LogShaderLibrary: Display: ShaderCodeLibraryPakFileMountedCallback: PakFile 'C:/Program Files/Epic Games/UE_4.27/FeaturePacks/TP_SideScrollerBP.upack' (chunk index -1, root 'root:/') mounted
[2025.12.16-21.57.52:556][  0]LogShaderLibrary: Display: ShaderCodeLibraryPakFileMountedCallback: pending pak file info (ChunkID:-1 Root:root:/ File:C:/Program Files/Epic Games/UE_4.27/FeaturePacks/TP_SideScrollerBP.upack)
[2025.12.16-21.57.52:556][  0]LogPakFile: OnPakFileMounted2Time == 0.000042
[2025.12.16-21.57.52:557][  0]LogPakFile: PakFile PrimaryIndexSize=187
[2025.12.16-21.57.52:557][  0]LogPakFile: PakFile PathHashIndexSize=101
[2025.12.16-21.57.52:557][  0]LogPakFile: PakFile FullDirectoryIndexSize=148
[2025.12.16-21.57.52:557][  0]LogShaderLibrary: Display: ShaderCodeLibraryPakFileMountedCallback: PakFile 'C:/Program Files/Epic Games/UE_4.27/FeaturePacks/TP_ThirdPerson.upack' (chunk index -1, root 'root:/') mounted
[2025.12.16-21.57.52:557][  0]LogShaderLibrary: Display: ShaderCodeLibraryPakFileMountedCallback: pending pak file info (ChunkID:-1 Root:root:/ File:C:/Program Files/Epic Games/UE_4.27/FeaturePacks/TP_ThirdPerson.upack)
[2025.12.16-21.57.52:557][  0]LogPakFile: OnPakFileMounted2Time == 0.000039
[2025.12.16-21.57.52:558][  0]LogPakFile: PakFile PrimaryIndexSize=189
[2025.12.16-21.57.52:558][  0]LogPakFile: PakFile PathHashIndexSize=101
[2025.12.16-21.57.52:558][  0]LogPakFile: PakFile FullDirectoryIndexSize=152
[2025.12.16-21.57.52:558][  0]LogShaderLibrary: Display: ShaderCodeLibraryPakFileMountedCallback: PakFile 'C:/Program Files/Epic Games/UE_4.27/FeaturePacks/TP_ThirdPersonBP.upack' (chunk index -1, root 'root:/') mounted
[2025.12.16-21.57.52:558][  0]LogShaderLibrary: Display: ShaderCodeLibraryPakFileMountedCallback: pending pak file info (ChunkID:-1 Root:root:/ File:C:/Program Files/Epic Games/UE_4.27/FeaturePacks/TP_ThirdPersonBP.upack)
[2025.12.16-21.57.52:558][  0]LogPakFile: OnPakFileMounted2Time == 0.000039
[2025.12.16-21.57.52:558][  0]LogPakFile: PakFile PrimaryIndexSize=183
[2025.12.16-21.57.52:558][  0]LogPakFile: PakFile PathHashIndexSize=101
[2025.12.16-21.57.52:558][  0]LogPakFile: PakFile FullDirectoryIndexSize=140
[2025.12.16-21.57.52:558][  0]LogShaderLibrary: Display: ShaderCodeLibraryPakFileMountedCallback: PakFile 'C:/Program Files/Epic Games/UE_4.27/FeaturePacks/TP_TopDown.upack' (chunk index -1, root 'root:/') mounted
[2025.12.16-21.57.52:558][  0]LogShaderLibrary: Display: ShaderCodeLibraryPakFileMountedCallback: pending pak file info (ChunkID:-1 Root:root:/ File:C:/Program Files/Epic Games/UE_4.27/FeaturePacks/TP_TopDown.upack)
[2025.12.16-21.57.52:558][  0]LogPakFile: OnPakFileMounted2Time == 0.000054
[2025.12.16-21.57.52:559][  0]LogPakFile: PakFile PrimaryIndexSize=185
[2025.12.16-21.57.52:559][  0]LogPakFile: PakFile PathHashIndexSize=101
[2025.12.16-21.57.52:559][  0]LogPakFile: PakFile FullDirectoryIndexSize=144
[2025.12.16-21.57.52:559][  0]LogShaderLibrary: Display: ShaderCodeLibraryPakFileMountedCallback: PakFile 'C:/Program Files/Epic Games/UE_4.27/FeaturePacks/TP_TopDownBP.upack' (chunk index -1, root 'root:/') mounted
[2025.12.16-21.57.52:559][  0]LogShaderLibrary: Display: ShaderCodeLibraryPakFileMountedCallback: pending pak file info (ChunkID:-1 Root:root:/ File:C:/Program Files/Epic Games/UE_4.27/FeaturePacks/TP_TopDownBP.upack)
[2025.12.16-21.57.52:559][  0]LogPakFile: OnPakFileMounted2Time == 0.000039
[2025.12.16-21.57.52:559][  0]LogPakFile: PakFile PrimaryIndexSize=185
[2025.12.16-21.57.52:559][  0]LogPakFile: PakFile PathHashIndexSize=101
[2025.12.16-21.57.52:559][  0]LogPakFile: PakFile FullDirectoryIndexSize=144
[2025.12.16-21.57.52:559][  0]LogShaderLibrary: Display: ShaderCodeLibraryPakFileMountedCallback: PakFile 'C:/Program Files/Epic Games/UE_4.27/FeaturePacks/TP_TwinStick.upack' (chunk index -1, root 'root:/') mounted
[2025.12.16-21.57.52:559][  0]LogShaderLibrary: Display: ShaderCodeLibraryPakFileMountedCallback: pending pak file info (ChunkID:-1 Root:root:/ File:C:/Program Files/Epic Games/UE_4.27/FeaturePacks/TP_TwinStick.upack)
[2025.12.16-21.57.52:559][  0]LogPakFile: OnPakFileMounted2Time == 0.000041
[2025.12.16-21.57.52:560][  0]LogPakFile: PakFile PrimaryIndexSize=187
[2025.12.16-21.57.52:560][  0]LogPakFile: PakFile PathHashIndexSize=101
[2025.12.16-21.57.52:560][  0]LogPakFile: PakFile FullDirectoryIndexSize=148
[2025.12.16-21.57.52:560][  0]LogShaderLibrary: Display: ShaderCodeLibraryPakFileMountedCallback: PakFile 'C:/Program Files/Epic Games/UE_4.27/FeaturePacks/TP_TwinStickBP.upack' (chunk index -1, root 'root:/') mounted
[2025.12.16-21.57.52:560][  0]LogShaderLibrary: Display: ShaderCodeLibraryPakFileMountedCallback: pending pak file info (ChunkID:-1 Root:root:/ File:C:/Program Files/Epic Games/UE_4.27/FeaturePacks/TP_TwinStickBP.upack)
[2025.12.16-21.57.52:560][  0]LogPakFile: OnPakFileMounted2Time == 0.000041
[2025.12.16-21.57.52:560][  0]LogPakFile: PakFile PrimaryIndexSize=183
[2025.12.16-21.57.52:560][  0]LogPakFile: PakFile PathHashIndexSize=101
[2025.12.16-21.57.52:560][  0]LogPakFile: PakFile FullDirectoryIndexSize=140
[2025.12.16-21.57.52:560][  0]LogShaderLibrary: Display: ShaderCodeLibraryPakFileMountedCallback: PakFile 'C:/Program Files/Epic Games/UE_4.27/FeaturePacks/TP_Vehicle.upack' (chunk index -1, root 'root:/') mounted
[2025.12.16-21.57.52:560][  0]LogShaderLibrary: Display: ShaderCodeLibraryPakFileMountedCallback: pending pak file info (ChunkID:-1 Root:root:/ File:C:/Program Files/Epic Games/UE_4.27/FeaturePacks/TP_Vehicle.upack)
[2025.12.16-21.57.52:560][  0]LogPakFile: OnPakFileMounted2Time == 0.000038
[2025.12.16-21.57.52:561][  0]LogPakFile: PakFile PrimaryIndexSize=186
[2025.12.16-21.57.52:561][  0]LogPakFile: PakFile PathHashIndexSize=101
[2025.12.16-21.57.52:561][  0]LogPakFile: PakFile FullDirectoryIndexSize=146
[2025.12.16-21.57.52:561][  0]LogShaderLibrary: Display: ShaderCodeLibraryPakFileMountedCallback: PakFile 'C:/Program Files/Epic Games/UE_4.27/FeaturePacks/TP_VehicleAdv.upack' (chunk index -1, root 'root:/') mounted
[2025.12.16-21.57.52:561][  0]LogShaderLibrary: Display: ShaderCodeLibraryPakFileMountedCallback: pending pak file info (ChunkID:-1 Root:root:/ File:C:/Program Files/Epic Games/UE_4.27/FeaturePacks/TP_VehicleAdv.upack)
[2025.12.16-21.57.52:561][  0]LogPakFile: OnPakFileMounted2Time == 0.000042
[2025.12.16-21.57.52:561][  0]LogPakFile: PakFile PrimaryIndexSize=188
[2025.12.16-21.57.52:561][  0]LogPakFile: PakFile PathHashIndexSize=101
[2025.12.16-21.57.52:561][  0]LogPakFile: PakFile FullDirectoryIndexSize=150
[2025.12.16-21.57.52:561][  0]LogShaderLibrary: Display: ShaderCodeLibraryPakFileMountedCallback: PakFile 'C:/Program Files/Epic Games/UE_4.27/FeaturePacks/TP_VehicleAdvBP.upack' (chunk index -1, root 'root:/') mounted
[2025.12.16-21.57.52:562][  0]LogShaderLibrary: Display: ShaderCodeLibraryPakFileMountedCallback: pending pak file info (ChunkID:-1 Root:root:/ File:C:/Program Files/Epic Games/UE_4.27/FeaturePacks/TP_VehicleAdvBP.upack)
[2025.12.16-21.57.52:562][  0]LogPakFile: OnPakFileMounted2Time == 0.000045
[2025.12.16-21.57.52:562][  0]LogPakFile: PakFile PrimaryIndexSize=185
[2025.12.16-21.57.52:562][  0]LogPakFile: PakFile PathHashIndexSize=101
[2025.12.16-21.57.52:562][  0]LogPakFile: PakFile FullDirectoryIndexSize=144
[2025.12.16-21.57.52:562][  0]LogShaderLibrary: Display: ShaderCodeLibraryPakFileMountedCallback: PakFile 'C:/Program Files/Epic Games/UE_4.27/FeaturePacks/TP_VehicleBP.upack' (chunk index -1, root 'root:/') mounted
[2025.12.16-21.57.52:562][  0]LogShaderLibrary: Display: ShaderCodeLibraryPakFileMountedCallback: pending pak file info (ChunkID:-1 Root:root:/ File:C:/Program Files/Epic Games/UE_4.27/FeaturePacks/TP_VehicleBP.upack)
[2025.12.16-21.57.52:562][  0]LogPakFile: OnPakFileMounted2Time == 0.000040
[2025.12.16-21.57.52:563][  0]LogPakFile: PakFile PrimaryIndexSize=192
[2025.12.16-21.57.52:563][  0]LogPakFile: PakFile PathHashIndexSize=101
[2025.12.16-21.57.52:563][  0]LogPakFile: PakFile FullDirectoryIndexSize=158
[2025.12.16-21.57.52:563][  0]LogShaderLibrary: Display: ShaderCodeLibraryPakFileMountedCallback: PakFile 'C:/Program Files/Epic Games/UE_4.27/FeaturePacks/TP_VirtualRealityBP.upack' (chunk index -1, root 'root:/') mounted
[2025.12.16-21.57.52:563][  0]LogShaderLibrary: Display: ShaderCodeLibraryPakFileMountedCallback: pending pak file info (ChunkID:-1 Root:root:/ File:C:/Program Files/Epic Games/UE_4.27/FeaturePacks/TP_VirtualRealityBP.upack)
[2025.12.16-21.57.52:563][  0]LogPakFile: OnPakFileMounted2Time == 0.000043
[2025.12.16-21.57.52:614][  0]LogNativeClassHierarchy: Verbose: Native class hierarchy updated for 'AddContentDialog' in 0.0003 seconds. Added 0 classes and 0 folders.
[2025.12.16-21.57.52:615][  0]LogNativeClassHierarchy: Verbose: Native class hierarchy updated for 'SceneOutliner' in 0.0003 seconds. Added 2 classes and 0 folders.
[2025.12.16-21.57.52:686][  0]LogSlate: Took 0.000295 seconds to synchronously load lazily loaded font '../../../Engine/Content/Slate/Fonts/Roboto-Regular.ttf' (155K)
[2025.12.16-21.57.52:687][  0]LogSlate: Took 0.000294 seconds to synchronously load lazily loaded font '../../../Engine/Content/Editor/Slate/Fonts/FontAwesome.ttf' (139K)
[2025.12.16-21.57.52:689][  0]LogSlate: Took 0.000247 seconds to synchronously load lazily loaded font '../../../Engine/Content/Slate/Fonts/Roboto-Bold.ttf' (160K)
[2025.12.16-21.57.52:812][  0]LogRenderer: Reallocating scene render targets to support 724x340 Format 10 NumSamples 1 (Frame:1).
[2025.12.16-21.57.52:968][  0]LogNativeClassHierarchy: Verbose: Native class hierarchy updated for 'HierarchicalLODOutliner' in 0.0004 seconds. Added 0 classes and 0 folders.
[2025.12.16-21.57.52:969][  0]LogLoad: (Engine Initialization) Total time: 13.68 seconds
[2025.12.16-21.57.52:969][  0]LogLoad: (Engine Initialization) Total Blueprint compile time: 0.00 seconds
[2025.12.16-21.57.53:201][  0]LogContentStreaming: Texture pool size now 1000 MB
[2025.12.16-21.57.53:312][  0]LogSlate: Took 0.000565 seconds to synchronously load lazily loaded font '../../../Engine/Content/Slate/Fonts/DroidSansMono.ttf' (77K)
[2025.12.16-21.57.53:355][  1]LogAssetRegistry: Asset discovery search completed in 8.1102 seconds
[2025.12.16-21.57.53:373][  1]LogCollectionManager: Fixed up redirectors for 0 collections in 0.000015 seconds (updated 0 objects)
[2025.12.16-21.57.53:451][  2]LogSlate: Took 0.000410 seconds to synchronously load lazily loaded font '../../../Engine/Content/Slate/Fonts/Roboto-Light.ttf' (167K)
[2025.12.16-21.57.55:668][ 85]LogSlate: Window 'Message Log' being destroyed
[2025.12.16-21.57.55:701][ 85]LogSlate: Window 'Message Log' being destroyed
[2025.12.16-21.57.57:382][143]LogTemp: Repeating last play command: Selected Viewport
[2025.12.16-21.57.57:395][143]LogPlayLevel: PlayLevel: No blueprints needed recompiling
[2025.12.16-21.57.57:396][143]PIE: New page: PIE session: Mars (16 gru 2025, 23:57:57)
[2025.12.16-21.57.57:399][143]LogOnline: OSS: Creating online subsystem instance for: NULL
[2025.12.16-21.57.57:402][143]LogOnline: OSS: TryLoadSubsystemAndSetDefault: Loaded subsystem for module [NULL]
[2025.12.16-21.57.57:402][143]LogPlayLevel: Creating play world package: /Game/Levels/UEDPIE_0_Mars
[2025.12.16-21.57.57:459][143]LogPlayLevel: PIE: StaticDuplicateObject took: (0.056397s)
[2025.12.16-21.57.57:461][143]LogAIModule: Creating AISystem for world Mars
[2025.12.16-21.57.57:462][143]LogPlayLevel: PIE: World Init took: (0.002480s)
[2025.12.16-21.57.57:462][143]LogPlayLevel: PIE: Created PIE world by copying editor world from /Game/Levels/Mars.Mars to /Game/Levels/UEDPIE_0_Mars.Mars (0.059183s)
[2025.12.16-21.57.57:476][143]LogUObjectHash: Compacting FUObjectHashTables data took   1.24ms
[2025.12.16-21.57.57:481][143]LogAudio: Display: Creating Audio Device:                 Id: 2, Scope: Unique, Realtime: True
[2025.12.16-21.57.57:481][143]LogAudioMixer: Display: Audio Mixer Platform Settings:
[2025.12.16-21.57.57:481][143]LogAudioMixer: Display: 	Sample Rate:						  48000
[2025.12.16-21.57.57:481][143]LogAudioMixer: Display: 	Callback Buffer Frame Size Requested: 1024
[2025.12.16-21.57.57:481][143]LogAudioMixer: Display: 	Callback Buffer Frame Size To Use:	  1024
[2025.12.16-21.57.57:481][143]LogAudioMixer: Display: 	Number of buffers to queue:			  2
[2025.12.16-21.57.57:483][143]LogAudioMixer: Display: 	Max Channels (voices):				  32
[2025.12.16-21.57.57:483][143]LogAudioMixer: Display: 	Number of Async Source Workers:		  0
[2025.12.16-21.57.57:483][143]LogAudio: Display: AudioDevice MaxSources: 32
[2025.12.16-21.57.57:483][143]LogAudio: Display: Audio Spatialization Plugin: None (built-in).
[2025.12.16-21.57.57:483][143]LogAudio: Display: Audio Reverb Plugin: None (built-in).
[2025.12.16-21.57.57:483][143]LogAudio: Display: Audio Occlusion Plugin: None (built-in).
[2025.12.16-21.57.57:483][143]LogAudioMixer: Display: Initializing audio mixer.
[2025.12.16-21.57.57:492][143]LogAudioMixer: Display: 0: FrontLeft
[2025.12.16-21.57.57:492][143]LogAudioMixer: Display: 1: FrontRight
[2025.12.16-21.57.57:566][143]LogAudioMixer: Display: Using Audio Device Głośniki (Realtek(R) Audio)
[2025.12.16-21.57.57:567][143]LogAudioMixer: Display: Initializing Sound Submixes...
[2025.12.16-21.57.57:567][143]LogAudioMixer: Display: Creating Master Submix 'MasterSubmixDefault'
[2025.12.16-21.57.57:567][143]LogAudioMixer: Display: Creating Master Submix 'MasterReverbSubmixDefault'
[2025.12.16-21.57.57:568][143]LogAudioMixer: Display: Creating Master Submix 'MasterEQSubmixDefault'
[2025.12.16-21.57.57:568][143]LogAudioMixer: FMixerPlatformXAudio2::StartAudioStream() called
[2025.12.16-21.57.57:568][143]LogAudioMixer: Display: Output buffers initialized: Frames=1024, Channels=2, Samples=2048
[2025.12.16-21.57.57:570][143]LogAudioMixer: Display: Starting AudioMixerPlatformInterface::RunInternal()
[2025.12.16-21.57.57:570][143]LogAudioMixer: Display: FMixerPlatformXAudio2::SubmitBuffer() called for the first time
[2025.12.16-21.57.57:570][143]LogInit: FAudioDevice initialized.
[2025.12.16-21.57.57:570][143]LogAudio: Display: Audio Device (ID: 2) registered with world 'Mars'.
[2025.12.16-21.57.57:590][143]LogLoad: Game class is 'BP_MarsMarine_GameMode_C'
[2025.12.16-21.57.57:595][143]LogWorld: Bringing World /Game/Levels/UEDPIE_0_Mars.Mars up for play (max tick rate 60) at 2025.12.16-22.57.57
[2025.12.16-21.57.57:596][143]LogWorld: Bringing up level for play took: 0.004023
[2025.12.16-21.57.57:596][143]LogOnline: OSS: Creating online subsystem instance for: :Context_3
[2025.12.16-21.57.57:603][143]LogNativeClassHierarchy: Verbose: Native class hierarchy updated for 'MovieSceneCapture' in 0.0005 seconds. Added 20 classes and 0 folders.
[2025.12.16-21.57.57:609][143]PIE: Server logged in
[2025.12.16-21.57.57:610][143]PIE: Play in editor total start time 0,216 seconds.
[2025.12.16-21.57.58:107][164]LogScript: Warning: Accessed None trying to read property Weapon Fire Sound
	BP_Marine_C /Game/Levels/UEDPIE_0_Mars.Mars:PersistentLevel.BP_Marine_C_0
	Function /Game/Blueprints/Pawns/BP_Marine.BP_Marine_C:Stop Firing Weapon:0033
[2025.12.16-21.57.58:107][164]PIE: Error: Blueprint Runtime Error: "Accessed None trying to read property Weapon Fire Sound". Blueprint:  BP_Marine Function:  Stop Firing Weapon Graph:  Stop Firing Weapon Node:  Stop
[2025.12.16-21.57.59:667][234]LogScript: Warning: Accessed None trying to read property Weapon Fire Sound
	BP_Marine_C /Game/Levels/UEDPIE_0_Mars.Mars:PersistentLevel.BP_Marine_C_0
	Function /Game/Blueprints/Pawns/BP_Marine.BP_Marine_C:Stop Firing Weapon:0033
[2025.12.16-21.57.59:668][234]PIE: Error: Blueprint Runtime Error: "Accessed None trying to read property Weapon Fire Sound". Blueprint:  BP_Marine Function:  Stop Firing Weapon Graph:  Stop Firing Weapon Node:  Stop
[2025.12.16-21.58.05:154][483]LogSlate: Updating window title bar state: overlay mode, drag disabled, window buttons hidden, title bar hidden
[2025.12.16-21.58.05:154][483]LogWorld: BeginTearingDown for /Game/Levels/UEDPIE_0_Mars
[2025.12.16-21.58.05:155][483]LogWorld: UWorld::CleanupWorld for Mars, bSessionEnded=true, bCleanupResources=true
[2025.12.16-21.58.05:158][483]LogSlate: InvalidateAllWidgets triggered.  All widgets were invalidated
[2025.12.16-21.58.05:185][483]LogPlayLevel: Display: Shutting down PIE online subsystems
[2025.12.16-21.58.05:191][483]LogSlate: InvalidateAllWidgets triggered.  All widgets were invalidated
[2025.12.16-21.58.05:223][483]LogAudio: Display: Audio Device unregistered from world 'None'.
[2025.12.16-21.58.05:224][483]LogAudioMixer: FMixerPlatformXAudio2::StopAudioStream() called
[2025.12.16-21.58.05:229][483]LogAudioMixer: FMixerPlatformXAudio2::StopAudioStream() called
[2025.12.16-21.58.05:247][483]LogSlate: Updating window title bar state: overlay mode, drag disabled, window buttons hidden, title bar hidden
[2025.12.16-21.58.05:255][483]LogUObjectHash: Compacting FUObjectHashTables data took   2.19ms
[2025.12.16-21.58.05:521][484]LogPlayLevel: Display: Destroying online subsystem :Context_3
[2025.12.16-21.58.07:216][538]LogSlate: Window 'Message Log' being destroyed
[2025.12.16-21.58.07:337][538]LogSlate: Window 'Message Log' being destroyed
[2025.12.16-21.58.09:085][604]LogUObjectHash: Compacting FUObjectHashTables data took   1.48ms
[2025.12.16-21.58.09:254][604]LogSlate: Window 'MarsMarine - Unreal Editor' being destroyed
[2025.12.16-21.58.09:572][605]Cmd: QUIT_EDITOR
[2025.12.16-21.58.09:573][605]LogCore: Engine exit requested (reason: UUnrealEdEngine::CloseEditor())
[2025.12.16-21.58.09:581][605]LogCore: Engine exit requested (reason: EngineExit() was called; note: exit was already requested)
[2025.12.16-21.58.10:057][605]LogAudio: Display: Beginning Audio Device Manager Shutdown (Module: AudioMixerXAudio2)...
[2025.12.16-21.58.10:057][605]LogAudio: Display: Destroying 1 Remaining Audio Device(s)...
[2025.12.16-21.58.10:057][605]LogAudio: Display: Audio Device unregistered from world 'Mars'.
[2025.12.16-21.58.10:057][605]LogAudioMixer: FMixerPlatformXAudio2::StopAudioStream() called
[2025.12.16-21.58.10:059][605]LogAudioMixer: FMixerPlatformXAudio2::StopAudioStream() called
[2025.12.16-21.58.10:205][605]LogAudio: Display: Audio Device Manager Shutdown
[2025.12.16-21.58.10:206][605]LogWindowsTextInputMethodSystem: Display: IME system deactivated.
[2025.12.16-21.58.10:226][605]LogExit: Preparing to exit.
[2025.12.16-21.58.10:983][605]LogUObjectHash: Compacting FUObjectHashTables data took   1.17ms
[2025.12.16-21.58.11:085][605]LogWorld: UWorld::CleanupWorld for World_0, bSessionEnded=true, bCleanupResources=true
[2025.12.16-21.58.11:086][605]LogWorld: UWorld::CleanupWorld for World_1, bSessionEnded=true, bCleanupResources=true
[2025.12.16-21.58.11:108][605]LogDemo: Cleaned up 0 splitscreen connections with owner deletion
[2025.12.16-21.58.11:114][605]LogWorld: UWorld::CleanupWorld for None, bSessionEnded=true, bCleanupResources=true
[2025.12.16-21.58.11:114][605]LogExit: Editor shut down
[2025.12.16-21.58.11:115][605]LogExit: Transaction tracking system shut down
[2025.12.16-21.58.11:365][605]LogExit: Object subsystem successfully closed.
[2025.12.16-21.58.11:392][605]LogShaderCompilers: Display: === FShaderJobCache stats ===
[2025.12.16-21.58.11:392][605]LogShaderCompilers: Display: Total job queries 0, among them cache hits 0 (0.00%)
[2025.12.16-21.58.11:392][605]LogShaderCompilers: Display: Tracking 0 distinct input hashes that result in 0 distinct outputs (0.00%)
[2025.12.16-21.58.11:393][605]LogShaderCompilers: Display: RAM used: 0.00 MB (0.00 GB) of 819.20 MB (0.80 GB) budget. Usage: 0.00%
[2025.12.16-21.58.11:393][605]LogShaderCompilers: Display: ================================================
[2025.12.16-21.58.11:402][605]LogShaderCompilers: Display: Shaders left to compile 0
[2025.12.16-21.58.11:427][605]LogModuleManager: Shutting down and abandoning module MovieSceneCapture (876)
[2025.12.16-21.58.11:427][605]LogModuleManager: Shutting down and abandoning module Voice (874)
[2025.12.16-21.58.11:427][605]LogModuleManager: Shutting down and abandoning module HierarchicalLODOutliner (872)
[2025.12.16-21.58.11:428][605]LogModuleManager: Shutting down and abandoning module SceneOutliner (870)
[2025.12.16-21.58.11:428][605]LogModuleManager: Shutting down and abandoning module AddContentDialog (868)
[2025.12.16-21.58.11:428][605]LogModuleManager: Shutting down and abandoning module WidgetCarousel (867)
[2025.12.16-21.58.11:428][605]LogModuleManager: Shutting down and abandoning module EditorWidgets (864)
[2025.12.16-21.58.11:428][605]LogModuleManager: Shutting down and abandoning module ExternalImagePicker (862)
[2025.12.16-21.58.11:428][605]LogModuleManager: Shutting down and abandoning module StatsViewer (860)
[2025.12.16-21.58.11:428][605]LogModuleManager: Shutting down and abandoning module PIEPreviewDeviceProfileSelector (858)
[2025.12.16-21.58.11:428][605]LogModuleManager: Shutting down and abandoning module SequenceRecorderSections (856)
[2025.12.16-21.58.11:428][605]LogModuleManager: Shutting down and abandoning module AutomationWorker (854)
[2025.12.16-21.58.11:428][605]LogModuleManager: Shutting down and abandoning module SteamVREditor (852)
[2025.12.16-21.58.11:428][605]LogModuleManager: Shutting down and abandoning module OculusMR (850)
[2025.12.16-21.58.11:428][605]LogModuleManager: Shutting down and abandoning module OpenXRInput (848)
[2025.12.16-21.58.11:428][605]LogModuleManager: Shutting down and abandoning module GooglePADEditor (846)
[2025.12.16-21.58.11:428][605]LogModuleManager: Shutting down and abandoning module AudioCaptureEditor (844)
[2025.12.16-21.58.11:428][605]LogModuleManager: Shutting down and abandoning module TakeRecorderSources (842)
[2025.12.16-21.58.11:428][605]LogModuleManager: Shutting down and abandoning module TakeRecorder (841)
[2025.12.16-21.58.11:428][605]LogModuleManager: Shutting down and abandoning module TakeTrackRecorders (838)
[2025.12.16-21.58.11:428][605]LogModuleManager: Shutting down and abandoning module TakesCore (836)
[2025.12.16-21.58.11:428][605]LogModuleManager: Shutting down and abandoning module TemplateSequenceEditor (834)
[2025.12.16-21.58.11:428][605]LogModuleManager: Shutting down and abandoning module LevelSequenceEditor (832)
[2025.12.16-21.58.11:428][605]LogModuleManager: Shutting down and abandoning module ActorSequenceEditor (830)
[2025.12.16-21.58.11:428][605]LogModuleManager: Shutting down and abandoning module MatineeToLevelSequence (828)
[2025.12.16-21.58.11:428][605]LogModuleManager: Shutting down and abandoning module MagicLeapMediaCodecFactory (826)
[2025.12.16-21.58.11:428][605]LogModuleManager: Shutting down and abandoning module MagicLeapMediaFactory (824)
[2025.12.16-21.58.11:428][605]LogModuleManager: Shutting down and abandoning module MagicLeapMediaEditor (822)
[2025.12.16-21.58.11:428][605]LogModuleManager: Shutting down and abandoning module PlanarCut (820)
[2025.12.16-21.58.11:428][605]LogModuleManager: Shutting down and abandoning module WmfMediaFactory (818)
[2025.12.16-21.58.11:429][605]LogModuleManager: Shutting down and abandoning module WmfMediaEditor (816)
[2025.12.16-21.58.11:429][605]LogModuleManager: Shutting down and abandoning module WebMMediaFactory (814)
[2025.12.16-21.58.11:429][605]LogModuleManager: Shutting down and abandoning module WebMMediaEditor (812)
[2025.12.16-21.58.11:429][605]LogModuleManager: Shutting down and abandoning module WebMMedia (810)
[2025.12.16-21.58.11:429][605]LogModuleManager: Shutting down and abandoning module MediaPlayerEditor (808)
[2025.12.16-21.58.11:429][605]LogModuleManager: Shutting down and abandoning module MediaCompositingEditor (806)
[2025.12.16-21.58.11:429][605]LogModuleManager: Shutting down and abandoning module SequenceRecorder (805)
[2025.12.16-21.58.11:429][605]LogModuleManager: Shutting down and abandoning module OpenExrWrapper (802)
[2025.12.16-21.58.11:429][605]LogModuleManager: Shutting down and abandoning module ImgMediaFactory (800)
[2025.12.16-21.58.11:429][605]LogModuleManager: Shutting down and abandoning module ImgMediaEditor (798)
[2025.12.16-21.58.11:429][605]LogModuleManager: Shutting down and abandoning module AvfMediaFactory (796)
[2025.12.16-21.58.11:429][605]LogModuleManager: Shutting down and abandoning module AvfMediaEditor (794)
[2025.12.16-21.58.11:429][605]LogModuleManager: Shutting down and abandoning module AndroidMediaFactory (792)
[2025.12.16-21.58.11:429][605]LogModuleManager: Shutting down and abandoning module AndroidMediaEditor (790)
[2025.12.16-21.58.11:429][605]LogModuleManager: Shutting down and abandoning module CharacterAI (788)
[2025.12.16-21.58.11:429][605]LogModuleManager: Shutting down and abandoning module TextureAlignMode (786)
[2025.12.16-21.58.11:429][605]LogModuleManager: Shutting down and abandoning module BspMode (784)
[2025.12.16-21.58.11:429][605]LogModuleManager: Shutting down and abandoning module GeometryMode (782)
[2025.12.16-21.58.11:429][605]LogModuleManager: Shutting down and abandoning module CameraShakePreviewer (780)
[2025.12.16-21.58.11:429][605]LogModuleManager: Shutting down and abandoning module SmartSnapping (778)
[2025.12.16-21.58.11:429][605]LogModuleManager: Shutting down and abandoning module SessionServices (776)
[2025.12.16-21.58.11:429][605]LogModuleManager: Shutting down and abandoning module MeshPaint (774)
[2025.12.16-21.58.11:429][605]LogModuleManager: Shutting down and abandoning module VirtualTexturingEditor (772)
[2025.12.16-21.58.11:429][605]LogModuleManager: Shutting down and abandoning module FoliageEdit (770)
[2025.12.16-21.58.11:429][605]LogModuleManager: Shutting down and abandoning module LandscapeEditor (768)
[2025.12.16-21.58.11:429][605]LogModuleManager: Shutting down and abandoning module MeshPaintMode (766)
[2025.12.16-21.58.11:429][605]LogModuleManager: Shutting down and abandoning module SceneDepthPickerMode (764)
[2025.12.16-21.58.11:429][605]LogModuleManager: Shutting down and abandoning module ActorPickerMode (762)
[2025.12.16-21.58.11:429][605]LogModuleManager: Shutting down and abandoning module PlacementMode (760)
[2025.12.16-21.58.11:429][605]LogModuleManager: Shutting down and abandoning module ViewportSnapping (758)
[2025.12.16-21.58.11:429][605]LogModuleManager: Shutting down and abandoning module ViewportInteraction (756)
[2025.12.16-21.58.11:429][605]LogModuleManager: Shutting down and abandoning module ClothPainter (754)
[2025.12.16-21.58.11:429][605]LogModuleManager: Shutting down and abandoning module SkeletalMeshEditor (753)
[2025.12.16-21.58.11:429][605]LogModuleManager: Shutting down and abandoning module LogVisualizer (750)
[2025.12.16-21.58.11:429][605]LogModuleManager: Shutting down and abandoning module IntroTutorials (748)
[2025.12.16-21.58.11:429][605]LogModuleManager: Shutting down and abandoning module GameProjectGeneration (747)
[2025.12.16-21.58.11:429][605]LogModuleManager: Shutting down and abandoning module LuminPlatformEditor (744)
[2025.12.16-21.58.11:429][605]LogModuleManager: Shutting down and abandoning module IOSPlatformEditor (742)
[2025.12.16-21.58.11:429][605]LogModuleManager: Shutting down and abandoning module AndroidPlatformEditor (740)
[2025.12.16-21.58.11:429][605]LogModuleManager: Shutting down and abandoning module AndroidDeviceDetection (739)
[2025.12.16-21.58.11:458][605]LogModuleManager: Shutting down and abandoning module WindowsPlatformEditor (736)
[2025.12.16-21.58.11:458][605]LogModuleManager: Shutting down and abandoning module LuminRuntimeSettings (734)
[2025.12.16-21.58.11:458][605]LogModuleManager: Shutting down and abandoning module IOSRuntimeSettings (732)
[2025.12.16-21.58.11:458][605]LogModuleManager: Shutting down and abandoning module AndroidRuntimeSettings (730)
[2025.12.16-21.58.11:458][605]LogModuleManager: Shutting down and abandoning module TraceInsights (728)
[2025.12.16-21.58.11:458][605]MemoryProfiler: Shutdown
[2025.12.16-21.58.11:458][605]NetworkingProfiler: Shutdown
[2025.12.16-21.58.11:458][605]LoadingProfiler: Shutdown
[2025.12.16-21.58.11:458][605]TimingProfiler: Shutdown
[2025.12.16-21.58.11:458][605]LogModuleManager: Shutting down and abandoning module TraceServices (727)
[2025.12.16-21.58.11:458][605]LogModuleManager: Shutting down and abandoning module EditorInteractiveToolsFramework (724)
[2025.12.16-21.58.11:458][605]LogModuleManager: Shutting down and abandoning module TimeManagementEditor (722)
[2025.12.16-21.58.11:458][605]LogModuleManager: Shutting down and abandoning module InputBindingEditor (720)
[2025.12.16-21.58.11:458][605]LogModuleManager: Shutting down and abandoning module MergeActors (718)
[2025.12.16-21.58.11:458][605]LogModuleManager: Shutting down and abandoning module LocalizationDashboard (716)
[2025.12.16-21.58.11:458][605]LogModuleManager: Shutting down and abandoning module LocalizationService (715)
[2025.12.16-21.58.11:458][605]LogModuleManager: Shutting down and abandoning module HardwareTargeting (712)
[2025.12.16-21.58.11:459][605]LogModuleManager: Shutting down and abandoning module DeviceProfileEditor (710)
[2025.12.16-21.58.11:459][605]LogModuleManager: Shutting down and abandoning module UndoHistory (708)
[2025.12.16-21.58.11:459][605]LogModuleManager: Shutting down and abandoning module XmlParser (706)
[2025.12.16-21.58.11:459][605]LogModuleManager: Shutting down and abandoning module Blutility (704)
[2025.12.16-21.58.11:459][605]LogModuleManager: Shutting down and abandoning module ProjectSettingsViewer (702)
[2025.12.16-21.58.11:459][605]LogModuleManager: Shutting down and abandoning module ProjectTargetPlatformEditor (701)
[2025.12.16-21.58.11:459][605]LogModuleManager: Shutting down and abandoning module EditorSettingsViewer (698)
[2025.12.16-21.58.11:459][605]LogModuleManager: Shutting down and abandoning module InternationalizationSettings (697)
[2025.12.16-21.58.11:459][605]LogModuleManager: Shutting down and abandoning module SettingsEditor (694)
[2025.12.16-21.58.11:459][605]LogModuleManager: Shutting down and abandoning module ProjectLauncher (692)
[2025.12.16-21.58.11:459][605]LogModuleManager: Shutting down and abandoning module SessionFrontend (690)
[2025.12.16-21.58.11:459][605]LogModuleManager: Shutting down and abandoning module ProfilerClient (688)
[2025.12.16-21.58.11:459][605]LogModuleManager: Shutting down and abandoning module DeviceManager (686)
[2025.12.16-21.58.11:459][605]LogModuleManager: Shutting down and abandoning module TargetDeviceServices (685)
[2025.12.16-21.58.11:491][605]LogModuleManager: Shutting down and abandoning module AutomationController (682)
[2025.12.16-21.58.11:491][605]LogModuleManager: Shutting down and abandoning module AutomationWindow (680)
[2025.12.16-21.58.11:491][605]LogModuleManager: Shutting down and abandoning module Layers (678)
[2025.12.16-21.58.11:491][605]LogModuleManager: Shutting down and abandoning module ComponentVisualizers (676)
[2025.12.16-21.58.11:491][605]LogModuleManager: Shutting down and abandoning module DetailCustomizations (674)
[2025.12.16-21.58.11:491][605]LogModuleManager: Shutting down and abandoning module PackagesDialog (672)
[2025.12.16-21.58.11:491][605]LogModuleManager: Shutting down and abandoning module AnimationBlueprintEditor (670)
[2025.12.16-21.58.11:491][605]LogModuleManager: Shutting down and abandoning module Persona (668)
[2025.12.16-21.58.11:491][605]LogModuleManager: Shutting down and abandoning module AdvancedPreviewScene (667)
[2025.12.16-21.58.11:491][605]LogModuleManager: Shutting down and abandoning module AnimGraph (665)
[2025.12.16-21.58.11:491][605]LogModuleManager: Shutting down and abandoning module Kismet (662)
[2025.12.16-21.58.11:491][605]LogModuleManager: Shutting down and abandoning module KismetWidgets (661)
[2025.12.16-21.58.11:492][605]LogModuleManager: Shutting down and abandoning module GraphEditor (658)
[2025.12.16-21.58.11:492][605]LogModuleManager: Shutting down and abandoning module StructViewer (656)
[2025.12.16-21.58.11:492][605]LogModuleManager: Shutting down and abandoning module ClassViewer (654)
[2025.12.16-21.58.11:492][605]LogModuleManager: Shutting down and abandoning module Toolbox (652)
[2025.12.16-21.58.11:492][605]LogModuleManager: Shutting down and abandoning module ModuleUI (650)
[2025.12.16-21.58.11:492][605]LogModuleManager: Shutting down and abandoning module OutputLog (648)
[2025.12.16-21.58.11:492][605]LogModuleManager: Shutting down and abandoning module GammaUI (646)
[2025.12.16-21.58.11:492][605]LogModuleManager: Shutting down and abandoning module Documentation (644)
[2025.12.16-21.58.11:492][605]LogModuleManager: Shutting down and abandoning module LiveCoding (642)
[2025.12.16-21.58.11:492][605]LogModuleManager: Shutting down and abandoning module LevelSequence (640)
[2025.12.16-21.58.11:492][605]LogModuleManager: Shutting down and abandoning module MovieSceneTracks (638)
[2025.12.16-21.58.11:492][605]LogModuleManager: Shutting down and abandoning module MovieScene (636)
[2025.12.16-21.58.11:492][605]LogModuleManager: Shutting down and abandoning module StreamingPauseRendering (634)
[2025.12.16-21.58.11:492][605]LogModuleManager: Shutting down and abandoning module LauncherPlatform (632)
[2025.12.16-21.58.11:492][605]LogModuleManager: Shutting down and abandoning module AnalyticsET (630)
[2025.12.16-21.58.11:492][605]LogModuleManager: Shutting down and abandoning module PortalServices (628)
[2025.12.16-21.58.11:492][605]LogModuleManager: Shutting down and abandoning module PortalRpc (626)
[2025.12.16-21.58.11:492][605]LogModuleManager: Shutting down and abandoning module MessagingRpc (624)
[2025.12.16-21.58.11:492][605]LogModuleManager: Shutting down and abandoning module AudioMixerXAudio2 (622)
[2025.12.16-21.58.11:492][605]LogModuleManager: Shutting down and abandoning module AudioMixerCore (621)
[2025.12.16-21.58.11:492][605]LogModuleManager: Shutting down and abandoning module AIModule (618)
[2025.12.16-21.58.11:492][605]LogModuleManager: Shutting down and abandoning module GameplayDebugger (617)
[2025.12.16-21.58.11:492][605]LogModuleManager: Shutting down and abandoning module AITestSuite (615)
[2025.12.16-21.58.11:493][605]LogModuleManager: Shutting down and abandoning module NavigationSystem (613)
[2025.12.16-21.58.11:493][605]LogModuleManager: Shutting down and abandoning module ImageWriteQueue (610)
[2025.12.16-21.58.11:506][605]LogModuleManager: Shutting down and abandoning module ProfilerService (608)
[2025.12.16-21.58.11:667][605]LogModuleManager: Shutting down and abandoning module TaskGraph (606)
[2025.12.16-21.58.11:667][605]LogModuleManager: Shutting down and abandoning module AudioSynesthesiaEditor (604)
[2025.12.16-21.58.11:667][605]LogModuleManager: Shutting down and abandoning module OculusEditor (602)
[2025.12.16-21.58.11:669][605]LogModuleManager: Shutting down and abandoning module OculusInput (600)
[2025.12.16-21.58.11:669][605]LogModuleManager: Shutting down and abandoning module ContentBrowserFileDataSource (598)
[2025.12.16-21.58.11:669][605]LogModuleManager: Shutting down and abandoning module ContentBrowserClassDataSource (596)
[2025.12.16-21.58.11:669][605]LogModuleManager: Shutting down and abandoning module ContentBrowserAssetDataSource (594)
[2025.12.16-21.58.11:669][605]LogModuleManager: Shutting down and abandoning module CollectionManager (593)
[2025.12.16-21.58.11:669][605]LogModuleManager: Shutting down and abandoning module SynthesisEditor (590)
[2025.12.16-21.58.11:669][605]LogModuleManager: Shutting down and abandoning module Synthesis (588)
[2025.12.16-21.58.11:669][605]LogModuleManager: Shutting down and abandoning module ProceduralMeshComponentEditor (586)
[2025.12.16-21.58.11:669][605]LogModuleManager: Shutting down and abandoning module ProceduralMeshComponent (584)
[2025.12.16-21.58.11:669][605]LogModuleManager: Shutting down and abandoning module OpenXREditor (582)
[2025.12.16-21.58.11:669][605]LogModuleManager: Shutting down and abandoning module MobilePatchingUtils (580)
[2025.12.16-21.58.11:669][605]LogModuleManager: Shutting down and abandoning module GooglePAD (578)
[2025.12.16-21.58.11:669][605]LogModuleManager: Shutting down and abandoning module CustomMeshComponent (576)
[2025.12.16-21.58.11:669][605]LogModuleManager: Shutting down and abandoning module EditableMesh (574)
[2025.12.16-21.58.11:669][605]LogModuleManager: Shutting down and abandoning module CableComponent (572)
[2025.12.16-21.58.11:669][605]LogModuleManager: Shutting down and abandoning module AudioCapture (570)
[2025.12.16-21.58.11:669][605]LogModuleManager: Shutting down and abandoning module AudioCaptureRtAudio (569)
[2025.12.16-21.58.11:669][605]LogModuleManager: Shutting down and abandoning module AssetTags (566)
[2025.12.16-21.58.11:669][605]LogModuleManager: Shutting down and abandoning module ArchVisCharacter (564)
[2025.12.16-21.58.11:669][605]LogModuleManager: Shutting down and abandoning module AppleImageUtilsBlueprintSupport (562)
[2025.12.16-21.58.11:669][605]LogModuleManager: Shutting down and abandoning module AppleImageUtils (560)
[2025.12.16-21.58.11:669][605]LogModuleManager: Shutting down and abandoning module AndroidPermission (558)
[2025.12.16-21.58.11:669][605]LogModuleManager: Shutting down and abandoning module ActorLayerUtilitiesEditor (556)
[2025.12.16-21.58.11:669][605]LogModuleManager: Shutting down and abandoning module ActorLayerUtilities (554)
[2025.12.16-21.58.11:669][605]LogModuleManager: Shutting down and abandoning module TakeSequencer (552)
[2025.12.16-21.58.11:669][605]LogModuleManager: Shutting down and abandoning module TakeMovieScene (550)
[2025.12.16-21.58.11:669][605]LogModuleManager: Shutting down and abandoning module ScreenshotTools (548)
[2025.12.16-21.58.11:669][605]LogModuleManager: Shutting down and abandoning module TemplateSequence (546)
[2025.12.16-21.58.11:669][605]LogModuleManager: Shutting down and abandoning module MagicLeapSharedWorld (544)
[2025.12.16-21.58.11:669][605]LogModuleManager: Shutting down and abandoning module MagicLeapLightEstimation (542)
[2025.12.16-21.58.11:669][605]LogModuleManager: Shutting down and abandoning module MagicLeapHelperVulkan (540)
[2025.12.16-21.58.11:669][605]LogModuleManager: Shutting down and abandoning module MagicLeapHelperOpenGL (538)
[2025.12.16-21.58.11:669][605]LogModuleManager: Shutting down and abandoning module MagicLeapAudio (536)
[2025.12.16-21.58.11:669][605]LogModuleManager: Shutting down and abandoning module OpenImageDenoise (534)
[2025.12.16-21.58.11:669][605]LogOpenImageDenoise: OIDN shutting down
[2025.12.16-21.58.11:669][605]LogModuleManager: Shutting down and abandoning module MotoSynthEditor (532)
[2025.12.16-21.58.11:669][605]LogModuleManager: Shutting down and abandoning module MotoSynth (530)
[2025.12.16-21.58.11:669][605]LogModuleManager: Shutting down and abandoning module GeometryCollectionTracks (528)
[2025.12.16-21.58.11:669][605]LogModuleManager: Shutting down and abandoning module GeometryCollectionSequencer (527)
[2025.12.16-21.58.11:669][605]LogModuleManager: Shutting down and abandoning module GeometryCollectionEditor (524)
[2025.12.16-21.58.11:669][605]LogModuleManager: Shutting down and abandoning module MeshConversion (522)
[2025.12.16-21.58.11:669][605]LogModuleManager: Shutting down and abandoning module DynamicMesh (520)
[2025.12.16-21.58.11:669][605]LogModuleManager: Shutting down and abandoning module GeometryAlgorithms (518)
[2025.12.16-21.58.11:669][605]LogModuleManager: Shutting down and abandoning module GeometricObjects (516)
[2025.12.16-21.58.11:669][605]LogModuleManager: Shutting down and abandoning module GeometryCacheTracks (514)
[2025.12.16-21.58.11:669][605]LogModuleManager: Shutting down and abandoning module GeometryCacheStreamer (512)
[2025.12.16-21.58.11:669][605]LogModuleManager: Shutting down and abandoning module GeometryCacheSequencer (510)
[2025.12.16-21.58.11:669][605]LogModuleManager: Shutting down and abandoning module MediaCompositing (508)
[2025.12.16-21.58.11:669][605]LogModuleManager: Shutting down and abandoning module ImgMedia (506)
[2025.12.16-21.58.11:669][605]LogModuleManager: Shutting down and abandoning module ChaosNiagara (504)
[2025.12.16-21.58.11:669][605]LogModuleManager: Shutting down and abandoning module ChaosClothEditor (502)
[2025.12.16-21.58.11:669][605]LogModuleManager: Shutting down and abandoning module ChaosSolverEditor (500)
[2025.12.16-21.58.11:669][605]LogModuleManager: Shutting down and abandoning module FractureEditor (498)
[2025.12.16-21.58.11:670][605]LogModuleManager: Shutting down and abandoning module FieldSystemEngine (497)
[2025.12.16-21.58.11:670][605]LogModuleManager: Shutting down and abandoning module BackChannel (494)
[2025.12.16-21.58.11:670][605]LogModuleManager: Shutting down and abandoning module AutomationUtilsEditor (492)
[2025.12.16-21.58.11:670][605]LogModuleManager: Shutting down and abandoning module AutomationUtils (490)
[2025.12.16-21.58.11:670][605]LogModuleManager: Shutting down and abandoning module NiagaraEditorWidgets (488)
[2025.12.16-21.58.11:670][605]LogModuleManager: Shutting down and abandoning module AlembicImporter (486)
[2025.12.16-21.58.11:670][605]LogModuleManager: Shutting down and abandoning module AlembicLibrary (485)
[2025.12.16-21.58.11:670][605]LogModuleManager: Shutting down and abandoning module GeometryCache (484)
[2025.12.16-21.58.11:670][605]LogModuleManager: Shutting down and abandoning module GeometryCacheEd (483)
[2025.12.16-21.58.11:670][605]LogModuleManager: Shutting down and abandoning module MobileLauncherProfileWizard (478)
[2025.12.16-21.58.11:670][605]LogModuleManager: Shutting down and abandoning module MaterialAnalyzer (476)
[2025.12.16-21.58.11:670][605]LogModuleManager: Shutting down and abandoning module SpeedTreeImporter (474)
[2025.12.16-21.58.11:670][605]LogModuleManager: Shutting down and abandoning module PluginBrowser (472)
[2025.12.16-21.58.11:670][605]LogModuleManager: Shutting down and abandoning module CryptoKeysOpenSSL (470)
[2025.12.16-21.58.11:670][605]LogModuleManager: Shutting down and abandoning module CryptoKeys (468)
[2025.12.16-21.58.11:670][605]LogModuleManager: Shutting down and abandoning module CurveEditorTools (466)
[2025.12.16-21.58.11:670][605]LogModuleManager: Shutting down and abandoning module VariantManagerContentEditor (464)
[2025.12.16-21.58.11:670][605]LogModuleManager: Shutting down and abandoning module DatasmithContentEditor (462)
[2025.12.16-21.58.11:670][605]LogModuleManager: Shutting down and abandoning module VisualStudioSourceCodeAccess (460)
[2025.12.16-21.58.11:670][605]LogModuleManager: Shutting down and abandoning module VisualStudioCodeSourceCodeAccess (458)
[2025.12.16-21.58.11:670][605]LogModuleManager: Shutting down and abandoning module SubversionSourceControl (456)
[2025.12.16-21.58.11:670][605]LogModuleManager: Shutting down and abandoning module UObjectPlugin (454)
[2025.12.16-21.58.11:670][605]LogModuleManager: Shutting down and abandoning module RiderSourceCodeAccess (452)
[2025.12.16-21.58.11:670][605]LogModuleManager: Shutting down and abandoning module PlasticSourceControl (450)
[2025.12.16-21.58.11:670][605]LogModuleManager: Shutting down and abandoning module PluginUtils (448)
[2025.12.16-21.58.11:670][605]LogModuleManager: Shutting down and abandoning module GitSourceControl (446)
[2025.12.16-21.58.11:670][605]LogModuleManager: Shutting down and abandoning module PerforceSourceControl (444)
[2025.12.16-21.58.11:670][605]LogModuleManager: Shutting down and abandoning module SourceControl (443)
[2025.12.16-21.58.11:670][605]LogModuleManager: Shutting down and abandoning module AnimationSharingEd (440)
[2025.12.16-21.58.11:670][605]LogModuleManager: Shutting down and abandoning module CLionSourceCodeAccess (438)
[2025.12.16-21.58.11:670][605]LogModuleManager: Shutting down and abandoning module OodleNetworkHandlerComponent (436)
[2025.12.16-21.58.11:670][605]LogModuleManager: Shutting down and abandoning module LightPropagationVolumeEditor (434)
[2025.12.16-21.58.11:670][605]LogModuleManager: Shutting down and abandoning module LiveLinkSequencer (432)
[2025.12.16-21.58.11:670][605]LogModuleManager: Shutting down and abandoning module LiveLinkMovieScene (430)
[2025.12.16-21.58.11:670][605]LogModuleManager: Shutting down and abandoning module LiveLinkGraphNode (428)
[2025.12.16-21.58.11:671][605]LogModuleManager: Shutting down and abandoning module LiveLinkEditor (426)
[2025.12.16-21.58.11:671][605]LogModuleManager: Shutting down and abandoning module LiveLinkComponents (424)
[2025.12.16-21.58.11:671][605]LogModuleManager: Shutting down and abandoning module LiveLink (422)
[2025.12.16-21.58.12:064][605]LogModuleManager: Shutting down and abandoning module PaperTiledImporter (420)
[2025.12.16-21.58.12:064][605]LogModuleManager: Shutting down and abandoning module PaperSpriteSheetImporter (418)
[2025.12.16-21.58.12:064][605]LogModuleManager: Shutting down and abandoning module Paper2DEditor (416)
[2025.12.16-21.58.12:064][605]LogModuleManager: Shutting down and abandoning module MeshPaintingToolset (414)
[2025.12.16-21.58.12:064][605]LogModuleManager: Shutting down and abandoning module MeshPaintEditorMode (412)
[2025.12.16-21.58.12:064][605]LogModuleManager: Shutting down and abandoning module SoundFields (410)
[2025.12.16-21.58.12:064][605]LogModuleManager: Shutting down and abandoning module RuntimePhysXCooking (408)
[2025.12.16-21.58.12:064][605]LogModuleManager: Shutting down and abandoning module SignificanceManager (406)
[2025.12.16-21.58.12:064][605]LogModuleManager: Shutting down and abandoning module PropertyAccessEditor (404)
[2025.12.16-21.58.12:064][605]LogModuleManager: Shutting down and abandoning module PhysXVehiclesEditor (402)
[2025.12.16-21.58.12:064][605]LogModuleManager: Shutting down and abandoning module LocationServicesBPLibrary (398)
[2025.12.16-21.58.12:064][605]LogModuleManager: Shutting down and abandoning module AudioSynesthesia (396)
[2025.12.16-21.58.12:064][605]LogModuleManager: Shutting down and abandoning module AudioSynesthesiaCore (394)
[2025.12.16-21.58.12:064][605]LogModuleManager: Shutting down and abandoning module UdpMessaging (392)
[2025.12.16-21.58.12:165][605]LogModuleManager: Shutting down and abandoning module TcpMessaging (390)
[2025.12.16-21.58.12:265][605]LogModuleManager: Shutting down and abandoning module ActorSequence (388)
[2025.12.16-21.58.12:265][605]LogModuleManager: Shutting down and abandoning module MagicLeapARPin (386)
[2025.12.16-21.58.12:265][605]LogModuleManager: Shutting down and abandoning module MagicLeapHandMeshing (384)
[2025.12.16-21.58.12:265][605]LogModuleManager: Shutting down and abandoning module MagicLeapSecureStorage (382)
[2025.12.16-21.58.12:265][605]LogModuleManager: Shutting down and abandoning module MagicLeapPrivileges (380)
[2025.12.16-21.58.12:265][605]LogModuleManager: Shutting down and abandoning module MagicLeapPlanes (378)
[2025.12.16-21.58.12:265][605]LogMagicLeapPlanes: Planes tracker already destroyed.
[2025.12.16-21.58.12:265][605]LogModuleManager: Shutting down and abandoning module MagicLeapImageTracker (376)
[2025.12.16-21.58.12:265][605]LogModuleManager: Shutting down and abandoning module MagicLeapIdentity (374)
[2025.12.16-21.58.12:265][605]LogModuleManager: Shutting down and abandoning module MagicLeapHandTracking (372)
[2025.12.16-21.58.12:265][605]LogModuleManager: Shutting down and abandoning module MagicLeapEyeTracker (370)
[2025.12.16-21.58.12:265][605]LogModuleManager: Shutting down and abandoning module MagicLeapController (368)
[2025.12.16-21.58.12:265][605]LogModuleManager: Shutting down and abandoning module MagicLeapARPinImpl (366)
[2025.12.16-21.58.12:265][605]LogModuleManager: Shutting down and abandoning module MagicLeapAR (364)
[2025.12.16-21.58.12:265][605]LogModuleManager: Shutting down and abandoning module PythonScriptPlugin (362)
[2025.12.16-21.58.12:265][605]LogModuleManager: Shutting down and abandoning module ImgMediaEngine (360)
[2025.12.16-21.58.12:265][605]LogModuleManager: Shutting down and abandoning module NiagaraAnimNotifies (358)
[2025.12.16-21.58.12:265][605]LogModuleManager: Shutting down and abandoning module Niagara (356)
[2025.12.16-21.58.12:265][605]LogModuleManager: Shutting down and abandoning module SignalProcessing (355)
[2025.12.16-21.58.12:265][605]LogModuleManager: Shutting down and abandoning module NiagaraEditor (353)
[2025.12.16-21.58.12:266][605]LogModuleManager: Shutting down and abandoning module NiagaraCore (350)
[2025.12.16-21.58.12:266][605]LogModuleManager: Shutting down and abandoning module GameplayTagsEditor (348)
[2025.12.16-21.58.12:266][605]LogModuleManager: Shutting down and abandoning module DataValidation (346)
[2025.12.16-21.58.12:266][605]LogModuleManager: Shutting down and abandoning module FacialAnimationEditor (344)
[2025.12.16-21.58.12:266][605]LogModuleManager: Shutting down and abandoning module FacialAnimation (342)
[2025.12.16-21.58.12:266][605]LogModuleManager: Shutting down and abandoning module AssetManagerEditor (340)
[2025.12.16-21.58.12:266][605]LogModuleManager: Shutting down and abandoning module LevelEditor (339)
[2025.12.16-21.58.12:267][605]LogModuleManager: Shutting down and abandoning module PixelInspectorModule (338)
[2025.12.16-21.58.12:267][605]LogModuleManager: Shutting down and abandoning module CommonMenuExtensions (336)
[2025.12.16-21.58.12:267][605]LogModuleManager: Shutting down and abandoning module MainFrame (334)
[2025.12.16-21.58.12:267][605]LogModuleManager: Shutting down and abandoning module HotReload (333)
[2025.12.16-21.58.12:268][605]LogModuleManager: Shutting down and abandoning module ToolMenus (329)
[2025.12.16-21.58.12:268][605]LogModuleManager: Shutting down and abandoning module ContentBrowser (327)
[2025.12.16-21.58.12:268][605]LogModuleManager: Shutting down and abandoning module ContentBrowserData (326)
[2025.12.16-21.58.12:268][605]LogModuleManager: Shutting down and abandoning module TreeMap (323)
[2025.12.16-21.58.12:268][605]LogModuleManager: Shutting down and abandoning module PropertyAccessNode (320)
[2025.12.16-21.58.12:268][605]LogModuleManager: Shutting down and abandoning module AnimationSharing (318)
[2025.12.16-21.58.12:268][605]LogModuleManager: Shutting down and abandoning module GameplayCameras (316)
[2025.12.16-21.58.12:268][605]LogModuleManager: Shutting down and abandoning module LightPropagationVolumeRuntime (314)
[2025.12.16-21.58.12:268][605]LogModuleManager: Shutting down and abandoning module EnvironmentQueryEditor (312)
[2025.12.16-21.58.12:268][605]LogModuleManager: Shutting down and abandoning module Paper2D (310)
[2025.12.16-21.58.12:268][605]LogModuleManager: Shutting down and abandoning module WebMMoviePlayer (308)
[2025.12.16-21.58.12:268][605]LogModuleManager: Shutting down and abandoning module WindowsMoviePlayer (306)
[2025.12.16-21.58.12:269][605]LogModuleManager: Shutting down and abandoning module NetworkReplayStreaming (304)
[2025.12.16-21.58.12:269][605]LogModuleManager: Shutting down and abandoning module PacketHandler (302)
[2025.12.16-21.58.12:269][605]LogModuleManager: Shutting down and abandoning module ClothingSystemEditor (300)
[2025.12.16-21.58.12:269][605]LogModuleManager: Shutting down and abandoning module ClothingSystemRuntimeNv (298)
[2025.12.16-21.58.12:269][605]LogModuleManager: Shutting down and abandoning module MediaAssets (296)
[2025.12.16-21.58.12:269][605]LogModuleManager: Shutting down and abandoning module Overlay (294)
[2025.12.16-21.58.12:269][605]LogModuleManager: Shutting down and abandoning module OverlayEditor (293)
[2025.12.16-21.58.12:269][605]LogModuleManager: Shutting down and abandoning module VREditor (290)
[2025.12.16-21.58.12:269][605]LogModuleManager: Shutting down and abandoning module StringTableEditor (288)
[2025.12.16-21.58.12:269][605]LogModuleManager: Shutting down and abandoning module GameplayTasksEditor (286)
[2025.12.16-21.58.12:269][605]LogModuleManager: Shutting down and abandoning module BehaviorTreeEditor (284)
[2025.12.16-21.58.12:269][605]LogModuleManager: Shutting down and abandoning module FunctionalTesting (282)
[2025.12.16-21.58.12:269][605]LogModuleManager: Shutting down and abandoning module CollisionAnalyzer (280)
[2025.12.16-21.58.12:269][605]LogModuleManager: Shutting down and abandoning module WorkspaceMenuStructure (279)
[2025.12.16-21.58.12:269][605]LogModuleManager: Shutting down and abandoning module UMG (276)
[2025.12.16-21.58.12:269][605]LogModuleManager: Shutting down and abandoning module UMGEditor (275)
[2025.12.16-21.58.12:269][605]LogModuleManager: Shutting down and abandoning module MessageLog (273)
[2025.12.16-21.58.12:270][605]LogModuleManager: Shutting down and abandoning module SlateReflector (268)
[2025.12.16-21.58.12:270][605]LogModuleManager: Shutting down and abandoning module Slate (266)
[2025.12.16-21.58.12:270][605]LogModuleManager: Shutting down and abandoning module SlateCore (264)
[2025.12.16-21.58.12:272][605]LogModuleManager: Shutting down and abandoning module LandscapeEditorUtilities (262)
[2025.12.16-21.58.12:272][605]LogModuleManager: Shutting down and abandoning module UnrealEd (260)
[2025.12.16-21.58.12:272][605]LogModuleManager: Shutting down and abandoning module MRMesh (258)
[2025.12.16-21.58.12:272][605]LogModuleManager: Shutting down and abandoning module SourceCodeAccess (256)
[2025.12.16-21.58.12:272][605]LogModuleManager: Shutting down and abandoning module HeadMountedDisplay (254)
[2025.12.16-21.58.12:272][605]LogModuleManager: Shutting down and abandoning module XAudio2 (252)
[2025.12.16-21.58.12:272][605]LogModuleManager: Shutting down and abandoning module Networking (250)
[2025.12.16-21.58.12:272][605]LogModuleManager: Shutting down and abandoning module Core (248)
[2025.12.16-21.58.12:272][605]LogModuleManager: Shutting down and abandoning module MaterialEditor (246)
[2025.12.16-21.58.12:272][605]LogModuleManager: Shutting down and abandoning module MovieSceneTools (244)
[2025.12.16-21.58.12:272][605]LogModuleManager: Shutting down and abandoning module CurveEditor (243)
[2025.12.16-21.58.12:272][605]LogModuleManager: Shutting down and abandoning module Sequencer (241)
[2025.12.16-21.58.12:272][605]LogModuleManager: Shutting down and abandoning module EditorStyle (240)
[2025.12.16-21.58.12:274][605]LogModuleManager: Shutting down and abandoning module KismetCompiler (236)
[2025.12.16-21.58.12:274][605]LogModuleManager: Shutting down and abandoning module MeshBuilder (234)
[2025.12.16-21.58.12:274][605]LogModuleManager: Shutting down and abandoning module MeshUtilities (232)
[2025.12.16-21.58.12:274][605]LogModuleManager: Shutting down and abandoning module MeshMergeUtilities (231)
[2025.12.16-21.58.12:274][605]LogModuleManager: Shutting down and abandoning module MeshReductionInterface (230)
[2025.12.16-21.58.12:274][605]LogModuleManager: Shutting down and abandoning module MeshBoneReduction (229)
[2025.12.16-21.58.12:274][605]LogModuleManager: Shutting down and abandoning module SkeletalMeshReduction (227)
[2025.12.16-21.58.12:274][605]LogModuleManager: Shutting down and abandoning module ProxyLODMeshReduction (225)
[2025.12.16-21.58.12:274][605]LogModuleManager: Shutting down and abandoning module QuadricMeshReduction (223)
[2025.12.16-21.58.12:274][605]LogModuleManager: Shutting down and abandoning module MaterialBaking (219)
[2025.12.16-21.58.12:274][605]LogModuleManager: Shutting down and abandoning module NullInstallBundleManager (214)
[2025.12.16-21.58.12:274][605]LogModuleManager: Shutting down and abandoning module DerivedDataCache (212)
[2025.12.16-21.58.12:274][605]LogModuleManager: Shutting down and abandoning module TargetPlatform (210)
[2025.12.16-21.58.12:274][605]LogModuleManager: Shutting down and abandoning module VulkanShaderFormat (209)
[2025.12.16-21.58.12:274][605]LogModuleManager: Shutting down and abandoning module ShaderFormatVectorVM (207)
[2025.12.16-21.58.12:274][605]LogModuleManager: Shutting down and abandoning module ShaderFormatOpenGL (205)
[2025.12.16-21.58.12:274][605]LogModuleManager: Shutting down and abandoning module ShaderFormatD3D (203)
[2025.12.16-21.58.12:274][605]LogModuleManager: Shutting down and abandoning module MetalShaderFormat (201)
[2025.12.16-21.58.12:274][605]LogModuleManager: Shutting down and abandoning module TextureFormatOodle (199)
[2025.12.16-21.58.12:274][605]LogModuleManager: Shutting down and abandoning module TextureFormatUncompressed (197)
[2025.12.16-21.58.12:274][605]LogModuleManager: Shutting down and abandoning module TextureFormatPVR (195)
[2025.12.16-21.58.12:274][605]LogModuleManager: Shutting down and abandoning module TextureFormatETC2 (193)
[2025.12.16-21.58.12:274][605]LogModuleManager: Shutting down and abandoning module TextureFormatDXT (191)
[2025.12.16-21.58.12:274][605]LogModuleManager: Shutting down and abandoning module TextureFormatIntelISPCTexComp (189)
[2025.12.16-21.58.12:275][605]LogModuleManager: Shutting down and abandoning module TextureFormatASTC (187)
[2025.12.16-21.58.12:275][605]LogModuleManager: Shutting down and abandoning module ImageWrapper (186)
[2025.12.16-21.58.12:275][605]LogModuleManager: Shutting down and abandoning module AudioFormatOpus (183)
[2025.12.16-21.58.12:275][605]LogModuleManager: Shutting down and abandoning module AudioFormatOgg (181)
[2025.12.16-21.58.12:275][605]LogModuleManager: Shutting down and abandoning module AudioFormatADPCM (179)
[2025.12.16-21.58.12:275][605]LogModuleManager: Shutting down and abandoning module WindowsServerTargetPlatform (177)
[2025.12.16-21.58.12:275][605]LogModuleManager: Shutting down and abandoning module WindowsClientTargetPlatform (175)
[2025.12.16-21.58.12:275][605]LogModuleManager: Shutting down and abandoning module WindowsTargetPlatform (173)
[2025.12.16-21.58.12:275][605]LogModuleManager: Shutting down and abandoning module WindowsNoEditorTargetPlatform (171)
[2025.12.16-21.58.12:275][605]LogModuleManager: Shutting down and abandoning module TVOSTargetPlatform (169)
[2025.12.16-21.58.12:275][605]LogModuleManager: Shutting down and abandoning module MacServerTargetPlatform (167)
[2025.12.16-21.58.12:276][605]LogModuleManager: Shutting down and abandoning module MacClientTargetPlatform (165)
[2025.12.16-21.58.12:276][605]LogModuleManager: Shutting down and abandoning module MacTargetPlatform (163)
[2025.12.16-21.58.12:276][605]LogModuleManager: Shutting down and abandoning module MacNoEditorTargetPlatform (161)
[2025.12.16-21.58.12:276][605]LogModuleManager: Shutting down and abandoning module LuminTargetPlatform (159)
[2025.12.16-21.58.12:276][605]LogModuleManager: Shutting down and abandoning module LinuxAArch64ServerTargetPlatform (157)
[2025.12.16-21.58.12:276][605]LogModuleManager: Shutting down and abandoning module LinuxAArch64ClientTargetPlatform (155)
[2025.12.16-21.58.12:276][605]LogModuleManager: Shutting down and abandoning module LinuxAArch64NoEditorTargetPlatform (153)
[2025.12.16-21.58.12:276][605]LogModuleManager: Shutting down and abandoning module LinuxServerTargetPlatform (151)
[2025.12.16-21.58.12:276][605]LogModuleManager: Shutting down and abandoning module LinuxClientTargetPlatform (149)
[2025.12.16-21.58.12:276][605]LogModuleManager: Shutting down and abandoning module LinuxNoEditorTargetPlatform (147)
[2025.12.16-21.58.12:276][605]LogModuleManager: Shutting down and abandoning module LinuxTargetPlatform (145)
[2025.12.16-21.58.12:276][605]LogModuleManager: Shutting down and abandoning module Messaging (143)
[2025.12.16-21.58.12:276][605]LogModuleManager: Shutting down and abandoning module IOSTargetPlatform (141)
[2025.12.16-21.58.12:277][605]LogModuleManager: Shutting down and abandoning module AndroidTargetPlatform (139)
[2025.12.16-21.58.12:282][605]LogModuleManager: Shutting down and abandoning module AllDesktopTargetPlatform (137)
[2025.12.16-21.58.12:282][605]LogModuleManager: Shutting down and abandoning module D3D11RHI (134)
[2025.12.16-21.58.12:282][605]LogModuleManager: Shutting down and abandoning module InputCore (132)
[2025.12.16-21.58.12:282][605]LogModuleManager: Shutting down and abandoning module Settings (130)
[2025.12.16-21.58.12:282][605]LogModuleManager: Shutting down and abandoning module DirectoryWatcher (128)
[2025.12.16-21.58.12:282][605]LogModuleManager: Shutting down and abandoning module PhysXCooking (126)
[2025.12.16-21.58.12:282][605]LogModuleManager: Shutting down and abandoning module Chaos (124)
[2025.12.16-21.58.12:282][605]LogModuleManager: Shutting down and abandoning module WindowsPlatformFeatures (122)
[2025.12.16-21.58.12:282][605]LogModuleManager: Shutting down and abandoning module GameplayMediaEncoder (121)
[2025.12.16-21.58.12:282][605]LogModuleManager: Shutting down and abandoning module AVEncoder (120)
[2025.12.16-21.58.12:282][605]LogModuleManager: Shutting down and abandoning module SteamVRInputDevice (116)
[2025.12.16-21.58.12:282][605]LogModuleManager: Shutting down and abandoning module SteamVRInput (114)
[2025.12.16-21.58.12:282][605]LogModuleManager: Shutting down and abandoning module SteamVR (112)
[2025.12.16-21.58.12:282][605]LogHMD: Freeing OpenVRDLLHandle.
[2025.12.16-21.58.12:282][605]LogModuleManager: Shutting down and abandoning module OculusHMD (110)
[2025.12.16-21.58.12:282][605]LogModuleManager: Shutting down and abandoning module OpenXRAR (108)
[2025.12.16-21.58.12:282][605]LogModuleManager: Shutting down and abandoning module AugmentedReality (107)
[2025.12.16-21.58.12:282][605]LogModuleManager: Shutting down and abandoning module OpenXRHandTracking (104)
[2025.12.16-21.58.12:283][605]LogSlate: Slate User Destroyed.  User Index 0, Is Virtual User: 0
[2025.12.16-21.58.12:283][605]LogModuleManager: Shutting down and abandoning module OpenXRHMD (103)
[2025.12.16-21.58.12:283][605]LogModuleManager: Shutting down and abandoning module OpenXREyeTracker (100)
[2025.12.16-21.58.12:283][605]LogModuleManager: Shutting down and abandoning module ExampleDeviceProfileSelector (98)
[2025.12.16-21.58.12:283][605]LogModuleManager: Shutting down and abandoning module ChunkDownloader (96)
[2025.12.16-21.58.12:283][605]LogModuleManager: Shutting down and abandoning module LauncherChunkInstaller (94)
[2025.12.16-21.58.12:283][605]LogModuleManager: Shutting down and abandoning module OnlineBlueprintSupport (92)
[2025.12.16-21.58.12:283][605]LogModuleManager: Shutting down and abandoning module OnlineSubsystem (88)
[2025.12.16-21.58.12:286][605]LogModuleManager: Shutting down and abandoning module XMPP (83)
[2025.12.16-21.58.12:286][605]LogModuleManager: Shutting down and abandoning module WebSockets (82)
[2025.12.16-21.58.12:305][605]LogModuleManager: Shutting down and abandoning module HTTP (79)
[2025.12.16-21.58.12:305][605]LogHttp: Display: Http module shutting down, but needs to wait on 1 outstanding Http requests:
[2025.12.16-21.58.12:305][605]LogHttp: Display: 	verb=[POST] url=[https://datarouter.ol.epicgames.com/datarouter/api/v1/public/data?SessionID=%7BCBB198D4-4DC5-69D3-A0AC-F3BECD74A69B%7D&AppID=UEEditor.Rocket.Release&AppVersion=4.27.2-18319896%2B%2B%2BUE4%2BRelease-4.27&UserID=7b83658d48895a4a9156acb9207522bf%7C460cba60c5e74658afe364f0ea51f614%7Cbf6e2cad-2029-4761-9a4a-0e56c7890fd3&AppEnvironment=datacollector-binary&UploadType=eteventstream] refs=[1] status=Processing
[2025.12.16-21.58.12:305][605]LogHttp: Display: cleaning up 1 outstanding Http requests.
[2025.12.16-21.58.12:309][605]LogModuleManager: Shutting down and abandoning module SSL (78)
[2025.12.16-21.58.12:310][605]LogModuleManager: Shutting down and abandoning module MLSDK (74)
[2025.12.16-21.58.12:310][605]LogModuleManager: Shutting down and abandoning module MagicLeap (72)
[2025.12.16-21.58.12:310][605]LogModuleManager: Shutting down and abandoning module WmfMedia (70)
[2025.12.16-21.58.12:315][605]LogModuleManager: Shutting down and abandoning module Media (69)
[2025.12.16-21.58.12:319][605]LogModuleManager: Shutting down and abandoning module MediaInfo (68)
[2025.12.16-21.58.12:319][605]LogModuleManager: Shutting down and abandoning module ExrReaderGpu (64)
[2025.12.16-21.58.12:319][605]LogModuleManager: Shutting down and abandoning module ChaosCloth (62)
[2025.12.16-21.58.12:319][605]LogModuleManager: Shutting down and abandoning module NiagaraVertexFactories (60)
[2025.12.16-21.58.12:319][605]LogModuleManager: Shutting down and abandoning module NiagaraShader (58)
[2025.12.16-21.58.12:319][605]LogModuleManager: Shutting down and abandoning module VariantManagerContent (56)
[2025.12.16-21.58.12:319][605]LogModuleManager: Shutting down and abandoning module DatasmithContent (54)
[2025.12.16-21.58.12:319][605]LogModuleManager: Shutting down and abandoning module PixWinPlugin (52)
[2025.12.16-21.58.12:320][605]LogModuleManager: Shutting down and abandoning module AISupportModule (50)
[2025.12.16-21.58.12:320][605]LogModuleManager: Shutting down and abandoning module DesktopPlatform (48)
[2025.12.16-21.58.12:320][605]LogModuleManager: Shutting down and abandoning module PlatformCryptoOpenSSL (46)
[2025.12.16-21.58.12:320][605]LogModuleManager: Shutting down and abandoning module PlatformCryptoTypes (44)
[2025.12.16-21.58.12:320][605]LogModuleManager: Shutting down and abandoning module PlatformCrypto (42)
[2025.12.16-21.58.12:320][605]LogModuleManager: Shutting down and abandoning module PythonScriptPluginPreload (40)
[2025.12.16-21.58.12:320][605]LogModuleManager: Shutting down and abandoning module OodleDataCompressionFormat (38)
[2025.12.16-21.58.12:320][605]LogModuleManager: Shutting down and abandoning module XGEController (36)
[2025.12.16-21.58.12:320][605]LogModuleManager: Shutting down and abandoning module AnimationModifiers (34)
[2025.12.16-21.58.12:320][605]LogModuleManager: Shutting down and abandoning module AudioEditor (32)
[2025.12.16-21.58.12:320][605]LogModuleManager: Shutting down and abandoning module PropertyEditor (31)
[2025.12.16-21.58.12:321][605]LogModuleManager: Shutting down and abandoning module TextureCompressor (28)
[2025.12.16-21.58.12:322][605]LogModuleManager: Shutting down and abandoning module RenderCore (26)
[2025.12.16-21.58.12:322][605]LogModuleManager: Shutting down and abandoning module Landscape (24)
[2025.12.16-21.58.12:322][605]LogModuleManager: Shutting down and abandoning module SlateRHIRenderer (22)
[2025.12.16-21.58.12:322][605]LogModuleManager: Shutting down and abandoning module AnimGraphRuntime (20)
[2025.12.16-21.58.12:322][605]LogModuleManager: Shutting down and abandoning module Renderer (18)
[2025.12.16-21.58.12:323][605]LogModuleManager: Shutting down and abandoning module Engine (16)
[2025.12.16-21.58.12:323][605]LogModuleManager: Shutting down and abandoning module CoreUObject (14)
[2025.12.16-21.58.12:323][605]LogModuleManager: Shutting down and abandoning module NetworkFile (12)
[2025.12.16-21.58.12:323][605]LogModuleManager: Shutting down and abandoning module CookedIterativeFile (10)
[2025.12.16-21.58.12:323][605]LogModuleManager: Shutting down and abandoning module StreamingFile (8)
[2025.12.16-21.58.12:323][605]LogModuleManager: Shutting down and abandoning module SandboxFile (6)
[2025.12.16-21.58.12:323][605]LogModuleManager: Shutting down and abandoning module PakFile (4)
[2025.12.16-21.58.12:323][605]LogModuleManager: Shutting down and abandoning module RSA (3)
[2025.12.16-21.58.12:649][605]LogContentStreaming: Display: There are 1 unreleased StreamingManagers
[2025.12.16-21.58.12:679][605]LogD3D11RHI: Shutdown
[2025.12.16-21.58.12:679][605]LogD3D11RHI: CleanupD3DDevice
[2025.12.16-21.58.12:690][605]LogD3D11RHI: Intel Extensions Framework unloaded
[2025.12.16-21.58.12:692][605]LogD3D11RHI: [IntelMetricsDiscovery] Stopped
[2025.12.16-21.58.12:692][605]LogExit: Exiting.
[2025.12.16-21.58.12:702][605]Log file closed, 12/16/25 22:58:12
