Log file open, 12/16/25 22:53:28
LogWindows: Failed to load 'aqProf.dll' (GetLastError=126)
LogWindows: File 'aqProf.dll' does not exist
LogWindows: Failed to load 'VtuneApi.dll' (GetLastError=126)
LogWindows: File 'VtuneApi.dll' does not exist
LogWindows: Failed to load 'VtuneApi32e.dll' (GetLastError=126)
LogWindows: File 'VtuneApi32e.dll' does not exist
LogConsoleResponse: Display: Failed to find resolution value strings in scalability ini. Falling back to default.
LogConsoleResponse: Display: Failed to find resolution value strings in scalability ini. Falling back to default.
LogInit: Display: Running engine for game: MarsMarine
LogPlatformFile: Not using cached read wrapper
LogTaskGraph: Started task graph with 5 named threads and 35 total threads with 3 sets of task threads.
LogStats: Stats thread started at 0.223793
LogICUInternationalization: ICU TimeZone Detection - Raw Offset: +1:00, Platform Override: ''
LogInit: Display: Loading text-based GConfig....
LogPluginManager: Mounting plugin MeshPainting
LogPluginManager: Mounting plugin XGEController
LogPluginManager: Mounting plugin Paper2D
LogPluginManager: Mounting plugin LiveLink
LogPluginManager: Mounting plugin AISupport
LogPluginManager: Mounting plugin LightPropagationVolume
LogPluginManager: Mounting plugin CameraShakePreviewer
LogPluginManager: Mounting plugin EnvironmentQueryEditor
LogPluginManager: Mounting plugin OodleData
LogPluginManager: Mounting plugin OodleNetwork
LogPluginManager: Mounting plugin DatasmithContent
LogPluginManager: Mounting plugin GameplayCameras
LogPluginManager: Mounting plugin AssetManagerEditor
LogPluginManager: Mounting plugin CryptoKeys
LogPluginManager: Mounting plugin CurveEditorTools
LogPluginManager: Mounting plugin FacialAnimation
LogPluginManager: Mounting plugin GeometryMode
LogPluginManager: Mounting plugin MaterialAnalyzer
LogPluginManager: Mounting plugin GameplayTagsEditor
LogPluginManager: Mounting plugin DataValidation
LogPluginManager: Mounting plugin MacGraphicsSwitching
LogPluginManager: Mounting plugin VariantManagerContent
LogPluginManager: Mounting plugin MobileLauncherProfileWizard
LogPluginManager: Mounting plugin PluginBrowser
LogPluginManager: Mounting plugin SpeedTreeImporter
LogPluginManager: Mounting plugin AnimationSharing
LogPluginManager: Mounting plugin CLionSourceCodeAccess
LogPluginManager: Mounting plugin CodeLiteSourceCodeAccess
LogPluginManager: Mounting plugin NullSourceCodeAccess
LogPluginManager: Mounting plugin GitSourceControl
LogPluginManager: Mounting plugin KDevelopSourceCodeAccess
LogPluginManager: Mounting plugin PixWinPlugin
LogPluginManager: Mounting plugin PluginUtils
LogPluginManager: Mounting plugin PerforceSourceControl
LogPluginManager: Mounting plugin PlasticSourceControl
LogPluginManager: Mounting plugin SubversionSourceControl
LogPluginManager: Mounting plugin TextureFormatOodle
LogPluginManager: Mounting plugin UObjectPlugin
LogPluginManager: Mounting plugin PropertyAccessNode
LogPluginManager: Mounting plugin VisualStudioCodeSourceCodeAccess
LogPluginManager: Mounting plugin Niagara
LogPluginManager: Mounting plugin XCodeSourceCodeAccess
LogPluginManager: Mounting plugin RiderSourceCodeAccess
LogPluginManager: Mounting plugin VisualStudioSourceCodeAccess
LogPluginManager: Mounting plugin LuminPlatformFeatures
LogPluginManager: Mounting plugin AndroidMedia
LogPluginManager: Mounting plugin MagicLeap
LogPluginManager: Mounting plugin AvfMedia
LogPluginManager: Mounting plugin AutomationUtils
LogPluginManager: Mounting plugin AlembicImporter
LogPluginManager: Mounting plugin MagicLeapLightEstimation
LogPluginManager: Mounting plugin BackChannel
LogPluginManager: Mounting plugin ChaosEditor
LogPluginManager: Mounting plugin ChaosClothEditor
LogPluginManager: Mounting plugin ChaosSolverPlugin
LogPluginManager: Mounting plugin MagicLeapMedia
LogPluginManager: Mounting plugin CharacterAI
LogPluginManager: Mounting plugin ChaosNiagara
LogPluginManager: Mounting plugin ChaosCloth
LogPluginManager: Mounting plugin MagicLeapPassableWorld
LogPluginManager: Mounting plugin MLSDK
LogPluginManager: Mounting plugin MediaCompositing
LogPluginManager: Mounting plugin ImgMedia
LogPluginManager: Mounting plugin WebMMedia
LogPluginManager: Mounting plugin MediaPlayerEditor
LogPluginManager: Mounting plugin WmfMedia
LogPluginManager: Mounting plugin GeometryCache
LogPluginManager: Mounting plugin GeometryCollectionPlugin
LogPluginManager: Mounting plugin GeometryProcessing
LogPluginManager: Mounting plugin OpenImageDenoise
LogPluginManager: Mounting plugin PlanarCut
LogPluginManager: Mounting plugin MotoSynth
LogPluginManager: Mounting plugin ProxyLODPlugin
LogPluginManager: Mounting plugin PlatformCrypto
LogPluginManager: Mounting plugin PythonScriptPlugin
LogPluginManager: Mounting plugin OnlineSubsystem
LogPluginManager: Mounting plugin OnlineSubsystemNull
LogPluginManager: Mounting plugin SkeletalReduction
LogPluginManager: Mounting plugin OnlineSubsystemUtils
LogPluginManager: Mounting plugin ActorSequence
LogPluginManager: Mounting plugin MatineeToLevelSequence
LogPluginManager: Mounting plugin LevelSequenceEditor
LogPluginManager: Mounting plugin TemplateSequence
LogPluginManager: Mounting plugin UdpMessaging
LogPluginManager: Mounting plugin TcpMessaging
LogPluginManager: Mounting plugin ActorLayerUtilities
LogPluginManager: Mounting plugin LauncherChunkInstaller
LogPluginManager: Mounting plugin AndroidMoviePlayer
LogPluginManager: Mounting plugin AndroidPermission
LogPluginManager: Mounting plugin AndroidDeviceProfileSelector
LogPluginManager: Mounting plugin AppleMoviePlayer
LogPluginManager: Mounting plugin AssetTags
LogPluginManager: Mounting plugin AppleImageUtils
LogPluginManager: Mounting plugin ArchVisCharacter
LogPluginManager: Mounting plugin AudioCapture
LogPluginManager: Mounting plugin AudioSynesthesia
LogPluginManager: Mounting plugin ChunkDownloader
LogPluginManager: Mounting plugin CableComponent
LogPluginManager: Mounting plugin EditableMesh
LogPluginManager: Mounting plugin CustomMeshComponent
LogPluginManager: Mounting plugin ExampleDeviceProfileSelector
LogPluginManager: Mounting plugin ScreenshotTools
LogPluginManager: Mounting plugin GooglePAD
LogPluginManager: Mounting plugin GoogleCloudMessaging
LogPluginManager: Mounting plugin IOSDeviceProfileSelector
LogPluginManager: Mounting plugin LocationServicesBPLibrary
LogPluginManager: Mounting plugin LinuxDeviceProfileSelector
LogPluginManager: Mounting plugin MobilePatchingUtils
LogPluginManager: Mounting plugin OpenXR
LogPluginManager: Mounting plugin OpenXREyeTracker
LogPluginManager: Mounting plugin Takes
LogPluginManager: Mounting plugin OpenXRHandTracking
LogPluginManager: Mounting plugin PostSplashScreen
LogPluginManager: Mounting plugin PhysXVehicles
LogPluginManager: Mounting plugin ProceduralMeshComponent
LogPluginManager: Mounting plugin PropertyAccessEditor
LogPluginManager: Mounting plugin RuntimePhysXCooking
LogPluginManager: Mounting plugin SignificanceManager
LogPluginManager: Mounting plugin Synthesis
LogPluginManager: Mounting plugin SoundFields
LogPluginManager: Mounting plugin WebMMoviePlayer
LogPluginManager: Mounting plugin WindowsMoviePlayer
LogPluginManager: Mounting plugin ContentBrowserClassDataSource
LogPluginManager: Mounting plugin ContentBrowserAssetDataSource
LogPluginManager: Mounting plugin ContentBrowserFileDataSource
LogPluginManager: Mounting plugin OnlineSubsystemIOS
LogPluginManager: Mounting plugin OnlineSubsystemGooglePlay
LogPluginManager: Mounting plugin OculusVR
LogPluginManager: Mounting plugin SteamVR
PixWinPlugin: PIX capture plugin failed to initialize! Check that the process is launched from PIX.
LogInit: Using libcurl 7.55.1-DEV
LogInit:  - built for x86_64-pc-win32
LogInit:  - supports SSL with OpenSSL/1.1.1
LogInit:  - supports HTTP deflate (compression) using libz 1.2.8
LogInit:  - other features:
LogInit:      CURL_VERSION_SSL
LogInit:      CURL_VERSION_LIBZ
LogInit:      CURL_VERSION_IPV6
LogInit:      CURL_VERSION_ASYNCHDNS
LogInit:      CURL_VERSION_LARGEFILE
LogInit:      CURL_VERSION_IDN
LogInit:  CurlRequestOptions (configurable via config and command line):
LogInit:  - bVerifyPeer = true  - Libcurl will verify peer certificate
LogInit:  - bUseHttpProxy = false  - Libcurl will NOT use HTTP proxy
LogInit:  - bDontReuseConnections = false  - Libcurl will reuse connections
LogInit:  - MaxHostConnections = 16  - Libcurl will limit the number of connections to a host
LogInit:  - LocalHostAddr = Default
LogInit:  - BufferSize = 65536
LogOnline: OSS: Creating online subsystem instance for: NULL
LogInit: WinSock: version 1.1 (2.2), MaxSocks=32767, MaxUdp=65467
LogOnline: OSS: TryLoadSubsystemAndSetDefault: Loaded subsystem for module [NULL]
LogOculusPluginWrapper: OculusPlugin initialized successfully
LogHMD: Failed initializing OVRPlugin 1.59.0
LogInit: Build: ++UE4+Release-4.27-CL-18319896
LogInit: Engine Version: 4.27.2-18319896+++UE4+Release-4.27
LogInit: Compatible Engine Version: 4.27.0-17155196+++UE4+Release-4.27
LogInit: Net CL: 17155196
LogInit: OS: Windows 10 (Release 2009) (), CPU: 12th Gen Intel(R) Core(TM) i5-1245U, GPU: Intel(R) Iris(R) Xe Graphics
LogInit: Compiled (64-bit): Nov 30 2021 07:12:08
LogInit: Compiled with Visual C++: 19.24.28315.00
LogInit: Build Configuration: Development
LogInit: Branch Name: ++UE4+Release-4.27
LogInit: Command Line:  -AUTH_LOGIN=unused -AUTH_PASSWORD=416ef0f3140b406f80c380b359716743 -AUTH_TYPE=exchangecode -epicapp=UE_4.27 -epicenv=Prod -EpicPortal -epicusername=cirarula -epicuserid=460cba60c5e74658afe364f0ea51f614 -epiclocale=pl -epicsandboxid=ue
LogInit: Base Directory: C:/Program Files/Epic Games/UE_4.27/Engine/Binaries/Win64/
LogInit: Allocator: TBB
LogInit: Installed Engine Build: 1
LogDevObjectVersion: Number of dev versions registered: 29
LogDevObjectVersion:   Dev-Blueprints (B0D832E4-1F89-4F0D-ACCF-7EB736FD4AA2): 10
LogDevObjectVersion:   Dev-Build (E1C64328-A22C-4D53-A36C-8E866417BD8C): 0
LogDevObjectVersion:   Dev-Core (375EC13C-06E4-48FB-B500-84F0262A717E): 4
LogDevObjectVersion:   Dev-Editor (E4B068ED-F494-42E9-A231-DA0B2E46BB41): 40
LogDevObjectVersion:   Dev-Framework (CFFC743F-43B0-4480-9391-14DF171D2073): 37
LogDevObjectVersion:   Dev-Mobile (B02B49B5-BB20-44E9-A304-32B752E40360): 3
LogDevObjectVersion:   Dev-Networking (A4E4105C-59A1-49B5-A7C5-40C4547EDFEE): 0
LogDevObjectVersion:   Dev-Online (39C831C9-5AE6-47DC-9A44-9C173E1C8E7C): 0
LogDevObjectVersion:   Dev-Physics (78F01B33-EBEA-4F98-B9B4-84EACCB95AA2): 14
LogDevObjectVersion:   Dev-Platform (6631380F-2D4D-43E0-8009-CF276956A95A): 0
LogDevObjectVersion:   Dev-Rendering (12F88B9F-8875-4AFC-A67C-D90C383ABD29): 45
LogDevObjectVersion:   Dev-Sequencer (7B5AE74C-D270-4C10-A958-57980B212A5A): 13
LogDevObjectVersion:   Dev-VR (D7296918-1DD6-4BDD-9DE2-64A83CC13884): 3
LogDevObjectVersion:   Dev-LoadTimes (C2A15278-BFE7-4AFE-6C17-90FF531DF755): 1
LogDevObjectVersion:   Private-Geometry (6EACA3D4-40EC-4CC1-B786-8BED09428FC5): 3
LogDevObjectVersion:   Dev-AnimPhys (29E575DD-E0A3-4627-9D10-D276232CDCEA): 17
LogDevObjectVersion:   Dev-Anim (AF43A65D-7FD3-4947-9873-3E8ED9C1BB05): 15
LogDevObjectVersion:   Dev-ReflectionCapture (6B266CEC-1EC7-4B8F-A30B-E4D90942FC07): 1
LogDevObjectVersion:   Dev-Automation (0DF73D61-A23F-47EA-B727-89E90C41499A): 1
LogDevObjectVersion:   FortniteMain (601D1886-AC64-4F84-AA16-D3DE0DEAC7D6): 47
LogDevObjectVersion:   FortniteRelease (E7086368-6B23-4C58-8439-1B7016265E91): 1
LogDevObjectVersion:   Dev-Enterprise (9DFFBCD6-494F-0158-E221-12823C92A888): 10
LogDevObjectVersion:   Dev-Niagara (F2AED0AC-9AFE-416F-8664-AA7FFA26D6FC): 1
LogDevObjectVersion:   Dev-Destruction (174F1F0B-B4C6-45A5-B13F-2EE8D0FB917D): 10
LogDevObjectVersion:   Dev-Physics-Ext (35F94A83-E258-406C-A318-09F59610247C): 41
LogDevObjectVersion:   Dev-PhysicsMaterial-Chaos (B68FC16E-8B1B-42E2-B453-215C058844FE): 1
LogDevObjectVersion:   Dev-CineCamera (B2E18506-4273-CFC2-A54E-F4BB758BBA07): 1
LogDevObjectVersion:   Dev-VirtualProduction (64F58936-FD1B-42BA-BA96-7289D5D0FA4E): 1
LogDevObjectVersion:   Dev-MediaFramework (6F0ED827-A609-4895-9C91-998D90180EA4): 2
LogInit: Presizing for max 25165824 objects, including 0 objects not considered by GC, pre-allocating 0 bytes for permanent pool.
LogConfig: Applying CVar settings from Section [/Script/Engine.StreamingSettings] File [C:/Rzeczy/gry/1 rok/TopDownShooterAD25/03_MarsMarine 4.27/Saved/Config/Windows/Engine.ini]
LogConfig: Setting CVar [[s.MinBulkDataSizeForAsyncLoading:131072]]
LogConfig: Setting CVar [[s.AsyncLoadingThreadEnabled:0]]
LogConfig: Setting CVar [[s.EventDrivenLoaderEnabled:1]]
LogConfig: Setting CVar [[s.WarnIfTimeLimitExceeded:0]]
LogConfig: Setting CVar [[s.TimeLimitExceededMultiplier:1.5]]
LogConfig: Setting CVar [[s.TimeLimitExceededMinTime:0.005]]
LogConfig: Setting CVar [[s.UseBackgroundLevelStreaming:1]]
LogConfig: Setting CVar [[s.PriorityAsyncLoadingExtraTime:15.0]]
LogConfig: Setting CVar [[s.LevelStreamingActorsUpdateTimeLimit:5.0]]
LogConfig: Setting CVar [[s.PriorityLevelStreamingActorsUpdateExtraTime:5.0]]
LogConfig: Setting CVar [[s.LevelStreamingComponentsRegistrationGranularity:10]]
LogConfig: Setting CVar [[s.UnregisterComponentsTimeLimit:1.0]]
LogConfig: Setting CVar [[s.LevelStreamingComponentsUnregistrationGranularity:5]]
LogConfig: Setting CVar [[s.FlushStreamingOnExit:1]]
LogInit: Object subsystem initialized
LogConfig: Setting CVar [[con.DebugEarlyDefault:1]]
LogConfig: Setting CVar [[r.setres:1280x720]]
[2025.12.16-21.53.29:131][  0]LogConfig: Setting CVar [[r.VSync:0]]
[2025.12.16-21.53.29:131][  0]LogConfig: Setting CVar [[r.RHICmdBypass:0]]
[2025.12.16-21.53.29:131][  0]LogConfig: Applying CVar settings from Section [/Script/Engine.RendererSettings] File [C:/Rzeczy/gry/1 rok/TopDownShooterAD25/03_MarsMarine 4.27/Saved/Config/Windows/Engine.ini]
[2025.12.16-21.53.29:131][  0]LogConfig: Setting CVar [[r.GPUCrashDebugging:0]]
[2025.12.16-21.53.29:131][  0]LogConfig: Applying CVar settings from Section [/Script/Engine.RendererOverrideSettings] File [C:/Rzeczy/gry/1 rok/TopDownShooterAD25/03_MarsMarine 4.27/Saved/Config/Windows/Engine.ini]
[2025.12.16-21.53.29:131][  0]LogConfig: Applying CVar settings from Section [/Script/Engine.StreamingSettings] File [C:/Rzeczy/gry/1 rok/TopDownShooterAD25/03_MarsMarine 4.27/Saved/Config/Windows/Engine.ini]
[2025.12.16-21.53.29:131][  0]LogConfig: Setting CVar [[s.MinBulkDataSizeForAsyncLoading:131072]]
[2025.12.16-21.53.29:131][  0]LogConfig: Setting CVar [[s.AsyncLoadingThreadEnabled:0]]
[2025.12.16-21.53.29:131][  0]LogConfig: Setting CVar [[s.EventDrivenLoaderEnabled:1]]
[2025.12.16-21.53.29:131][  0]LogConfig: Setting CVar [[s.WarnIfTimeLimitExceeded:0]]
[2025.12.16-21.53.29:131][  0]LogConfig: Setting CVar [[s.TimeLimitExceededMultiplier:1.5]]
[2025.12.16-21.53.29:131][  0]LogConfig: Setting CVar [[s.TimeLimitExceededMinTime:0.005]]
[2025.12.16-21.53.29:131][  0]LogConfig: Setting CVar [[s.UseBackgroundLevelStreaming:1]]
[2025.12.16-21.53.29:131][  0]LogConfig: Setting CVar [[s.PriorityAsyncLoadingExtraTime:15.0]]
[2025.12.16-21.53.29:131][  0]LogConfig: Setting CVar [[s.LevelStreamingActorsUpdateTimeLimit:5.0]]
[2025.12.16-21.53.29:131][  0]LogConfig: Setting CVar [[s.PriorityLevelStreamingActorsUpdateExtraTime:5.0]]
[2025.12.16-21.53.29:131][  0]LogConfig: Setting CVar [[s.LevelStreamingComponentsRegistrationGranularity:10]]
[2025.12.16-21.53.29:131][  0]LogConfig: Setting CVar [[s.UnregisterComponentsTimeLimit:1.0]]
[2025.12.16-21.53.29:131][  0]LogConfig: Setting CVar [[s.LevelStreamingComponentsUnregistrationGranularity:5]]
[2025.12.16-21.53.29:131][  0]LogConfig: Setting CVar [[s.FlushStreamingOnExit:1]]
[2025.12.16-21.53.29:131][  0]LogConfig: Applying CVar settings from Section [/Script/Engine.GarbageCollectionSettings] File [C:/Rzeczy/gry/1 rok/TopDownShooterAD25/03_MarsMarine 4.27/Saved/Config/Windows/Engine.ini]
[2025.12.16-21.53.29:131][  0]LogConfig: Setting CVar [[gc.MaxObjectsNotConsideredByGC:1]]
[2025.12.16-21.53.29:131][  0]LogConfig: Setting CVar [[gc.SizeOfPermanentObjectPool:0]]
[2025.12.16-21.53.29:131][  0]LogConfig: Setting CVar [[gc.FlushStreamingOnGC:0]]
[2025.12.16-21.53.29:131][  0]LogConfig: Setting CVar [[gc.NumRetriesBeforeForcingGC:10]]
[2025.12.16-21.53.29:131][  0]LogConfig: Setting CVar [[gc.AllowParallelGC:1]]
[2025.12.16-21.53.29:131][  0]LogConfig: Setting CVar [[gc.TimeBetweenPurgingPendingKillObjects:61.1]]
[2025.12.16-21.53.29:131][  0]LogConfig: Setting CVar [[gc.MaxObjectsInEditor:25165824]]
[2025.12.16-21.53.29:131][  0]LogConfig: Setting CVar [[gc.IncrementalBeginDestroyEnabled:1]]
[2025.12.16-21.53.29:131][  0]LogConfig: Setting CVar [[gc.CreateGCClusters:1]]
[2025.12.16-21.53.29:131][  0]LogConfig: Setting CVar [[gc.MinGCClusterSize:5]]
[2025.12.16-21.53.29:131][  0]LogConfig: Setting CVar [[gc.ActorClusteringEnabled:0]]
[2025.12.16-21.53.29:131][  0]LogConfig: Setting CVar [[gc.BlueprintClusteringEnabled:0]]
[2025.12.16-21.53.29:131][  0]LogConfig: Setting CVar [[gc.UseDisregardForGCOnDedicatedServers:0]]
[2025.12.16-21.53.29:131][  0]LogConfig: Setting CVar [[gc.MultithreadedDestructionEnabled:1]]
[2025.12.16-21.53.29:131][  0]LogConfig: Applying CVar settings from Section [/Script/Engine.NetworkSettings] File [C:/Rzeczy/gry/1 rok/TopDownShooterAD25/03_MarsMarine 4.27/Saved/Config/Windows/Engine.ini]
[2025.12.16-21.53.29:131][  0]LogConfig: Applying CVar settings from Section [/Script/UnrealEd.CookerSettings] File [C:/Rzeczy/gry/1 rok/TopDownShooterAD25/03_MarsMarine 4.27/Saved/Config/Windows/Engine.ini]
[2025.12.16-21.53.29:141][  0]LogConfig: Applying CVar settings from Section [ViewDistanceQuality@3] File [C:/Rzeczy/gry/1 rok/TopDownShooterAD25/03_MarsMarine 4.27/Saved/Config/Windows/Scalability.ini]
[2025.12.16-21.53.29:141][  0]LogConfig: Setting CVar [[r.SkeletalMeshLODBias:0]]
[2025.12.16-21.53.29:141][  0]LogConfig: Setting CVar [[r.ViewDistanceScale:1.0]]
[2025.12.16-21.53.29:141][  0]LogConfig: Applying CVar settings from Section [AntiAliasingQuality@3] File [C:/Rzeczy/gry/1 rok/TopDownShooterAD25/03_MarsMarine 4.27/Saved/Config/Windows/Scalability.ini]
[2025.12.16-21.53.29:141][  0]LogConfig: Setting CVar [[r.PostProcessAAQuality:4]]
[2025.12.16-21.53.29:141][  0]LogConfig: Applying CVar settings from Section [ShadowQuality@3] File [C:/Rzeczy/gry/1 rok/TopDownShooterAD25/03_MarsMarine 4.27/Saved/Config/Windows/Scalability.ini]
[2025.12.16-21.53.29:141][  0]LogConfig: Setting CVar [[r.LightFunctionQuality:1]]
[2025.12.16-21.53.29:141][  0]LogConfig: Setting CVar [[r.ShadowQuality:5]]
[2025.12.16-21.53.29:141][  0]LogConfig: Setting CVar [[r.Shadow.CSM.MaxCascades:10]]
[2025.12.16-21.53.29:141][  0]LogConfig: Setting CVar [[r.Shadow.MaxResolution:2048]]
[2025.12.16-21.53.29:141][  0]LogConfig: Setting CVar [[r.Shadow.MaxCSMResolution:2048]]
[2025.12.16-21.53.29:141][  0]LogConfig: Setting CVar [[r.Shadow.RadiusThreshold:0.01]]
[2025.12.16-21.53.29:141][  0]LogConfig: Setting CVar [[r.Shadow.DistanceScale:1.0]]
[2025.12.16-21.53.29:141][  0]LogConfig: Setting CVar [[r.Shadow.CSM.TransitionScale:1.0]]
[2025.12.16-21.53.29:141][  0]LogConfig: Setting CVar [[r.Shadow.PreShadowResolutionFactor:1.0]]
[2025.12.16-21.53.29:141][  0]LogConfig: Setting CVar [[r.DistanceFieldShadowing:1]]
[2025.12.16-21.53.29:141][  0]LogConfig: Setting CVar [[r.DistanceFieldAO:1]]
[2025.12.16-21.53.29:141][  0]LogConfig: Setting CVar [[r.AOQuality:2]]
[2025.12.16-21.53.29:141][  0]LogConfig: Setting CVar [[r.VolumetricFog:1]]
[2025.12.16-21.53.29:141][  0]LogConfig: Setting CVar [[r.VolumetricFog.GridPixelSize:8]]
[2025.12.16-21.53.29:141][  0]LogConfig: Setting CVar [[r.VolumetricFog.GridSizeZ:128]]
[2025.12.16-21.53.29:141][  0]LogConfig: Setting CVar [[r.VolumetricFog.HistoryMissSupersampleCount:4]]
[2025.12.16-21.53.29:141][  0]LogConfig: Setting CVar [[r.LightMaxDrawDistanceScale:1]]
[2025.12.16-21.53.29:141][  0]LogConfig: Setting CVar [[r.CapsuleShadows:1]]
[2025.12.16-21.53.29:141][  0]LogConfig: Applying CVar settings from Section [PostProcessQuality@3] File [C:/Rzeczy/gry/1 rok/TopDownShooterAD25/03_MarsMarine 4.27/Saved/Config/Windows/Scalability.ini]
[2025.12.16-21.53.29:141][  0]LogConfig: Setting CVar [[r.MotionBlurQuality:4]]
[2025.12.16-21.53.29:141][  0]LogConfig: Setting CVar [[r.AmbientOcclusionMipLevelFactor:0.4]]
[2025.12.16-21.53.29:141][  0]LogConfig: Setting CVar [[r.AmbientOcclusionMaxQuality:100]]
[2025.12.16-21.53.29:141][  0]LogConfig: Setting CVar [[r.AmbientOcclusionLevels:-1]]
[2025.12.16-21.53.29:141][  0]LogConfig: Setting CVar [[r.AmbientOcclusionRadiusScale:1.0]]
[2025.12.16-21.53.29:141][  0]LogConfig: Setting CVar [[r.DepthOfFieldQuality:2]]
[2025.12.16-21.53.29:141][  0]LogConfig: Setting CVar [[r.RenderTargetPoolMin:400]]
[2025.12.16-21.53.29:141][  0]LogConfig: Setting CVar [[r.LensFlareQuality:2]]
[2025.12.16-21.53.29:141][  0]LogConfig: Setting CVar [[r.SceneColorFringeQuality:1]]
[2025.12.16-21.53.29:141][  0]LogConfig: Setting CVar [[r.EyeAdaptationQuality:2]]
[2025.12.16-21.53.29:141][  0]LogConfig: Setting CVar [[r.BloomQuality:5]]
[2025.12.16-21.53.29:141][  0]LogConfig: Setting CVar [[r.FastBlurThreshold:100]]
[2025.12.16-21.53.29:141][  0]LogConfig: Setting CVar [[r.Upscale.Quality:3]]
[2025.12.16-21.53.29:141][  0]LogConfig: Setting CVar [[r.Tonemapper.GrainQuantization:1]]
[2025.12.16-21.53.29:141][  0]LogConfig: Setting CVar [[r.LightShaftQuality:1]]
[2025.12.16-21.53.29:141][  0]LogConfig: Setting CVar [[r.Filter.SizeScale:1]]
[2025.12.16-21.53.29:141][  0]LogConfig: Setting CVar [[r.Tonemapper.Quality:5]]
[2025.12.16-21.53.29:141][  0]LogConfig: Setting CVar [[r.DOF.Gather.AccumulatorQuality:1        ; higher gathering accumulator quality]]
[2025.12.16-21.53.29:141][  0]LogConfig: Setting CVar [[r.DOF.Gather.PostfilterMethod:1          ; Median3x3 postfilering method]]
[2025.12.16-21.53.29:141][  0]LogConfig: Setting CVar [[r.DOF.Gather.EnableBokehSettings:0       ; no bokeh simulation when gathering]]
[2025.12.16-21.53.29:141][  0]LogConfig: Setting CVar [[r.DOF.Gather.RingCount:4                 ; medium number of samples when gathering]]
[2025.12.16-21.53.29:141][  0]LogConfig: Setting CVar [[r.DOF.Scatter.ForegroundCompositing:1    ; additive foreground scattering]]
[2025.12.16-21.53.29:141][  0]LogConfig: Setting CVar [[r.DOF.Scatter.BackgroundCompositing:2    ; additive background scattering]]
[2025.12.16-21.53.29:141][  0]LogConfig: Setting CVar [[r.DOF.Scatter.EnableBokehSettings:1      ; bokeh simulation when scattering]]
[2025.12.16-21.53.29:141][  0]LogConfig: Setting CVar [[r.DOF.Scatter.MaxSpriteRatio:0.1         ; only a maximum of 10% of scattered bokeh]]
[2025.12.16-21.53.29:141][  0]LogConfig: Setting CVar [[r.DOF.Recombine.Quality:1                ; cheap slight out of focus]]
[2025.12.16-21.53.29:141][  0]LogConfig: Setting CVar [[r.DOF.Recombine.EnableBokehSettings:0    ; no bokeh simulation on slight out of focus]]
[2025.12.16-21.53.29:141][  0]LogConfig: Setting CVar [[r.DOF.TemporalAAQuality:1                ; more stable temporal accumulation]]
[2025.12.16-21.53.29:141][  0]LogConfig: Setting CVar [[r.DOF.Kernel.MaxForegroundRadius:0.025]]
[2025.12.16-21.53.29:141][  0]LogConfig: Setting CVar [[r.DOF.Kernel.MaxBackgroundRadius:0.025]]
[2025.12.16-21.53.29:141][  0]LogConfig: Applying CVar settings from Section [TextureQuality@3] File [C:/Rzeczy/gry/1 rok/TopDownShooterAD25/03_MarsMarine 4.27/Saved/Config/Windows/Scalability.ini]
[2025.12.16-21.53.29:141][  0]LogConfig: Setting CVar [[r.Streaming.MipBias:0]]
[2025.12.16-21.53.29:141][  0]LogConfig: Setting CVar [[r.Streaming.AmortizeCPUToGPUCopy:0]]
[2025.12.16-21.53.29:141][  0]LogConfig: Setting CVar [[r.Streaming.MaxNumTexturesToStreamPerFrame:0]]
[2025.12.16-21.53.29:141][  0]LogConfig: Setting CVar [[r.Streaming.Boost:1]]
[2025.12.16-21.53.29:142][  0]LogConfig: Setting CVar [[r.MaxAnisotropy:8]]
[2025.12.16-21.53.29:142][  0]LogConfig: Setting CVar [[r.VT.MaxAnisotropy:8]]
[2025.12.16-21.53.29:142][  0]LogConfig: Setting CVar [[r.Streaming.LimitPoolSizeToVRAM:0]]
[2025.12.16-21.53.29:142][  0]LogConfig: Setting CVar [[r.Streaming.PoolSize:1000]]
[2025.12.16-21.53.29:142][  0]LogConfig: Setting CVar [[r.Streaming.MaxEffectiveScreenSize:0]]
[2025.12.16-21.53.29:142][  0]LogConfig: Applying CVar settings from Section [EffectsQuality@3] File [C:/Rzeczy/gry/1 rok/TopDownShooterAD25/03_MarsMarine 4.27/Saved/Config/Windows/Scalability.ini]
[2025.12.16-21.53.29:142][  0]LogConfig: Setting CVar [[r.TranslucencyLightingVolumeDim:64]]
[2025.12.16-21.53.29:142][  0]LogConfig: Setting CVar [[r.RefractionQuality:2]]
[2025.12.16-21.53.29:142][  0]LogConfig: Setting CVar [[r.SSR.Quality:3]]
[2025.12.16-21.53.29:142][  0]LogConfig: Setting CVar [[r.SSR.HalfResSceneColor:0]]
[2025.12.16-21.53.29:142][  0]LogConfig: Setting CVar [[r.SceneColorFormat:4]]
[2025.12.16-21.53.29:142][  0]LogConfig: Setting CVar [[r.DetailMode:2]]
[2025.12.16-21.53.29:142][  0]LogConfig: Setting CVar [[r.TranslucencyVolumeBlur:1]]
[2025.12.16-21.53.29:142][  0]LogConfig: Setting CVar [[r.MaterialQualityLevel:1 ; High quality]]
[2025.12.16-21.53.29:142][  0]LogConfig: Setting CVar [[r.AnisotropicMaterials:1]]
[2025.12.16-21.53.29:142][  0]LogConfig: Setting CVar [[r.SSS.Scale:1]]
[2025.12.16-21.53.29:142][  0]LogConfig: Setting CVar [[r.SSS.SampleSet:2]]
[2025.12.16-21.53.29:142][  0]LogConfig: Setting CVar [[r.SSS.Quality:1]]
[2025.12.16-21.53.29:142][  0]LogConfig: Setting CVar [[r.SSS.HalfRes:0]]
[2025.12.16-21.53.29:142][  0]LogConfig: Setting CVar [[r.SSGI.Quality:3]]
[2025.12.16-21.53.29:142][  0]LogConfig: Setting CVar [[r.EmitterSpawnRateScale:1.0]]
[2025.12.16-21.53.29:142][  0]LogConfig: Setting CVar [[r.ParticleLightQuality:2]]
[2025.12.16-21.53.29:142][  0]LogConfig: Setting CVar [[r.SkyAtmosphere.AerialPerspectiveLUT.FastApplyOnOpaque:1 ; Always have FastSkyLUT 1 in this case to avoid wrong sky]]
[2025.12.16-21.53.29:142][  0]LogConfig: Setting CVar [[r.SkyAtmosphere.AerialPerspectiveLUT.SampleCountMaxPerSlice:4]]
[2025.12.16-21.53.29:142][  0]LogConfig: Setting CVar [[r.SkyAtmosphere.AerialPerspectiveLUT.DepthResolution:16.0]]
[2025.12.16-21.53.29:142][  0]LogConfig: Setting CVar [[r.SkyAtmosphere.FastSkyLUT:1]]
[2025.12.16-21.53.29:142][  0]LogConfig: Setting CVar [[r.SkyAtmosphere.FastSkyLUT.SampleCountMin:4.0]]
[2025.12.16-21.53.29:142][  0]LogConfig: Setting CVar [[r.SkyAtmosphere.FastSkyLUT.SampleCountMax:128.0]]
[2025.12.16-21.53.29:142][  0]LogConfig: Setting CVar [[r.SkyAtmosphere.SampleCountMin:4.0]]
[2025.12.16-21.53.29:142][  0]LogConfig: Setting CVar [[r.SkyAtmosphere.SampleCountMax:128.0]]
[2025.12.16-21.53.29:142][  0]LogConfig: Setting CVar [[r.SkyAtmosphere.TransmittanceLUT.UseSmallFormat:0]]
[2025.12.16-21.53.29:142][  0]LogConfig: Setting CVar [[r.SkyAtmosphere.TransmittanceLUT.SampleCount:10.0]]
[2025.12.16-21.53.29:142][  0]LogConfig: Setting CVar [[r.SkyAtmosphere.MultiScatteringLUT.SampleCount:15.0]]
[2025.12.16-21.53.29:142][  0]LogConfig: Setting CVar [[r.SkyLight.RealTimeReflectionCapture:1]]
[2025.12.16-21.53.29:142][  0]LogConfig: Applying CVar settings from Section [FoliageQuality@3] File [C:/Rzeczy/gry/1 rok/TopDownShooterAD25/03_MarsMarine 4.27/Saved/Config/Windows/Scalability.ini]
[2025.12.16-21.53.29:142][  0]LogConfig: Setting CVar [[foliage.DensityScale:1.0]]
[2025.12.16-21.53.29:142][  0]LogConfig: Setting CVar [[grass.DensityScale:1.0]]
[2025.12.16-21.53.29:142][  0]LogConfig: Applying CVar settings from Section [ShadingQuality@3] File [C:/Rzeczy/gry/1 rok/TopDownShooterAD25/03_MarsMarine 4.27/Saved/Config/Windows/Scalability.ini]
[2025.12.16-21.53.29:142][  0]LogConfig: Setting CVar [[r.HairStrands.SkyLighting.IntegrationType:2]]
[2025.12.16-21.53.29:142][  0]LogConfig: Setting CVar [[r.HairStrands.SkyAO.SampleCount:4]]
[2025.12.16-21.53.29:142][  0]LogConfig: Setting CVar [[r.HairStrands.Visibility.MSAA.SamplePerPixel:4]]
[2025.12.16-21.53.29:142][  0]LogInit: Selected Device Profile: [Windows]
[2025.12.16-21.53.29:142][  0]LogInit: Applying CVar settings loaded from the selected device profile: [Windows]
[2025.12.16-21.53.29:142][  0]LogHAL: Display: Platform has ~ 16 GB [16849256448 / 17179869184 / 16], which maps to Larger [LargestMinGB=32, LargerMinGB=12, DefaultMinGB=8, SmallerMinGB=6, SmallestMinGB=0)
[2025.12.16-21.53.29:142][  0]LogInit: Going up to parent DeviceProfile []
[2025.12.16-21.53.29:142][  0]LogConfig: Applying CVar settings from Section [ViewDistanceQuality@3] File [C:/Rzeczy/gry/1 rok/TopDownShooterAD25/03_MarsMarine 4.27/Saved/Config/Windows/Scalability.ini]
[2025.12.16-21.53.29:142][  0]LogConfig: Setting CVar [[r.SkeletalMeshLODBias:0]]
[2025.12.16-21.53.29:142][  0]LogConfig: Setting CVar [[r.ViewDistanceScale:1.0]]
[2025.12.16-21.53.29:142][  0]LogConfig: Applying CVar settings from Section [AntiAliasingQuality@3] File [C:/Rzeczy/gry/1 rok/TopDownShooterAD25/03_MarsMarine 4.27/Saved/Config/Windows/Scalability.ini]
[2025.12.16-21.53.29:142][  0]LogConfig: Setting CVar [[r.PostProcessAAQuality:4]]
[2025.12.16-21.53.29:142][  0]LogConfig: Applying CVar settings from Section [ShadowQuality@3] File [C:/Rzeczy/gry/1 rok/TopDownShooterAD25/03_MarsMarine 4.27/Saved/Config/Windows/Scalability.ini]
[2025.12.16-21.53.29:142][  0]LogConfig: Setting CVar [[r.LightFunctionQuality:1]]
[2025.12.16-21.53.29:142][  0]LogConfig: Setting CVar [[r.ShadowQuality:5]]
[2025.12.16-21.53.29:142][  0]LogConfig: Setting CVar [[r.Shadow.CSM.MaxCascades:10]]
[2025.12.16-21.53.29:142][  0]LogConfig: Setting CVar [[r.Shadow.MaxResolution:2048]]
[2025.12.16-21.53.29:142][  0]LogConfig: Setting CVar [[r.Shadow.MaxCSMResolution:2048]]
[2025.12.16-21.53.29:142][  0]LogConfig: Setting CVar [[r.Shadow.RadiusThreshold:0.01]]
[2025.12.16-21.53.29:142][  0]LogConfig: Setting CVar [[r.Shadow.DistanceScale:1.0]]
[2025.12.16-21.53.29:142][  0]LogConfig: Setting CVar [[r.Shadow.CSM.TransitionScale:1.0]]
[2025.12.16-21.53.29:142][  0]LogConfig: Setting CVar [[r.Shadow.PreShadowResolutionFactor:1.0]]
[2025.12.16-21.53.29:142][  0]LogConfig: Setting CVar [[r.DistanceFieldShadowing:1]]
[2025.12.16-21.53.29:143][  0]LogConfig: Setting CVar [[r.DistanceFieldAO:1]]
[2025.12.16-21.53.29:143][  0]LogConfig: Setting CVar [[r.AOQuality:2]]
[2025.12.16-21.53.29:143][  0]LogConfig: Setting CVar [[r.VolumetricFog:1]]
[2025.12.16-21.53.29:143][  0]LogConfig: Setting CVar [[r.VolumetricFog.GridPixelSize:8]]
[2025.12.16-21.53.29:143][  0]LogConfig: Setting CVar [[r.VolumetricFog.GridSizeZ:128]]
[2025.12.16-21.53.29:143][  0]LogConfig: Setting CVar [[r.VolumetricFog.HistoryMissSupersampleCount:4]]
[2025.12.16-21.53.29:143][  0]LogConfig: Setting CVar [[r.LightMaxDrawDistanceScale:1]]
[2025.12.16-21.53.29:143][  0]LogConfig: Setting CVar [[r.CapsuleShadows:1]]
[2025.12.16-21.53.29:143][  0]LogConfig: Applying CVar settings from Section [PostProcessQuality@3] File [C:/Rzeczy/gry/1 rok/TopDownShooterAD25/03_MarsMarine 4.27/Saved/Config/Windows/Scalability.ini]
[2025.12.16-21.53.29:143][  0]LogConfig: Setting CVar [[r.MotionBlurQuality:4]]
[2025.12.16-21.53.29:143][  0]LogConfig: Setting CVar [[r.AmbientOcclusionMipLevelFactor:0.4]]
[2025.12.16-21.53.29:143][  0]LogConfig: Setting CVar [[r.AmbientOcclusionMaxQuality:100]]
[2025.12.16-21.53.29:143][  0]LogConfig: Setting CVar [[r.AmbientOcclusionLevels:-1]]
[2025.12.16-21.53.29:143][  0]LogConfig: Setting CVar [[r.AmbientOcclusionRadiusScale:1.0]]
[2025.12.16-21.53.29:143][  0]LogConfig: Setting CVar [[r.DepthOfFieldQuality:2]]
[2025.12.16-21.53.29:143][  0]LogConfig: Setting CVar [[r.RenderTargetPoolMin:400]]
[2025.12.16-21.53.29:143][  0]LogConfig: Setting CVar [[r.LensFlareQuality:2]]
[2025.12.16-21.53.29:143][  0]LogConfig: Setting CVar [[r.SceneColorFringeQuality:1]]
[2025.12.16-21.53.29:143][  0]LogConfig: Setting CVar [[r.EyeAdaptationQuality:2]]
[2025.12.16-21.53.29:143][  0]LogConfig: Setting CVar [[r.BloomQuality:5]]
[2025.12.16-21.53.29:143][  0]LogConfig: Setting CVar [[r.FastBlurThreshold:100]]
[2025.12.16-21.53.29:143][  0]LogConfig: Setting CVar [[r.Upscale.Quality:3]]
[2025.12.16-21.53.29:143][  0]LogConfig: Setting CVar [[r.Tonemapper.GrainQuantization:1]]
[2025.12.16-21.53.29:143][  0]LogConfig: Setting CVar [[r.LightShaftQuality:1]]
[2025.12.16-21.53.29:143][  0]LogConfig: Setting CVar [[r.Filter.SizeScale:1]]
[2025.12.16-21.53.29:143][  0]LogConfig: Setting CVar [[r.Tonemapper.Quality:5]]
[2025.12.16-21.53.29:143][  0]LogConfig: Setting CVar [[r.DOF.Gather.AccumulatorQuality:1        ; higher gathering accumulator quality]]
[2025.12.16-21.53.29:143][  0]LogConfig: Setting CVar [[r.DOF.Gather.PostfilterMethod:1          ; Median3x3 postfilering method]]
[2025.12.16-21.53.29:143][  0]LogConfig: Setting CVar [[r.DOF.Gather.EnableBokehSettings:0       ; no bokeh simulation when gathering]]
[2025.12.16-21.53.29:143][  0]LogConfig: Setting CVar [[r.DOF.Gather.RingCount:4                 ; medium number of samples when gathering]]
[2025.12.16-21.53.29:143][  0]LogConfig: Setting CVar [[r.DOF.Scatter.ForegroundCompositing:1    ; additive foreground scattering]]
[2025.12.16-21.53.29:143][  0]LogConfig: Setting CVar [[r.DOF.Scatter.BackgroundCompositing:2    ; additive background scattering]]
[2025.12.16-21.53.29:143][  0]LogConfig: Setting CVar [[r.DOF.Scatter.EnableBokehSettings:1      ; bokeh simulation when scattering]]
[2025.12.16-21.53.29:143][  0]LogConfig: Setting CVar [[r.DOF.Scatter.MaxSpriteRatio:0.1         ; only a maximum of 10% of scattered bokeh]]
[2025.12.16-21.53.29:143][  0]LogConfig: Setting CVar [[r.DOF.Recombine.Quality:1                ; cheap slight out of focus]]
[2025.12.16-21.53.29:143][  0]LogConfig: Setting CVar [[r.DOF.Recombine.EnableBokehSettings:0    ; no bokeh simulation on slight out of focus]]
[2025.12.16-21.53.29:143][  0]LogConfig: Setting CVar [[r.DOF.TemporalAAQuality:1                ; more stable temporal accumulation]]
[2025.12.16-21.53.29:143][  0]LogConfig: Setting CVar [[r.DOF.Kernel.MaxForegroundRadius:0.025]]
[2025.12.16-21.53.29:143][  0]LogConfig: Setting CVar [[r.DOF.Kernel.MaxBackgroundRadius:0.025]]
[2025.12.16-21.53.29:143][  0]LogConfig: Applying CVar settings from Section [TextureQuality@3] File [C:/Rzeczy/gry/1 rok/TopDownShooterAD25/03_MarsMarine 4.27/Saved/Config/Windows/Scalability.ini]
[2025.12.16-21.53.29:143][  0]LogConfig: Setting CVar [[r.Streaming.MipBias:0]]
[2025.12.16-21.53.29:143][  0]LogConfig: Setting CVar [[r.Streaming.AmortizeCPUToGPUCopy:0]]
[2025.12.16-21.53.29:143][  0]LogConfig: Setting CVar [[r.Streaming.MaxNumTexturesToStreamPerFrame:0]]
[2025.12.16-21.53.29:143][  0]LogConfig: Setting CVar [[r.Streaming.Boost:1]]
[2025.12.16-21.53.29:143][  0]LogConfig: Setting CVar [[r.MaxAnisotropy:8]]
[2025.12.16-21.53.29:143][  0]LogConfig: Setting CVar [[r.VT.MaxAnisotropy:8]]
[2025.12.16-21.53.29:143][  0]LogConfig: Setting CVar [[r.Streaming.LimitPoolSizeToVRAM:0]]
[2025.12.16-21.53.29:143][  0]LogConfig: Setting CVar [[r.Streaming.PoolSize:1000]]
[2025.12.16-21.53.29:143][  0]LogConfig: Setting CVar [[r.Streaming.MaxEffectiveScreenSize:0]]
[2025.12.16-21.53.29:143][  0]LogConfig: Applying CVar settings from Section [EffectsQuality@3] File [C:/Rzeczy/gry/1 rok/TopDownShooterAD25/03_MarsMarine 4.27/Saved/Config/Windows/Scalability.ini]
[2025.12.16-21.53.29:143][  0]LogConfig: Setting CVar [[r.TranslucencyLightingVolumeDim:64]]
[2025.12.16-21.53.29:143][  0]LogConfig: Setting CVar [[r.RefractionQuality:2]]
[2025.12.16-21.53.29:143][  0]LogConfig: Setting CVar [[r.SSR.Quality:3]]
[2025.12.16-21.53.29:143][  0]LogConfig: Setting CVar [[r.SSR.HalfResSceneColor:0]]
[2025.12.16-21.53.29:143][  0]LogConfig: Setting CVar [[r.SceneColorFormat:4]]
[2025.12.16-21.53.29:143][  0]LogConfig: Setting CVar [[r.DetailMode:2]]
[2025.12.16-21.53.29:143][  0]LogConfig: Setting CVar [[r.TranslucencyVolumeBlur:1]]
[2025.12.16-21.53.29:143][  0]LogConfig: Setting CVar [[r.MaterialQualityLevel:1 ; High quality]]
[2025.12.16-21.53.29:143][  0]LogConfig: Setting CVar [[r.AnisotropicMaterials:1]]
[2025.12.16-21.53.29:143][  0]LogConfig: Setting CVar [[r.SSS.Scale:1]]
[2025.12.16-21.53.29:143][  0]LogConfig: Setting CVar [[r.SSS.SampleSet:2]]
[2025.12.16-21.53.29:143][  0]LogConfig: Setting CVar [[r.SSS.Quality:1]]
[2025.12.16-21.53.29:143][  0]LogConfig: Setting CVar [[r.SSS.HalfRes:0]]
[2025.12.16-21.53.29:143][  0]LogConfig: Setting CVar [[r.SSGI.Quality:3]]
[2025.12.16-21.53.29:143][  0]LogConfig: Setting CVar [[r.EmitterSpawnRateScale:1.0]]
[2025.12.16-21.53.29:143][  0]LogConfig: Setting CVar [[r.ParticleLightQuality:2]]
[2025.12.16-21.53.29:143][  0]LogConfig: Setting CVar [[r.SkyAtmosphere.AerialPerspectiveLUT.FastApplyOnOpaque:1 ; Always have FastSkyLUT 1 in this case to avoid wrong sky]]
[2025.12.16-21.53.29:144][  0]LogConfig: Setting CVar [[r.SkyAtmosphere.AerialPerspectiveLUT.SampleCountMaxPerSlice:4]]
[2025.12.16-21.53.29:144][  0]LogConfig: Setting CVar [[r.SkyAtmosphere.AerialPerspectiveLUT.DepthResolution:16.0]]
[2025.12.16-21.53.29:144][  0]LogConfig: Setting CVar [[r.SkyAtmosphere.FastSkyLUT:1]]
[2025.12.16-21.53.29:144][  0]LogConfig: Setting CVar [[r.SkyAtmosphere.FastSkyLUT.SampleCountMin:4.0]]
[2025.12.16-21.53.29:144][  0]LogConfig: Setting CVar [[r.SkyAtmosphere.FastSkyLUT.SampleCountMax:128.0]]
[2025.12.16-21.53.29:144][  0]LogConfig: Setting CVar [[r.SkyAtmosphere.SampleCountMin:4.0]]
[2025.12.16-21.53.29:144][  0]LogConfig: Setting CVar [[r.SkyAtmosphere.SampleCountMax:128.0]]
[2025.12.16-21.53.29:144][  0]LogConfig: Setting CVar [[r.SkyAtmosphere.TransmittanceLUT.UseSmallFormat:0]]
[2025.12.16-21.53.29:144][  0]LogConfig: Setting CVar [[r.SkyAtmosphere.TransmittanceLUT.SampleCount:10.0]]
[2025.12.16-21.53.29:144][  0]LogConfig: Setting CVar [[r.SkyAtmosphere.MultiScatteringLUT.SampleCount:15.0]]
[2025.12.16-21.53.29:144][  0]LogConfig: Setting CVar [[r.SkyLight.RealTimeReflectionCapture:1]]
[2025.12.16-21.53.29:144][  0]LogConfig: Applying CVar settings from Section [FoliageQuality@3] File [C:/Rzeczy/gry/1 rok/TopDownShooterAD25/03_MarsMarine 4.27/Saved/Config/Windows/Scalability.ini]
[2025.12.16-21.53.29:144][  0]LogConfig: Setting CVar [[foliage.DensityScale:1.0]]
[2025.12.16-21.53.29:144][  0]LogConfig: Setting CVar [[grass.DensityScale:1.0]]
[2025.12.16-21.53.29:144][  0]LogConfig: Applying CVar settings from Section [ShadingQuality@3] File [C:/Rzeczy/gry/1 rok/TopDownShooterAD25/03_MarsMarine 4.27/Saved/Config/Windows/Scalability.ini]
[2025.12.16-21.53.29:144][  0]LogConfig: Setting CVar [[r.HairStrands.SkyLighting.IntegrationType:2]]
[2025.12.16-21.53.29:144][  0]LogConfig: Setting CVar [[r.HairStrands.SkyAO.SampleCount:4]]
[2025.12.16-21.53.29:144][  0]LogConfig: Setting CVar [[r.HairStrands.Visibility.MSAA.SamplePerPixel:4]]
[2025.12.16-21.53.29:144][  0]LogConfig: Applying CVar settings from Section [Startup] File [../../../Engine/Config/ConsoleVariables.ini]
[2025.12.16-21.53.29:144][  0]LogConfig: Setting CVar [[net.UseAdaptiveNetUpdateFrequency:0]]
[2025.12.16-21.53.29:144][  0]LogConfig: Setting CVar [[p.chaos.AllowCreatePhysxBodies:1]]
[2025.12.16-21.53.29:144][  0]LogConfig: Setting CVar [[fx.SkipVectorVMBackendOptimizations:1]]
[2025.12.16-21.53.29:144][  0]LogConfig: Applying CVar settings from Section [ConsoleVariables] File [C:/Rzeczy/gry/1 rok/TopDownShooterAD25/03_MarsMarine 4.27/Saved/Config/Windows/Engine.ini]
[2025.12.16-21.53.29:144][  0]LogConfig: Applying CVar settings from Section [ConsoleVariables] File [C:/Rzeczy/gry/1 rok/TopDownShooterAD25/03_MarsMarine 4.27/Saved/Config/Windows/Editor.ini]
[2025.12.16-21.53.29:144][  0]LogInit: Computer: DESKTOP-QAAO9HT
[2025.12.16-21.53.29:144][  0]LogInit: User: DELL
[2025.12.16-21.53.29:145][  0]LogInit: CPU Page size=4096, Cores=10
[2025.12.16-21.53.29:145][  0]LogInit: High frequency timer resolution =10.000000 MHz
[2025.12.16-21.53.29:145][  0]LogMemory: Memory total: Physical=15.7GB (16GB approx)
[2025.12.16-21.53.29:145][  0]LogMemory: Platform Memory Stats for Windows
[2025.12.16-21.53.29:145][  0]LogMemory: Process Physical Memory: 143.87 MB used, 143.87 MB peak
[2025.12.16-21.53.29:145][  0]LogMemory: Process Virtual Memory: 130.03 MB used, 130.03 MB peak
[2025.12.16-21.53.29:145][  0]LogMemory: Physical Memory: 10737.26 MB used,  5331.44 MB free, 16068.70 MB total
[2025.12.16-21.53.29:145][  0]LogMemory: Virtual Memory: 134212360.00 MB used,  5365.02 MB free, 134217728.00 MB total
[2025.12.16-21.53.29:155][  0]LogWindows: WindowsPlatformFeatures enabled
[2025.12.16-21.53.29:190][  0]LogInit: Physics initialised using underlying interface: PhysX
[2025.12.16-21.53.29:191][  0]LogInit: Using OS detected language (pl-PL).
[2025.12.16-21.53.29:191][  0]LogInit: Using OS detected locale (pl-PL).
[2025.12.16-21.53.29:197][  0]LogTextLocalizationManager: No specific localization for 'pl-PL' exists, so the 'pl' localization will be used.
[2025.12.16-21.53.29:199][  0]LogTextLocalizationResource: LocRes '../../../Engine/Content/Localization/Editor/pl/Editor.locres' could not be opened for reading!
[2025.12.16-21.53.29:199][  0]LogTextLocalizationResource: LocRes '../../../Engine/Content/Localization/EditorTutorials/pl/EditorTutorials.locres' could not be opened for reading!
[2025.12.16-21.53.29:199][  0]LogTextLocalizationResource: LocRes '../../../Engine/Content/Localization/Keywords/pl/Keywords.locres' could not be opened for reading!
[2025.12.16-21.53.29:199][  0]LogTextLocalizationResource: LocRes '../../../Engine/Content/Localization/Category/pl/Category.locres' could not be opened for reading!
[2025.12.16-21.53.29:199][  0]LogTextLocalizationResource: LocRes '../../../Engine/Content/Localization/ToolTips/pl/ToolTips.locres' could not be opened for reading!
[2025.12.16-21.53.29:199][  0]LogTextLocalizationResource: LocRes '../../../Engine/Content/Localization/PropertyNames/pl/PropertyNames.locres' could not be opened for reading!
[2025.12.16-21.53.29:199][  0]LogTextLocalizationResource: LocRes '../../../Engine/Content/Localization/Engine/pl/Engine.locres' could not be opened for reading!
[2025.12.16-21.53.29:201][  0]LogInit: Setting process to per monitor DPI aware
[2025.12.16-21.53.29:298][  0]LogWindowsTextInputMethodSystem: Display: IME system deactivated.
[2025.12.16-21.53.29:327][  0]LogSlate: New Slate User Created.  User Index 0, Is Virtual User: 0
[2025.12.16-21.53.29:327][  0]LogSlate: Slate User Registered.  User Index 0, Is Virtual User: 0
[2025.12.16-21.53.29:496][  0]LogD3D11RHI: Loaded GFSDK_Aftermath_Lib.x64.dll
[2025.12.16-21.53.29:504][  0]LogHMD: Failed to initialize OpenVR with code 110
[2025.12.16-21.53.29:504][  0]LogD3D11RHI: D3D11 min allowed feature level: 11_0
[2025.12.16-21.53.29:504][  0]LogD3D11RHI: D3D11 max allowed feature level: 11_0
[2025.12.16-21.53.29:504][  0]LogD3D11RHI: D3D11 adapters:
[2025.12.16-21.53.29:666][  0]LogD3D11RHI:    0. 'Intel(R) Iris(R) Xe Graphics' (Feature Level 11_0)
[2025.12.16-21.53.29:666][  0]LogD3D11RHI:       128/0/8034 MB DedicatedVideo/DedicatedSystem/SharedSystem, Outputs:1, VendorId:0x8086
[2025.12.16-21.53.29:670][  0]LogD3D11RHI:    1. 'Microsoft Basic Render Driver' (Feature Level 11_0)
[2025.12.16-21.53.29:670][  0]LogD3D11RHI:       0/0/8034 MB DedicatedVideo/DedicatedSystem/SharedSystem, Outputs:0, VendorId:0x1414
[2025.12.16-21.53.29:670][  0]LogD3D11RHI: Chosen D3D11 Adapter:
[2025.12.16-21.53.29:670][  0]LogD3D11RHI:     Description : Intel(R) Iris(R) Xe Graphics
[2025.12.16-21.53.29:670][  0]LogD3D11RHI:     VendorId    : 8086
[2025.12.16-21.53.29:670][  0]LogD3D11RHI:     DeviceId    : 46a8
[2025.12.16-21.53.29:670][  0]LogD3D11RHI:     SubSysId    : b031028
[2025.12.16-21.53.29:670][  0]LogD3D11RHI:     Revision    : 000c
[2025.12.16-21.53.29:670][  0]LogD3D11RHI:     DedicatedVideoMemory : 134217728 bytes
[2025.12.16-21.53.29:670][  0]LogD3D11RHI:     DedicatedSystemMemory : 0 bytes
[2025.12.16-21.53.29:670][  0]LogD3D11RHI:     SharedSystemMemory : 8424628224 bytes
[2025.12.16-21.53.29:670][  0]LogD3D11RHI:     AdapterLuid : 0 88711
[2025.12.16-21.53.29:681][  0]LogD3D11RHI: Creating new Direct3DDevice
[2025.12.16-21.53.29:681][  0]LogD3D11RHI:     GPU DeviceId: 0x46a8 (for the marketing name, search the web for "GPU Device Id")
[2025.12.16-21.53.29:681][  0]LogWindows: EnumDisplayDevices:
[2025.12.16-21.53.29:681][  0]LogWindows:    0. 'Intel(R) Iris(R) Xe Graphics' (P:1 D:1)
[2025.12.16-21.53.29:682][  0]LogWindows:    1. 'Intel(R) Iris(R) Xe Graphics' (P:0 D:0)
[2025.12.16-21.53.29:682][  0]LogWindows:    2. 'Intel(R) Iris(R) Xe Graphics' (P:0 D:0)
[2025.12.16-21.53.29:682][  0]LogWindows:    3. 'Intel(R) Iris(R) Xe Graphics' (P:0 D:0)
[2025.12.16-21.53.29:682][  0]LogWindows: DebugString: FoundDriverCount:4 
[2025.12.16-21.53.29:682][  0]LogD3D11RHI:     Adapter Name: Intel(R) Iris(R) Xe Graphics
[2025.12.16-21.53.29:682][  0]LogD3D11RHI:   Driver Version: 32.0.101.7077 (internal:32.0.101.7077, unified:32.0.101.7077)
[2025.12.16-21.53.29:682][  0]LogD3D11RHI:      Driver Date: 9-16-2025
[2025.12.16-21.53.29:682][  0]LogRHI: Texture pool is 1523 MB (70% of 2176 MB)
[2025.12.16-21.53.29:691][  0]LogD3D11RHI: Creating D3DDevice using adapter:
[2025.12.16-21.53.29:691][  0]LogD3D11RHI:     Description : Intel(R) Iris(R) Xe Graphics
[2025.12.16-21.53.29:691][  0]LogD3D11RHI:     VendorId    : 8086
[2025.12.16-21.53.29:691][  0]LogD3D11RHI:     DeviceId    : 46a8
[2025.12.16-21.53.29:691][  0]LogD3D11RHI:     SubSysId    : b031028
[2025.12.16-21.53.29:691][  0]LogD3D11RHI:     Revision    : 000c
[2025.12.16-21.53.29:691][  0]LogD3D11RHI:     DedicatedVideoMemory : 134217728 bytes
[2025.12.16-21.53.29:691][  0]LogD3D11RHI:     DedicatedSystemMemory : 0 bytes
[2025.12.16-21.53.29:691][  0]LogD3D11RHI:     SharedSystemMemory : 8424628224 bytes
[2025.12.16-21.53.29:691][  0]LogD3D11RHI:     AdapterLuid : 0 88711
[2025.12.16-21.53.29:809][  0]LogD3D11RHI: RHI does not have support for 64 bit atomics
[2025.12.16-21.53.29:843][  0]LogD3D11RHI: Intel Extensions support version Full=16777216, Major=1, Minor=0, Revision=0
[2025.12.16-21.53.29:843][  0]LogD3D11RHI: Intel Extensions support version Full=16777217, Major=1, Minor=0, Revision=1
[2025.12.16-21.53.29:844][  0]LogD3D11RHI: Intel Extensions Framework enabled
[2025.12.16-21.53.29:845][  0]LogD3D11RHI: [IntelMetricsDiscovery] Started
[2025.12.16-21.53.29:845][  0]LogD3D11RHI: Async texture creation enabled
[2025.12.16-21.53.29:845][  0]LogD3D11RHI: Array index from any shader is supported
[2025.12.16-21.53.29:867][  0]LogD3D11RHI: GPU Timing Frequency: 19.200000 (Debug: 2 0)
[2025.12.16-21.53.30:365][  0]LogTargetPlatformManager: Display: Loaded TargetPlatform 'AllDesktop'
[2025.12.16-21.53.30:400][  0]LogTargetPlatformManager: Display: Loaded TargetPlatform 'Android'
[2025.12.16-21.53.30:400][  0]LogTargetPlatformManager: Display: Loaded TargetPlatform 'Android_ASTC'
[2025.12.16-21.53.30:400][  0]LogTargetPlatformManager: Display: Loaded TargetPlatform 'Android_DXT'
[2025.12.16-21.53.30:400][  0]LogTargetPlatformManager: Display: Loaded TargetPlatform 'Android_ETC2'
[2025.12.16-21.53.30:400][  0]LogTargetPlatformManager: Display: Loaded TargetPlatform 'AndroidClient'
[2025.12.16-21.53.30:400][  0]LogTargetPlatformManager: Display: Loaded TargetPlatform 'Android_ASTCClient'
[2025.12.16-21.53.30:400][  0]LogTargetPlatformManager: Display: Loaded TargetPlatform 'Android_DXTClient'
[2025.12.16-21.53.30:400][  0]LogTargetPlatformManager: Display: Loaded TargetPlatform 'Android_ETC2Client'
[2025.12.16-21.53.30:400][  0]LogTargetPlatformManager: Display: Loaded TargetPlatform 'Android_Multi'
[2025.12.16-21.53.30:400][  0]LogTargetPlatformManager: Display: Loaded TargetPlatform 'Android_MultiClient'
[2025.12.16-21.53.30:430][  0]LogTargetPlatformManager: Display: Loaded TargetPlatform 'IOSClient'
[2025.12.16-21.53.30:430][  0]LogTargetPlatformManager: Display: Loaded TargetPlatform 'IOS'
[2025.12.16-21.53.30:444][  0]LogTargetPlatformManager: Display: Loaded TargetPlatform 'Linux'
[2025.12.16-21.53.30:451][  0]LogTargetPlatformManager: Display: Loaded TargetPlatform 'LinuxNoEditor'
[2025.12.16-21.53.30:458][  0]LogTargetPlatformManager: Display: Loaded TargetPlatform 'LinuxClient'
[2025.12.16-21.53.30:464][  0]LogTargetPlatformManager: Display: Loaded TargetPlatform 'LinuxServer'
[2025.12.16-21.53.30:478][  0]LogTargetPlatformManager: Display: Loaded TargetPlatform 'LinuxAArch64NoEditor'
[2025.12.16-21.53.30:486][  0]LogTargetPlatformManager: Display: Loaded TargetPlatform 'LinuxAArch64Client'
[2025.12.16-21.53.30:493][  0]LogTargetPlatformManager: Display: Loaded TargetPlatform 'LinuxAArch64Server'
[2025.12.16-21.53.30:527][  0]LogTargetPlatformManager: Display: Loaded TargetPlatform 'Lumin'
[2025.12.16-21.53.30:527][  0]LogTargetPlatformManager: Display: Loaded TargetPlatform 'LuminClient'
[2025.12.16-21.53.30:539][  0]LogTargetPlatformManager: Display: Loaded TargetPlatform 'MacNoEditor'
[2025.12.16-21.53.30:547][  0]LogTargetPlatformManager: Display: Loaded TargetPlatform 'Mac'
[2025.12.16-21.53.30:554][  0]LogTargetPlatformManager: Display: Loaded TargetPlatform 'MacClient'
[2025.12.16-21.53.30:561][  0]LogTargetPlatformManager: Display: Loaded TargetPlatform 'MacServer'
[2025.12.16-21.53.30:579][  0]LogTargetPlatformManager: Display: Loaded TargetPlatform 'TVOSClient'
[2025.12.16-21.53.30:579][  0]LogTargetPlatformManager: Display: Loaded TargetPlatform 'TVOS'
[2025.12.16-21.53.30:592][  0]LogTargetPlatformManager: Display: Loaded TargetPlatform 'WindowsNoEditor'
[2025.12.16-21.53.30:599][  0]LogTargetPlatformManager: Display: Loaded TargetPlatform 'Windows'
[2025.12.16-21.53.30:606][  0]LogTargetPlatformManager: Display: Loaded TargetPlatform 'WindowsClient'
[2025.12.16-21.53.30:612][  0]LogTargetPlatformManager: Display: Loaded TargetPlatform 'WindowsServer'
[2025.12.16-21.53.30:612][  0]LogTargetPlatformManager: Display: Building Assets For Windows
[2025.12.16-21.53.30:624][  0]LogAudioDebug: Display: Lib vorbis DLL was dynamically loaded.
[2025.12.16-21.53.30:673][  0]LogTextureFormatOodle: Display: Oodle Texture 2.9.0 init RDO Off
[2025.12.16-21.53.30:721][  0]LogRendererCore: Ray tracing is disabled. Reason: r.RayTracing=0.
[2025.12.16-21.53.30:721][  0]LogShaderCompilers: Guid format shader working directory is -28 characters bigger than the processId version (../../../../../../Rzeczy/gry/1 rok/TopDownShooterAD25/03_MarsMarine 4.27/Intermediate/Shaders/WorkingDirectory/23852/).
[2025.12.16-21.53.30:721][  0]LogShaderCompilers: Cleaned the shader compiler working directory 'C:/Users/DELL/AppData/Local/Temp/UnrealShaderWorkingDir/BDB3AEAE403FCD926940B3AE62AD0B9A/'.
[2025.12.16-21.53.30:721][  0]LogXGEController: Cannot use XGE Controller as Incredibuild is not installed on this machine.
[2025.12.16-21.53.30:721][  0]LogShaderCompilers: Cannot use XGE Shader Compiler as Incredibuild is not installed on this machine.
[2025.12.16-21.53.30:721][  0]LogShaderCompilers: Display: Using Local Shader Compiler.
[2025.12.16-21.53.32:130][  0]LogDerivedDataCache: Display: Max Cache Size: 512 MB
[2025.12.16-21.53.32:215][  0]LogDerivedDataCache: Loaded boot cache 0.08s 94MB C:/Users/DELL/AppData/Local/UnrealEngine/4.27/DerivedDataCache/Boot.ddc.
[2025.12.16-21.53.32:215][  0]LogDerivedDataCache: Display: Loaded Boot cache: C:/Users/DELL/AppData/Local/UnrealEngine/4.27/DerivedDataCache/Boot.ddc
[2025.12.16-21.53.32:215][  0]LogDerivedDataCache: FDerivedDataBackendGraph:  Pak pak cache file ../../../../../../Rzeczy/gry/1 rok/TopDownShooterAD25/03_MarsMarine 4.27/DerivedDataCache/DDC.ddp not found, will not use a pak cache.
[2025.12.16-21.53.32:215][  0]LogDerivedDataCache: Unable to find inner node Pak for hierarchical cache Hierarchy.
[2025.12.16-21.53.32:215][  0]LogDerivedDataCache: FDerivedDataBackendGraph:  CompressedPak pak cache file ../../../../../../Rzeczy/gry/1 rok/TopDownShooterAD25/03_MarsMarine 4.27/DerivedDataCache/Compressed.ddp not found, will not use a pak cache.
[2025.12.16-21.53.32:215][  0]LogDerivedDataCache: Unable to find inner node CompressedPak for hierarchical cache Hierarchy.
[2025.12.16-21.53.32:243][  0]LogDerivedDataCache: Display: Pak cache opened for reading ../../../Engine/DerivedDataCache/Compressed.ddp.
[2025.12.16-21.53.32:243][  0]LogDerivedDataCache: FDerivedDataBackendGraph:  EnterprisePak pak cache file ../../../Enterprise/DerivedDataCache/Compressed.ddp not found, will not use a pak cache.
[2025.12.16-21.53.32:243][  0]LogDerivedDataCache: Unable to find inner node EnterprisePak for hierarchical cache Hierarchy.
[2025.12.16-21.53.32:253][  0]LogDerivedDataCache: Speed tests for C:/Users/DELL/AppData/Local/UnrealEngine/Common/DerivedDataCache took 0.01 seconds
[2025.12.16-21.53.32:253][  0]LogDerivedDataCache: Display: Performance to C:/Users/DELL/AppData/Local/UnrealEngine/Common/DerivedDataCache: Latency=0.03ms. RandomReadSpeed=791.76MBs, RandomWriteSpeed=110.61MBs. Assigned SpeedClass 'Local'
[2025.12.16-21.53.32:254][  0]LogDerivedDataCache: Using Local data cache path C:/Users/DELL/AppData/Local/UnrealEngine/Common/DerivedDataCache: Writable
[2025.12.16-21.53.32:255][  0]LogDerivedDataCache: Shared data cache path not found in *engine.ini, will not use an Shared cache.
[2025.12.16-21.53.32:255][  0]LogDerivedDataCache: Unable to find inner node Shared for hierarchical cache Hierarchy.
[2025.12.16-21.53.32:325][  0]LogSlate: Using FreeType 2.10.0
[2025.12.16-21.53.32:325][  0]LogSlate: SlateFontServices - WITH_FREETYPE: 1, WITH_HARFBUZZ: 1
[2025.12.16-21.53.32:368][  0]LogAssetRegistry: FAssetRegistry took 0.0045 seconds to start up
[2025.12.16-21.53.32:709][  0]LogInit: Selected Device Profile: [Windows]
[2025.12.16-21.53.32:709][  0]LogInit: Active device profile: [000001A52E696E00][000001A523A603C0 49] Windows
[2025.12.16-21.53.32:709][  0]LogInit: Profiles: [000001A52E696E00][000001A523A603C0 49] Windows, [000001A52E639800][000001A52B7B8540 49] WindowsNoEditor, [000001A52E696200][000001A522CAC6C0 49] WindowsServer, [000001A52E63A300][000001A52B7BC800 49] WindowsClient, [000001A52E694D00][000001A522CB0940 49] IOS, [000001A52E63BC00][000001A52E326A80 49] iPadAir, [000001A52E63AE00][000001A52E32ABC0 49] iPadAir2, [000001A52E5DCE00][000001A52CDB0E80 49] IPadPro, [000001A52E5DCF00][000001A52CDACEC0 49] iPadAir3, [000001A52E694900][000001A52339F040 49] iPadAir4, [000001A52E5DF100][000001A5233A31C0 49] iPadMini2, [000001A52E5DC400][000001A5233A7340 49] iPadMini3, [000001A52E639F00][000001A5233AB4C0 49] iPadMini4, [000001A52E5DEB00][000001A5233AF640 49] iPadMini5, [000001A52E608700][000001A52CEE9900 49] iPhone6, [000001A52E608800][000001A52CEE5940 49] iPodTouch6, [000001A52E697300][000001A52CEF1C00 49] iPhone7, [000001A52E696B00][000001A52CEEC0C0 49] iPodTouch7, [000001A52E608400][000001A52CEF4240 49] iPhone5S, [000001A52E639A00][000001A52CEF83C0 49] iPhone6Plus, [000001A52E60A700][000001A52CEFC540 49] iPhone6S, [000001A52E638300][000001A52CF006C0 49] iPhone6SPlus, [000001A52E60AC00][000001A52CF04840 49] iPhone7Plus, [000001A52E639300][000001A52CDA8980 49] iPhoneSE, [000001A52E60B100][000001A52CF08AC0 49] iPhone8, [000001A52E694200][000001A52CF0CC00 49] iPhone8Plus, [000001A52E609E00][000001A522D1CD40 49] iPhoneX, [000001A52E696600][000001A522D24EC0 49] iPhoneXS, [000001A52E608D00][000001A522D29040 49] iPhoneXSMax, [000001A52E697E00][000001A522D2D1C0 49] iPhoneXR, [000001A52E60B500][000001A522D31340 49] iPhone11, [000001A52E696300][000001A522D354C0 49] iPhone11Pro, [000001A52E609400][000001A522D39640 49] iPhone11ProMax, [000001A52E694600][000001A522D3D7C0 49] iPhoneSE2, [000001A52E608F00][000001A522D41940 49] iPhone12Mini, [000001A52E694500][000001A522D45AC0 49] iPhone12, [000001A52E608B00][000001A522D480C0 49] iPhone12Pro, [000001A52E696000][000001A522D4C240 49] iPhone12ProMax, [000001A52E60A400][000001A522D503C0 49] iPadPro105, [000001A52E695200][000001A522D54540 49] iPadPro129, [000001A52E60B700][000001A522C466C0 49] iPadPro97, [000001A52E695500][000001A522C4A840 49] iPadPro2_129, [000001A52E609200][000001A522C4E9C0 49] iPad5, [000001A52E694700][000001A522C52B40 49] iPad6, [000001A52E609C00][000001A522D20C80 49] iPad7, [000001A52E696100][000001A522C56DC0 49] iPad8, [000001A52E60A300][000001A522C5AF00 49] iPadPro11, [000001A52E695000][000001A522C63080 49] iPadPro2_11, [000001A52E609600][000001A522C67200 49] iPadPro3_129, [000001A52E695100][000001A522C6B380 49] iPadPro4_129, [000001A52E60AB00][000001A522C6F500 49] AppleTV, [000001A52E695F00][000001A522C73680 49] AppleTV4K, [000001A52E60A200][000001A522C77800 49] TVOS, [000001A52E696500][000001A522C7B980 49] Mac, [000001A52E608500][000001A522C7FB00 49] MacClient, [000001A52E694300][000001A52CBF6100 49] MacNoEditor, [000001A52E608900][000001A52CBFA280 49] MacServer, [000001A52E694400][000001A52CBFE400 49] Linux, [000001A52E60A800][000001A52CC02580 49] LinuxAArch64, [000001A52E696C00][000001A52CC06700 49] LinuxNoEditor, [000001A52E60A100][000001A52CC0A880 49] LinuxAArch64NoEditor, [000001A52E694C00][000001A52CC0EA00 49] LinuxClient, [000001A52E60BC00][000001A52CC12B80 49] LinuxAArch64Client, [000001A52E696700][000001A52CC16D00 49] LinuxServer, [000001A52E60AE00][000001A522C5EE40 49] LinuxAArch64Server, [000001A52E695900][000001A52CC1AF80 49] Android, [000001A52E609000][000001A52CC1F0C0 49] Android_Low, [000001A52E63AF00][000001A52CC27240 49] Android_Mid, [000001A52E5DD800][000001A52CC2B3C0 49] Android_High, [000001A52E63AB00][000001A52CC2F540 49] Android_Default, [000001A52E5DD500][000001A52CC336C0 49] Android_Adreno4xx, [000001A52E639200][000001A526743840 49] Android_Adreno5xx_Low, [000001A52E5DE100][000001A5267479C0 49] Android_Adreno5xx, [000001A52E638F00][000001A52674BB40 49] Android_Adreno6xx, [000001A52E5DC300][000001A52674E140 49] Android_Adreno6xx_Vulkan, [000001A52E639000][000001A5267522C0 49] Android_Mali_T6xx, [000001A52E5DE700][000001A526756440 49] Android_Mali_T7xx, [000001A52E63B400][000001A52675A5C0 49] Android_Mali_T8xx, [000001A52E5DCC00][000001A52675E740 49] Android_Mali_G71, [000001A52E63B800][000001A5267628C0 49] Android_Mali_G72, [000001A52E5DC100][000001A526766A40 49] Android_Mali_G72_Vulkan, [000001A52E638E00][000001A52676ABC0 49] Android_Mali_G76, [000001A52E5DEC00][000001A52676ED40 49] Android_Mali_G76_Vulkan, [000001A52E638700][000001A526772EC0 49] Android_Mali_G77, [000001A52E5DC900][000001A52CC23000 49] Android_Mali_G77_Vulkan, [000001A52E638A00][000001A526777140 49] Android_Mali_G78, [000001A52E5DDA00][000001A52677B280 49] Android_Mali_G78_Vulkan, [000001A52E63BB00][000001A52677F3C0 49] Android_Mali_G710, [000001A52E5DE300][000001A526787540 49] Android_Mali_G710_Vulkan, [000001A52E63AA00][000001A52678B6C0 49] Android_Vulkan_SM5, [000001A52E5DED00][000001A52678F840 49] Android_PowerVR_G6xxx, [000001A52E639700][000001A52CCC99C0 49] Android_PowerVR_GT7xxx, [000001A52E5DF800][000001A52CCCDB40 49] Android_PowerVR_GE8xxx, [000001A52E63A100][000001A52CCD0140 49] Android_PowerVR_GM9xxx, [000001A52E5DF900][000001A52CCD42C0 49] Android_PowerVR_GM9xxx_Vulkan, [000001A52E63B300][000001A52CCD8440 49] Android_TegraK1, [000001A52E5DD600][000001A52CCDC5C0 49] Android_Unknown_Vulkan, [000001A52E639B00][000001A52CCE0740 49] Lumin, [000001A52E697600][000001A52CCE48C0 49] Lumin_Desktop, [000001A52E63BD00][000001A52CCE8A40 49] HoloLens, 
[2025.12.16-21.53.32:893][  0]LogMeshReduction: Using QuadricMeshReduction for automatic static mesh reduction
[2025.12.16-21.53.32:893][  0]LogMeshReduction: Using SimplygonMeshReduction for automatic skeletal mesh reduction
[2025.12.16-21.53.32:893][  0]LogMeshReduction: Using ProxyLODMeshReduction for automatic mesh merging
[2025.12.16-21.53.32:893][  0]LogMeshReduction: No distributed automatic mesh merging module available
[2025.12.16-21.53.32:893][  0]LogMeshMerging: No distributed automatic mesh merging module available
[2025.12.16-21.53.32:916][  0]LogNetVersion: MarsMarine 1.0.0, NetCL: 17155196, EngineNetVer: 17, GameNetVer: 0 (Checksum: 4288930687)
[2025.12.16-21.53.33:511][  0]LogTexture: Default maximum texture size for cubemaps generated from long-lat sources has been changed from 512 to unlimited. In order to preserve old behaiour for '/Engine/MapTemplates/Sky/DaylightAmbientCubemap.DaylightAmbientCubemap', its maximum texture size has been explicitly set to 512.
[2025.12.16-21.53.33:586][  0]LogHMD: PokeAHoleMaterial loaded successfully
[2025.12.16-21.53.33:593][  0]LogUObjectArray: 17178 objects as part of root set at end of initial load.
[2025.12.16-21.53.33:593][  0]LogUObjectAllocator: 4302048 out of 0 bytes used by permanent object pool.
[2025.12.16-21.53.33:593][  0]LogUObjectArray: CloseDisregardForGC: 0/0 objects in disregard for GC pool
[2025.12.16-21.53.33:964][  0]LogNiagaraDebuggerClient: Niagara Debugger Client Initialized | Session: E832F679405E910CF0A224B62631D54D | Instance: 0CD8CFD24C4F2515B06A86A47C3BB0D8 (DESKTOP-QAAO9HT-23852).
[2025.12.16-21.53.34:129][  0]LogPython: Using Python 3.7.7
[2025.12.16-21.53.34:713][  0]LogUdpMessaging: Initializing bridge on interface 0.0.0.0:0 to multicast group 230.0.0.1:6666.
[2025.12.16-21.53.34:722][  0]LogTcpMessaging: Initializing TcpMessaging bridge
[2025.12.16-21.53.34:993][  0]SourceControl: Source control is disabled
[2025.12.16-21.53.34:993][  0]SourceControl: Source control is disabled
[2025.12.16-21.53.34:997][  0]SourceControl: Source control is disabled
[2025.12.16-21.53.35:001][  0]SourceControl: Source control is disabled
[2025.12.16-21.53.35:005][  0]SourceControl: Source control is disabled
[2025.12.16-21.53.35:013][  0]LogUProjectInfo: Found projects:
[2025.12.16-21.53.35:035][  0]LogVSAccessor: Display: Unable to create Visual Studio setup instance: 80040154
[2025.12.16-21.53.35:036][  0]LogVSAccessor: Display: Unable to create Visual Studio setup instance: 80040154
[2025.12.16-21.53.35:037][  0]LogVSAccessor: Display: Unable to create Visual Studio setup instance: 80040154
[2025.12.16-21.53.35:215][  0]LogOpenImageDenoise: OIDN starting up
[2025.12.16-21.53.35:244][  0]LogAndroidPermission: UAndroidPermissionCallbackProxy::GetInstance
[2025.12.16-21.53.35:273][  0]LogAudioCaptureCore: Display: No Audio Capture implementations found. Audio input will be silent.
[2025.12.16-21.53.35:273][  0]LogAudioCaptureCore: Display: No Audio Capture implementations found. Audio input will be silent.
[2025.12.16-21.53.35:412][  0]LogCollectionManager: Loaded 0 collections in 0.002149 seconds
[2025.12.16-21.53.35:445][  0]LogFileCache: Scanning file cache for directory 'C:/Rzeczy/gry/1 rok/TopDownShooterAD25/03_MarsMarine 4.27/Saved/Collections/' took 0.00s
[2025.12.16-21.53.35:445][  0]LogFileCache: Scanning file cache for directory 'C:/Rzeczy/gry/1 rok/TopDownShooterAD25/03_MarsMarine 4.27/Content/Developers/DELL/Collections/' took 0.00s
[2025.12.16-21.53.35:445][  0]LogFileCache: Scanning file cache for directory 'C:/Rzeczy/gry/1 rok/TopDownShooterAD25/03_MarsMarine 4.27/Content/Collections/' took 0.00s
[2025.12.16-21.53.35:445][  0]LogOcInput: OculusInput pre-init called
[2025.12.16-21.53.35:817][  0]LogEngine: Initializing Engine...
[2025.12.16-21.53.35:820][  0]LogHMD: Failed to enumerate extensions. Please check that you have a valid OpenXR runtime installed.
[2025.12.16-21.53.35:821][  0]LogHMD: Failed to initialize OpenVR with code 110
[2025.12.16-21.53.35:821][  0]LogMagicLeap: Warning: VR disabled because ZI is not enabled.  To enable, in the editor, Edit -> Project Settings -> Plugins -> Magic Leap Plugin -> Enable Zero Iteration
[2025.12.16-21.53.35:822][  0]LogStats: UGameplayTagsManager::InitializeManager -  0.000 s
[2025.12.16-21.53.35:985][  0]LogInit: Initializing FReadOnlyCVARCache
[2025.12.16-21.53.35:997][  0]LogAIModule: Creating AISystem for world Untitled
[2025.12.16-21.53.35:998][  0]LogAudio: Display: Initializing Audio Device Manager...
[2025.12.16-21.53.36:003][  0]LogAudio: Display: Loading Default Audio Settings Objects...
[2025.12.16-21.53.36:003][  0]LogAudio: Display: No default SoundConcurrencyObject specified (or failed to load).
[2025.12.16-21.53.36:004][  0]LogAudio: Display: Audio Device Manager Initialized
[2025.12.16-21.53.36:004][  0]LogAudio: Display: Creating Audio Device:                 Id: 1, Scope: Shared, Realtime: True
[2025.12.16-21.53.36:004][  0]LogAudioMixer: Display: Audio Mixer Platform Settings:
[2025.12.16-21.53.36:004][  0]LogAudioMixer: Display: 	Sample Rate:						  48000
[2025.12.16-21.53.36:004][  0]LogAudioMixer: Display: 	Callback Buffer Frame Size Requested: 1024
[2025.12.16-21.53.36:004][  0]LogAudioMixer: Display: 	Callback Buffer Frame Size To Use:	  1024
[2025.12.16-21.53.36:004][  0]LogAudioMixer: Display: 	Number of buffers to queue:			  2
[2025.12.16-21.53.36:004][  0]LogAudioMixer: Display: 	Max Channels (voices):				  32
[2025.12.16-21.53.36:004][  0]LogAudioMixer: Display: 	Number of Async Source Workers:		  0
[2025.12.16-21.53.36:004][  0]LogAudio: Display: AudioDevice MaxSources: 32
[2025.12.16-21.53.36:004][  0]LogAudio: Display: Audio Spatialization Plugin: None (built-in).
[2025.12.16-21.53.36:004][  0]LogAudio: Display: Audio Reverb Plugin: None (built-in).
[2025.12.16-21.53.36:004][  0]LogAudio: Display: Audio Occlusion Plugin: None (built-in).
[2025.12.16-21.53.36:005][  0]LogAudioMixer: Display: Initializing audio mixer.
[2025.12.16-21.53.36:019][  0]LogAudioMixer: Display: 0: FrontLeft
[2025.12.16-21.53.36:019][  0]LogAudioMixer: Display: 1: FrontRight
[2025.12.16-21.53.36:589][  0]LogAudioMixer: Display: Using Audio Device Głośniki (Realtek(R) Audio)
[2025.12.16-21.53.36:590][  0]LogAudioMixer: Display: Initializing Sound Submixes...
[2025.12.16-21.53.36:593][  0]LogAudioMixer: Display: Creating Master Submix 'MasterSubmixDefault'
[2025.12.16-21.53.36:593][  0]LogAudioMixer: Display: Creating Master Submix 'MasterReverbSubmixDefault'
[2025.12.16-21.53.36:594][  0]LogAudioMixer: Display: Creating Master Submix 'MasterEQSubmixDefault'
[2025.12.16-21.53.36:594][  0]LogAudioMixer: FMixerPlatformXAudio2::StartAudioStream() called
[2025.12.16-21.53.36:594][  0]LogAudioMixer: Display: Output buffers initialized: Frames=1024, Channels=2, Samples=2048
[2025.12.16-21.53.36:596][  0]LogAudioMixer: Display: Starting AudioMixerPlatformInterface::RunInternal()
[2025.12.16-21.53.36:596][  0]LogAudioMixer: Display: FMixerPlatformXAudio2::SubmitBuffer() called for the first time
[2025.12.16-21.53.36:597][  0]LogInit: FAudioDevice initialized.
[2025.12.16-21.53.36:597][  0]LogAudio: Display: Audio Device (ID: 1) registered with world 'Untitled'.
[2025.12.16-21.53.36:597][  0]LogNetVersion: Set ProjectVersion to 1.0.0.0. Version Checksum will be recalculated on next use.
[2025.12.16-21.53.36:697][  0]LogDerivedDataCache: Saved boot cache 0.10s 94MB C:/Users/DELL/AppData/Local/UnrealEngine/4.27/DerivedDataCache/Boot.ddc.
[2025.12.16-21.53.36:697][  0]LogInit: Texture streaming: Enabled
[2025.12.16-21.53.36:712][  0]LogAnalytics: Display: [UEEditor.Rocket.Release] APIServer = https://datarouter.ol.epicgames.com/. AppVersion = 4.27.2-18319896+++UE4+Release-4.27
[2025.12.16-21.53.36:716][  0]LogEngineSessionManager: EngineSessionManager initialized
[2025.12.16-21.53.36:717][  0]LogEditorSessionSummary: Verbose: Initializing EditorSessionSummaryWriter for editor session tracking
[2025.12.16-21.53.36:718][  0]LogEditorSessionSummary: EditorSessionSummaryWriter initialized
[2025.12.16-21.53.36:746][  0]LogInit: Transaction tracking system initialized
[2025.12.16-21.53.36:772][  0]BlueprintLog: New page: Editor Load
[2025.12.16-21.53.36:847][  0]LocalizationService: Localization service is disabled
[2025.12.16-21.53.36:875][  0]TimingProfiler: Initialize
[2025.12.16-21.53.36:877][  0]TimingProfiler: OnSessionChanged
[2025.12.16-21.53.36:877][  0]LoadingProfiler: Initialize
[2025.12.16-21.53.36:877][  0]LoadingProfiler: OnSessionChanged
[2025.12.16-21.53.36:877][  0]NetworkingProfiler: Initialize
[2025.12.16-21.53.36:877][  0]NetworkingProfiler: OnSessionChanged
[2025.12.16-21.53.36:877][  0]MemoryProfiler: Initialize
[2025.12.16-21.53.36:877][  0]MemoryProfiler: OnSessionChanged
[2025.12.16-21.53.36:945][  0]LogVSAccessor: Display: Unable to create Visual Studio setup instance: 80040154
[2025.12.16-21.53.36:947][  0]LogVSAccessor: Display: Unable to create Visual Studio setup instance: 80040154
[2025.12.16-21.53.36:948][  0]LogVSAccessor: Display: Unable to create Visual Studio setup instance: 80040154
[2025.12.16-21.53.37:054][  0]LogCook: Display: CookSettings for Memory: MemoryMaxUsedVirtual 0MiB, MemoryMaxUsedPhysical 16384MiB, MemoryMinFreeVirtual 0MiB, MemoryMinFreePhysical 1024MiB
[2025.12.16-21.53.37:054][  0]LogCook: Display: Mobile HDR setting 1
[2025.12.16-21.53.37:325][  0]LogFileCache: Scanning file cache for directory 'C:/Rzeczy/gry/1 rok/TopDownShooterAD25/03_MarsMarine 4.27/Content/' took 0.01s
[2025.12.16-21.53.37:702][  0]LogInit: Display: Engine is initialized. Leaving FEngineLoop::Init()
[2025.12.16-21.53.37:707][  0]SourceControl: Source control is disabled
[2025.12.16-21.53.37:707][  0]LogUnrealEdMisc: Loading editor; pre map load, took 10.066
[2025.12.16-21.53.37:707][  0]Cmd: MAP LOAD FILE="../../../../../../Rzeczy/gry/1 rok/TopDownShooterAD25/03_MarsMarine 4.27/Content/Levels/Mars.umap" TEMPLATE=0 SHOWPROGRESS=1 FEATURELEVEL=3
[2025.12.16-21.53.37:707][  0]LightingResults: New page: Lighting Build
[2025.12.16-21.53.37:710][  0]LogWorld: UWorld::CleanupWorld for Untitled, bSessionEnded=true, bCleanupResources=true
[2025.12.16-21.53.37:710][  0]LogSlate: InvalidateAllWidgets triggered.  All widgets were invalidated
[2025.12.16-21.53.37:710][  0]MapCheck: New page: Map Check
[2025.12.16-21.53.37:710][  0]LightingResults: New page: Lighting Build
[2025.12.16-21.53.37:719][  0]LogAudio: Display: Audio Device unregistered from world 'None'.
[2025.12.16-21.53.37:723][  0]LogUObjectHash: Compacting FUObjectHashTables data took   1.15ms
[2025.12.16-21.53.37:760][  0]LogLinker: Warning: [AssetLog] C:\Rzeczy\gry\1 rok\TopDownShooterAD25\03_MarsMarine 4.27\Content\UI\W_PlayerHUD.uasset: Failed to load '/Game/Effects/Weapons/Muzzle/P_AssaultRifle_MF': Can't find file.
[2025.12.16-21.53.37:760][  0]LoadErrors: Failed to load /Game/Effects/Weapons/Muzzle/P_AssaultRifle_MF.P_AssaultRifle_MF Referenced by P_AssaultRifle_MF_GEN_VARIABLE
[2025.12.16-21.53.37:761][  0]LogLinker: Warning: [AssetLog] C:\Rzeczy\gry\1 rok\TopDownShooterAD25\03_MarsMarine 4.27\Content\UI\W_PlayerHUD.uasset: Failed to load '/Game/Effects/Weapons/Muzzle/P_AssaultRifle_MF': Can't find file.
[2025.12.16-21.53.37:761][  0]LoadErrors: Failed to load /Game/Effects/Weapons/Muzzle/P_AssaultRifle_MF.P_AssaultRifle_MF Referenced by P_AssaultRifle_MF_GEN_VARIABLE
[2025.12.16-21.53.37:805][  0]LogLinker: Warning: [AssetLog] C:\Rzeczy\gry\1 rok\TopDownShooterAD25\03_MarsMarine 4.27\Content\Characters\Marine\Animations\AnimBP_Marine.uasset: Failed to load '/Game/Effects/Weapons/Muzzle/P_AssaultRifle_MF': Can't find file.
[2025.12.16-21.53.37:805][  0]LogLinker: Warning: [AssetLog] C:\Rzeczy\gry\1 rok\TopDownShooterAD25\03_MarsMarine 4.27\Content\Characters\Marine\Animations\AnimBP_Marine.uasset: Failed to load '/Game/Sounds/Weapon_AssaultRifle/Stereo/RifleFireEnd_Cue': Can't find file.
[2025.12.16-21.53.37:806][  0]LogLinker: Warning: [AssetLog] C:\Rzeczy\gry\1 rok\TopDownShooterAD25\03_MarsMarine 4.27\Content\Characters\Marine\Animations\AnimBP_Marine.uasset: Failed to load '/Game/Sounds/Weapon_AssaultRifle/Stereo/RifleFireEnd_Cue': Can't find file.
[2025.12.16-21.53.37:806][  0]LogLinker: Warning: [AssetLog] C:\Rzeczy\gry\1 rok\TopDownShooterAD25\03_MarsMarine 4.27\Content\Characters\Marine\Animations\AnimBP_Marine.uasset: Failed to load '/Game/Sounds/Weapon_AssaultRifle/Stereo/RifleFireLoop_Cue': Can't find file.
[2025.12.16-21.53.37:806][  0]LogLinker: Warning: [AssetLog] C:\Rzeczy\gry\1 rok\TopDownShooterAD25\03_MarsMarine 4.27\Content\Characters\Marine\Animations\AnimBP_Marine.uasset: Failed to load '/Game/Sounds/Weapon_AssaultRifle/Stereo/RifleFireLoop_Cue': Can't find file.
[2025.12.16-21.53.37:806][  0]LogLinker: Warning: [AssetLog] C:\Rzeczy\gry\1 rok\TopDownShooterAD25\03_MarsMarine 4.27\Content\Characters\Marine\Animations\AnimBP_Marine.uasset: Failed to load '/Game/Effects/Weapons/Muzzle/P_AssaultRifle_MF': Can't find file.
[2025.12.16-21.53.37:806][  0]LogLinker: Warning: [AssetLog] C:\Rzeczy\gry\1 rok\TopDownShooterAD25\03_MarsMarine 4.27\Content\Characters\Marine\Animations\AnimBP_Marine.uasset: Failed to load '/Game/Sounds/Weapon_AssaultRifle/Stereo/RifleFireEnd_Cue': Can't find file.
[2025.12.16-21.53.37:806][  0]LogLinker: Warning: [AssetLog] C:\Rzeczy\gry\1 rok\TopDownShooterAD25\03_MarsMarine 4.27\Content\Characters\Marine\Animations\AnimBP_Marine.uasset: Failed to load '/Game/Sounds/Weapon_AssaultRifle/Stereo/RifleFireLoop_Cue': Can't find file.
[2025.12.16-21.53.37:812][  0]LogLinker: Warning: [AssetLog] C:\Rzeczy\gry\1 rok\TopDownShooterAD25\03_MarsMarine 4.27\Content\Characters\Marine\Animations\AnimBP_Marine.uasset: Failed to load '/Game/Sounds/Weapon_AssaultRifle/Stereo/RifleFireLoop_Cue': Can't find file.
[2025.12.16-21.53.37:812][  0]LoadErrors: Failed to load /Game/Sounds/Weapon_AssaultRifle/Stereo/RifleFireLoop_Cue.RifleFireLoop_Cue Referenced by K2Node_CallFunction_1
[2025.12.16-21.53.37:812][  0]LogLinker: Warning: [AssetLog] C:\Rzeczy\gry\1 rok\TopDownShooterAD25\03_MarsMarine 4.27\Content\Characters\Marine\Animations\AnimBP_Marine.uasset: Failed to load '/Game/Sounds/Weapon_AssaultRifle/Stereo/RifleFireEnd_Cue': Can't find file.
[2025.12.16-21.53.37:813][  0]LoadErrors: Failed to load /Game/Sounds/Weapon_AssaultRifle/Stereo/RifleFireEnd_Cue.RifleFireEnd_Cue Referenced by K2Node_CallFunction_3
[2025.12.16-21.53.37:814][  0]LogLinker: Warning: [AssetLog] C:\Rzeczy\gry\1 rok\TopDownShooterAD25\03_MarsMarine 4.27\Content\Blueprints\Pawns\BP_Marine.uasset: Failed to load '/Game/Effects/Weapons/Muzzle/P_AssaultRifle_MF': Can't find file.
[2025.12.16-21.53.37:814][  0]LogLinker: Warning: [AssetLog] C:\Rzeczy\gry\1 rok\TopDownShooterAD25\03_MarsMarine 4.27\Content\Blueprints\Pawns\BP_Marine.uasset: Failed to load '/Game/Sounds/Weapon_AssaultRifle/Stereo/RifleFireEnd_Cue': Can't find file.
[2025.12.16-21.53.37:815][  0]LogLinker: Warning: [AssetLog] C:\Rzeczy\gry\1 rok\TopDownShooterAD25\03_MarsMarine 4.27\Content\Blueprints\Pawns\BP_Marine.uasset: Failed to load '/Game/Sounds/Weapon_AssaultRifle/Stereo/RifleFireLoop_Cue': Can't find file.
[2025.12.16-21.53.37:815][  0]LogLinker: Warning: [AssetLog] C:\Rzeczy\gry\1 rok\TopDownShooterAD25\03_MarsMarine 4.27\Content\Blueprints\Pawns\BP_Marine.uasset: Failed to load '/Game/Effects/Weapons/Muzzle/P_AssaultRifle_MF': Can't find file.
[2025.12.16-21.53.37:815][  0]LogLinker: Warning: [AssetLog] C:\Rzeczy\gry\1 rok\TopDownShooterAD25\03_MarsMarine 4.27\Content\Blueprints\Pawns\BP_Marine.uasset: Failed to load '/Game/Sounds/Weapon_AssaultRifle/Stereo/RifleFireEnd_Cue': Can't find file.
[2025.12.16-21.53.37:815][  0]LogLinker: Warning: [AssetLog] C:\Rzeczy\gry\1 rok\TopDownShooterAD25\03_MarsMarine 4.27\Content\Blueprints\Pawns\BP_Marine.uasset: Failed to load '/Game/Sounds/Weapon_AssaultRifle/Stereo/RifleFireLoop_Cue': Can't find file.
[2025.12.16-21.53.37:828][  0]LogLinker: Warning: [AssetLog] C:\Rzeczy\gry\1 rok\TopDownShooterAD25\03_MarsMarine 4.27\Content\Characters\Enemy_Great_Spider\AnimBP_Alien.uasset: Failed to load '/Game/Effects/Weapons/Impacts/P_CreatureImpact': Can't find file.
[2025.12.16-21.53.37:828][  0]LogLinker: Warning: [AssetLog] C:\Rzeczy\gry\1 rok\TopDownShooterAD25\03_MarsMarine 4.27\Content\Characters\Enemy_Great_Spider\AnimBP_Alien.uasset: Failed to load '/Game/Effects/Weapons/Impacts/P_CreatureImpact': Can't find file.
[2025.12.16-21.53.37:828][  0]LogLinker: Warning: [AssetLog] C:\Rzeczy\gry\1 rok\TopDownShooterAD25\03_MarsMarine 4.27\Content\Characters\Enemy_Great_Spider\AnimBP_Alien.uasset: Failed to load '/Game/Effects/Weapons/Impacts/P_CreatureImpact': Can't find file.
[2025.12.16-21.53.37:831][  0]LogLinker: Warning: [AssetLog] C:\Rzeczy\gry\1 rok\TopDownShooterAD25\03_MarsMarine 4.27\Content\Characters\Enemy_Great_Spider\AnimBP_Alien.uasset: Failed to load '/Game/Effects/Weapons/Impacts/P_CreatureImpact': Can't find file.
[2025.12.16-21.53.37:831][  0]LoadErrors: Failed to load /Game/Effects/Weapons/Impacts/P_CreatureImpact.P_CreatureImpact Referenced by K2Node_CallFunction_14
[2025.12.16-21.53.37:898][  0]LogLinker: Warning: [AssetLog] C:\Rzeczy\gry\1 rok\TopDownShooterAD25\03_MarsMarine 4.27\Content\Blueprints\AI\BP_Alien.uasset: Failed to load '/Game/Effects/Weapons/Impacts/P_CreatureImpact': Can't find file.
[2025.12.16-21.53.37:898][  0]LogLinker: Warning: [AssetLog] C:\Rzeczy\gry\1 rok\TopDownShooterAD25\03_MarsMarine 4.27\Content\Blueprints\AI\BP_Alien.uasset: Failed to load '/Game/Effects/Weapons/Impacts/P_CreatureImpact': Can't find file.
[2025.12.16-21.53.38:119][  0]LogSkeletalMesh: Display: [AssetLog] C:\Rzeczy\gry\1 rok\TopDownShooterAD25\03_MarsMarine 4.27\Content\Weapons\Rifle.uasset: Find and fix some bad tangent! please re-import this skeletal mesh asset to fix the issue. The shading of the skeletal mesh will be bad and faceted.
[2025.12.16-21.53.38:145][  0]LogAudio: Display: Audio Device (ID: 1) registered with world 'Mars'.
[2025.12.16-21.53.38:146][  0]LogAIModule: Creating AISystem for world Mars
[2025.12.16-21.53.38:178][  0]LogEditorServer: Finished looking for orphan Actors (0.000 secs)
[2025.12.16-21.53.38:218][  0]LogUObjectHash: Compacting FUObjectHashTables data took   1.20ms
[2025.12.16-21.53.38:218][  0]Cmd: MAP CHECKDEP NOCLEARLOG
[2025.12.16-21.53.38:219][  0]MapCheck: Map check complete: 0 Error(s), 0 Warning(s), took 0,23ms to complete.
[2025.12.16-21.53.38:219][  0]LogFileHelpers: Loading map 'Mars' took 0.513
[2025.12.16-21.53.38:222][  0]LogUnrealEdMisc: Total Editor Startup Time, took 10.581
[2025.12.16-21.53.38:720][  0]LogSlate: Only BGRA pngs, bmps or icos are supported in by External Image Picker
[2025.12.16-21.53.38:806][  0]LogSlate: Updating window title bar state: overlay mode, drag disabled, window buttons hidden, title bar hidden
[2025.12.16-21.53.38:814][  0]LogSlate: Updating window title bar state: overlay mode, drag disabled, window buttons hidden, title bar hidden
[2025.12.16-21.53.38:822][  0]LogSlate: Updating window title bar state: overlay mode, drag disabled, window buttons hidden, title bar hidden
[2025.12.16-21.53.38:829][  0]LogSlate: Updating window title bar state: overlay mode, drag disabled, window buttons hidden, title bar hidden
[2025.12.16-21.53.38:848][  0]LogNativeClassHierarchy: Verbose: Native class hierarchy populated in 0.0125 seconds. Added 3822 classes and 928 folders.
[2025.12.16-21.53.38:852][  0]LogNativeClassHierarchy: Verbose: Native class hierarchy updated for 'WidgetCarousel' in 0.0003 seconds. Added 0 classes and 0 folders.
[2025.12.16-21.53.38:854][  0]LogPakFile: PakFile PrimaryIndexSize=187
[2025.12.16-21.53.38:854][  0]LogPakFile: PakFile PathHashIndexSize=101
[2025.12.16-21.53.38:854][  0]LogPakFile: PakFile FullDirectoryIndexSize=148
[2025.12.16-21.53.38:854][  0]LogShaderLibrary: Display: ShaderCodeLibraryPakFileMountedCallback: PakFile 'C:/Program Files/Epic Games/UE_4.27/FeaturePacks/FP_FirstPerson.upack' (chunk index -1, root 'root:/') mounted
[2025.12.16-21.53.38:854][  0]LogShaderLibrary: Display: ShaderCodeLibraryPakFileMountedCallback: pending pak file info (ChunkID:-1 Root:root:/ File:C:/Program Files/Epic Games/UE_4.27/FeaturePacks/FP_FirstPerson.upack)
[2025.12.16-21.53.38:854][  0]LogPakFile: OnPakFileMounted2Time == 0.000074
[2025.12.16-21.53.38:855][  0]LogPakFile: PakFile PrimaryIndexSize=189
[2025.12.16-21.53.38:855][  0]LogPakFile: PakFile PathHashIndexSize=101
[2025.12.16-21.53.38:855][  0]LogPakFile: PakFile FullDirectoryIndexSize=152
[2025.12.16-21.53.38:855][  0]LogShaderLibrary: Display: ShaderCodeLibraryPakFileMountedCallback: PakFile 'C:/Program Files/Epic Games/UE_4.27/FeaturePacks/FP_FirstPersonBP.upack' (chunk index -1, root 'root:/') mounted
[2025.12.16-21.53.38:855][  0]LogShaderLibrary: Display: ShaderCodeLibraryPakFileMountedCallback: pending pak file info (ChunkID:-1 Root:root:/ File:C:/Program Files/Epic Games/UE_4.27/FeaturePacks/FP_FirstPersonBP.upack)
[2025.12.16-21.53.38:855][  0]LogPakFile: OnPakFileMounted2Time == 0.000049
[2025.12.16-21.53.38:856][  0]LogPakFile: PakFile PrimaryIndexSize=191
[2025.12.16-21.53.38:856][  0]LogPakFile: PakFile PathHashIndexSize=101
[2025.12.16-21.53.38:856][  0]LogPakFile: PakFile FullDirectoryIndexSize=160
[2025.12.16-21.53.38:856][  0]LogShaderLibrary: Display: ShaderCodeLibraryPakFileMountedCallback: PakFile 'C:/Program Files/Epic Games/UE_4.27/FeaturePacks/MobileStarterContent.upack' (chunk index -1, root 'root:/') mounted
[2025.12.16-21.53.38:856][  0]LogShaderLibrary: Display: ShaderCodeLibraryPakFileMountedCallback: pending pak file info (ChunkID:-1 Root:root:/ File:C:/Program Files/Epic Games/UE_4.27/FeaturePacks/MobileStarterContent.upack)
[2025.12.16-21.53.38:856][  0]LogPakFile: OnPakFileMounted2Time == 0.000045
[2025.12.16-21.53.38:856][  0]LogPakFile: PakFile PrimaryIndexSize=185
[2025.12.16-21.53.38:856][  0]LogPakFile: PakFile PathHashIndexSize=101
[2025.12.16-21.53.38:856][  0]LogPakFile: PakFile FullDirectoryIndexSize=148
[2025.12.16-21.53.38:856][  0]LogShaderLibrary: Display: ShaderCodeLibraryPakFileMountedCallback: PakFile 'C:/Program Files/Epic Games/UE_4.27/FeaturePacks/StarterContent.upack' (chunk index -1, root 'root:/') mounted
[2025.12.16-21.53.38:856][  0]LogShaderLibrary: Display: ShaderCodeLibraryPakFileMountedCallback: pending pak file info (ChunkID:-1 Root:root:/ File:C:/Program Files/Epic Games/UE_4.27/FeaturePacks/StarterContent.upack)
[2025.12.16-21.53.38:856][  0]LogPakFile: OnPakFileMounted2Time == 0.000043
[2025.12.16-21.53.38:857][  0]LogPakFile: PakFile PrimaryIndexSize=190
[2025.12.16-21.53.38:857][  0]LogPakFile: PakFile PathHashIndexSize=101
[2025.12.16-21.53.38:857][  0]LogPakFile: PakFile FullDirectoryIndexSize=154
[2025.12.16-21.53.38:857][  0]LogShaderLibrary: Display: ShaderCodeLibraryPakFileMountedCallback: PakFile 'C:/Program Files/Epic Games/UE_4.27/FeaturePacks/TP_2DSideScroller.upack' (chunk index -1, root 'root:/') mounted
[2025.12.16-21.53.38:857][  0]LogShaderLibrary: Display: ShaderCodeLibraryPakFileMountedCallback: pending pak file info (ChunkID:-1 Root:root:/ File:C:/Program Files/Epic Games/UE_4.27/FeaturePacks/TP_2DSideScroller.upack)
[2025.12.16-21.53.38:857][  0]LogPakFile: OnPakFileMounted2Time == 0.000045
[2025.12.16-21.53.38:857][  0]LogPakFile: PakFile PrimaryIndexSize=192
[2025.12.16-21.53.38:857][  0]LogPakFile: PakFile PathHashIndexSize=101
[2025.12.16-21.53.38:857][  0]LogPakFile: PakFile FullDirectoryIndexSize=158
[2025.12.16-21.53.38:858][  0]LogShaderLibrary: Display: ShaderCodeLibraryPakFileMountedCallback: PakFile 'C:/Program Files/Epic Games/UE_4.27/FeaturePacks/TP_2DSideScrollerBP.upack' (chunk index -1, root 'root:/') mounted
[2025.12.16-21.53.38:858][  0]LogShaderLibrary: Display: ShaderCodeLibraryPakFileMountedCallback: pending pak file info (ChunkID:-1 Root:root:/ File:C:/Program Files/Epic Games/UE_4.27/FeaturePacks/TP_2DSideScrollerBP.upack)
[2025.12.16-21.53.38:858][  0]LogPakFile: OnPakFileMounted2Time == 0.000041
[2025.12.16-21.53.38:858][  0]LogPakFile: PakFile PrimaryIndexSize=182
[2025.12.16-21.53.38:858][  0]LogPakFile: PakFile PathHashIndexSize=101
[2025.12.16-21.53.38:858][  0]LogPakFile: PakFile FullDirectoryIndexSize=138
[2025.12.16-21.53.38:858][  0]LogShaderLibrary: Display: ShaderCodeLibraryPakFileMountedCallback: PakFile 'C:/Program Files/Epic Games/UE_4.27/FeaturePacks/TP_Flying.upack' (chunk index -1, root 'root:/') mounted
[2025.12.16-21.53.38:858][  0]LogShaderLibrary: Display: ShaderCodeLibraryPakFileMountedCallback: pending pak file info (ChunkID:-1 Root:root:/ File:C:/Program Files/Epic Games/UE_4.27/FeaturePacks/TP_Flying.upack)
[2025.12.16-21.53.38:858][  0]LogPakFile: OnPakFileMounted2Time == 0.000044
[2025.12.16-21.53.38:858][  0]LogPakFile: PakFile PrimaryIndexSize=184
[2025.12.16-21.53.38:858][  0]LogPakFile: PakFile PathHashIndexSize=101
[2025.12.16-21.53.38:858][  0]LogPakFile: PakFile FullDirectoryIndexSize=142
[2025.12.16-21.53.38:858][  0]LogShaderLibrary: Display: ShaderCodeLibraryPakFileMountedCallback: PakFile 'C:/Program Files/Epic Games/UE_4.27/FeaturePacks/TP_FlyingBP.upack' (chunk index -1, root 'root:/') mounted
[2025.12.16-21.53.38:858][  0]LogShaderLibrary: Display: ShaderCodeLibraryPakFileMountedCallback: pending pak file info (ChunkID:-1 Root:root:/ File:C:/Program Files/Epic Games/UE_4.27/FeaturePacks/TP_FlyingBP.upack)
[2025.12.16-21.53.38:858][  0]LogPakFile: OnPakFileMounted2Time == 0.000043
[2025.12.16-21.53.38:859][  0]LogPakFile: PakFile PrimaryIndexSize=188
[2025.12.16-21.53.38:859][  0]LogPakFile: PakFile PathHashIndexSize=101
[2025.12.16-21.53.38:859][  0]LogPakFile: PakFile FullDirectoryIndexSize=150
[2025.12.16-21.53.38:859][  0]LogShaderLibrary: Display: ShaderCodeLibraryPakFileMountedCallback: PakFile 'C:/Program Files/Epic Games/UE_4.27/FeaturePacks/TP_HandheldARBP.upack' (chunk index -1, root 'root:/') mounted
[2025.12.16-21.53.38:859][  0]LogShaderLibrary: Display: ShaderCodeLibraryPakFileMountedCallback: pending pak file info (ChunkID:-1 Root:root:/ File:C:/Program Files/Epic Games/UE_4.27/FeaturePacks/TP_HandheldARBP.upack)
[2025.12.16-21.53.38:859][  0]LogPakFile: OnPakFileMounted2Time == 0.000047
[2025.12.16-21.53.38:859][  0]LogPakFile: PakFile PrimaryIndexSize=182
[2025.12.16-21.53.38:860][  0]LogPakFile: PakFile PathHashIndexSize=101
[2025.12.16-21.53.38:860][  0]LogPakFile: PakFile FullDirectoryIndexSize=138
[2025.12.16-21.53.38:860][  0]LogShaderLibrary: Display: ShaderCodeLibraryPakFileMountedCallback: PakFile 'C:/Program Files/Epic Games/UE_4.27/FeaturePacks/TP_Puzzle.upack' (chunk index -1, root 'root:/') mounted
[2025.12.16-21.53.38:860][  0]LogShaderLibrary: Display: ShaderCodeLibraryPakFileMountedCallback: pending pak file info (ChunkID:-1 Root:root:/ File:C:/Program Files/Epic Games/UE_4.27/FeaturePacks/TP_Puzzle.upack)
[2025.12.16-21.53.38:860][  0]LogPakFile: OnPakFileMounted2Time == 0.000046
[2025.12.16-21.53.38:860][  0]LogPakFile: PakFile PrimaryIndexSize=184
[2025.12.16-21.53.38:860][  0]LogPakFile: PakFile PathHashIndexSize=101
[2025.12.16-21.53.38:860][  0]LogPakFile: PakFile FullDirectoryIndexSize=142
[2025.12.16-21.53.38:860][  0]LogShaderLibrary: Display: ShaderCodeLibraryPakFileMountedCallback: PakFile 'C:/Program Files/Epic Games/UE_4.27/FeaturePacks/TP_PuzzleBP.upack' (chunk index -1, root 'root:/') mounted
[2025.12.16-21.53.38:860][  0]LogShaderLibrary: Display: ShaderCodeLibraryPakFileMountedCallback: pending pak file info (ChunkID:-1 Root:root:/ File:C:/Program Files/Epic Games/UE_4.27/FeaturePacks/TP_PuzzleBP.upack)
[2025.12.16-21.53.38:860][  0]LogPakFile: OnPakFileMounted2Time == 0.000038
[2025.12.16-21.53.38:861][  0]LogPakFile: PakFile PrimaryIndexSize=183
[2025.12.16-21.53.38:861][  0]LogPakFile: PakFile PathHashIndexSize=101
[2025.12.16-21.53.38:861][  0]LogPakFile: PakFile FullDirectoryIndexSize=140
[2025.12.16-21.53.38:861][  0]LogShaderLibrary: Display: ShaderCodeLibraryPakFileMountedCallback: PakFile 'C:/Program Files/Epic Games/UE_4.27/FeaturePacks/TP_Rolling.upack' (chunk index -1, root 'root:/') mounted
[2025.12.16-21.53.38:861][  0]LogShaderLibrary: Display: ShaderCodeLibraryPakFileMountedCallback: pending pak file info (ChunkID:-1 Root:root:/ File:C:/Program Files/Epic Games/UE_4.27/FeaturePacks/TP_Rolling.upack)
[2025.12.16-21.53.38:861][  0]LogPakFile: OnPakFileMounted2Time == 0.000045
[2025.12.16-21.53.38:861][  0]LogPakFile: PakFile PrimaryIndexSize=185
[2025.12.16-21.53.38:861][  0]LogPakFile: PakFile PathHashIndexSize=101
[2025.12.16-21.53.38:861][  0]LogPakFile: PakFile FullDirectoryIndexSize=144
[2025.12.16-21.53.38:861][  0]LogShaderLibrary: Display: ShaderCodeLibraryPakFileMountedCallback: PakFile 'C:/Program Files/Epic Games/UE_4.27/FeaturePacks/TP_RollingBP.upack' (chunk index -1, root 'root:/') mounted
[2025.12.16-21.53.38:861][  0]LogShaderLibrary: Display: ShaderCodeLibraryPakFileMountedCallback: pending pak file info (ChunkID:-1 Root:root:/ File:C:/Program Files/Epic Games/UE_4.27/FeaturePacks/TP_RollingBP.upack)
[2025.12.16-21.53.38:861][  0]LogPakFile: OnPakFileMounted2Time == 0.000039
[2025.12.16-21.53.38:862][  0]LogPakFile: PakFile PrimaryIndexSize=188
[2025.12.16-21.53.38:862][  0]LogPakFile: PakFile PathHashIndexSize=101
[2025.12.16-21.53.38:862][  0]LogPakFile: PakFile FullDirectoryIndexSize=150
[2025.12.16-21.53.38:862][  0]LogShaderLibrary: Display: ShaderCodeLibraryPakFileMountedCallback: PakFile 'C:/Program Files/Epic Games/UE_4.27/FeaturePacks/TP_SideScroller.upack' (chunk index -1, root 'root:/') mounted
[2025.12.16-21.53.38:862][  0]LogShaderLibrary: Display: ShaderCodeLibraryPakFileMountedCallback: pending pak file info (ChunkID:-1 Root:root:/ File:C:/Program Files/Epic Games/UE_4.27/FeaturePacks/TP_SideScroller.upack)
[2025.12.16-21.53.38:862][  0]LogPakFile: OnPakFileMounted2Time == 0.000040
[2025.12.16-21.53.38:862][  0]LogPakFile: PakFile PrimaryIndexSize=190
[2025.12.16-21.53.38:862][  0]LogPakFile: PakFile PathHashIndexSize=101
[2025.12.16-21.53.38:862][  0]LogPakFile: PakFile FullDirectoryIndexSize=154
[2025.12.16-21.53.38:862][  0]LogShaderLibrary: Display: ShaderCodeLibraryPakFileMountedCallback: PakFile 'C:/Program Files/Epic Games/UE_4.27/FeaturePacks/TP_SideScrollerBP.upack' (chunk index -1, root 'root:/') mounted
[2025.12.16-21.53.38:862][  0]LogShaderLibrary: Display: ShaderCodeLibraryPakFileMountedCallback: pending pak file info (ChunkID:-1 Root:root:/ File:C:/Program Files/Epic Games/UE_4.27/FeaturePacks/TP_SideScrollerBP.upack)
[2025.12.16-21.53.38:862][  0]LogPakFile: OnPakFileMounted2Time == 0.000038
[2025.12.16-21.53.38:863][  0]LogPakFile: PakFile PrimaryIndexSize=187
[2025.12.16-21.53.38:863][  0]LogPakFile: PakFile PathHashIndexSize=101
[2025.12.16-21.53.38:863][  0]LogPakFile: PakFile FullDirectoryIndexSize=148
[2025.12.16-21.53.38:863][  0]LogShaderLibrary: Display: ShaderCodeLibraryPakFileMountedCallback: PakFile 'C:/Program Files/Epic Games/UE_4.27/FeaturePacks/TP_ThirdPerson.upack' (chunk index -1, root 'root:/') mounted
[2025.12.16-21.53.38:863][  0]LogShaderLibrary: Display: ShaderCodeLibraryPakFileMountedCallback: pending pak file info (ChunkID:-1 Root:root:/ File:C:/Program Files/Epic Games/UE_4.27/FeaturePacks/TP_ThirdPerson.upack)
[2025.12.16-21.53.38:863][  0]LogPakFile: OnPakFileMounted2Time == 0.000043
[2025.12.16-21.53.38:863][  0]LogPakFile: PakFile PrimaryIndexSize=189
[2025.12.16-21.53.38:863][  0]LogPakFile: PakFile PathHashIndexSize=101
[2025.12.16-21.53.38:863][  0]LogPakFile: PakFile FullDirectoryIndexSize=152
[2025.12.16-21.53.38:864][  0]LogShaderLibrary: Display: ShaderCodeLibraryPakFileMountedCallback: PakFile 'C:/Program Files/Epic Games/UE_4.27/FeaturePacks/TP_ThirdPersonBP.upack' (chunk index -1, root 'root:/') mounted
[2025.12.16-21.53.38:864][  0]LogShaderLibrary: Display: ShaderCodeLibraryPakFileMountedCallback: pending pak file info (ChunkID:-1 Root:root:/ File:C:/Program Files/Epic Games/UE_4.27/FeaturePacks/TP_ThirdPersonBP.upack)
[2025.12.16-21.53.38:864][  0]LogPakFile: OnPakFileMounted2Time == 0.000047
[2025.12.16-21.53.38:864][  0]LogPakFile: PakFile PrimaryIndexSize=183
[2025.12.16-21.53.38:864][  0]LogPakFile: PakFile PathHashIndexSize=101
[2025.12.16-21.53.38:864][  0]LogPakFile: PakFile FullDirectoryIndexSize=140
[2025.12.16-21.53.38:864][  0]LogShaderLibrary: Display: ShaderCodeLibraryPakFileMountedCallback: PakFile 'C:/Program Files/Epic Games/UE_4.27/FeaturePacks/TP_TopDown.upack' (chunk index -1, root 'root:/') mounted
[2025.12.16-21.53.38:864][  0]LogShaderLibrary: Display: ShaderCodeLibraryPakFileMountedCallback: pending pak file info (ChunkID:-1 Root:root:/ File:C:/Program Files/Epic Games/UE_4.27/FeaturePacks/TP_TopDown.upack)
[2025.12.16-21.53.38:864][  0]LogPakFile: OnPakFileMounted2Time == 0.000051
[2025.12.16-21.53.38:865][  0]LogPakFile: PakFile PrimaryIndexSize=185
[2025.12.16-21.53.38:865][  0]LogPakFile: PakFile PathHashIndexSize=101
[2025.12.16-21.53.38:865][  0]LogPakFile: PakFile FullDirectoryIndexSize=144
[2025.12.16-21.53.38:865][  0]LogShaderLibrary: Display: ShaderCodeLibraryPakFileMountedCallback: PakFile 'C:/Program Files/Epic Games/UE_4.27/FeaturePacks/TP_TopDownBP.upack' (chunk index -1, root 'root:/') mounted
[2025.12.16-21.53.38:865][  0]LogShaderLibrary: Display: ShaderCodeLibraryPakFileMountedCallback: pending pak file info (ChunkID:-1 Root:root:/ File:C:/Program Files/Epic Games/UE_4.27/FeaturePacks/TP_TopDownBP.upack)
[2025.12.16-21.53.38:865][  0]LogPakFile: OnPakFileMounted2Time == 0.000043
[2025.12.16-21.53.38:865][  0]LogPakFile: PakFile PrimaryIndexSize=185
[2025.12.16-21.53.38:865][  0]LogPakFile: PakFile PathHashIndexSize=101
[2025.12.16-21.53.38:865][  0]LogPakFile: PakFile FullDirectoryIndexSize=144
[2025.12.16-21.53.38:865][  0]LogShaderLibrary: Display: ShaderCodeLibraryPakFileMountedCallback: PakFile 'C:/Program Files/Epic Games/UE_4.27/FeaturePacks/TP_TwinStick.upack' (chunk index -1, root 'root:/') mounted
[2025.12.16-21.53.38:865][  0]LogShaderLibrary: Display: ShaderCodeLibraryPakFileMountedCallback: pending pak file info (ChunkID:-1 Root:root:/ File:C:/Program Files/Epic Games/UE_4.27/FeaturePacks/TP_TwinStick.upack)
[2025.12.16-21.53.38:865][  0]LogPakFile: OnPakFileMounted2Time == 0.000039
[2025.12.16-21.53.38:866][  0]LogPakFile: PakFile PrimaryIndexSize=187
[2025.12.16-21.53.38:866][  0]LogPakFile: PakFile PathHashIndexSize=101
[2025.12.16-21.53.38:866][  0]LogPakFile: PakFile FullDirectoryIndexSize=148
[2025.12.16-21.53.38:866][  0]LogShaderLibrary: Display: ShaderCodeLibraryPakFileMountedCallback: PakFile 'C:/Program Files/Epic Games/UE_4.27/FeaturePacks/TP_TwinStickBP.upack' (chunk index -1, root 'root:/') mounted
[2025.12.16-21.53.38:866][  0]LogShaderLibrary: Display: ShaderCodeLibraryPakFileMountedCallback: pending pak file info (ChunkID:-1 Root:root:/ File:C:/Program Files/Epic Games/UE_4.27/FeaturePacks/TP_TwinStickBP.upack)
[2025.12.16-21.53.38:866][  0]LogPakFile: OnPakFileMounted2Time == 0.000043
[2025.12.16-21.53.38:866][  0]LogPakFile: PakFile PrimaryIndexSize=183
[2025.12.16-21.53.38:866][  0]LogPakFile: PakFile PathHashIndexSize=101
[2025.12.16-21.53.38:866][  0]LogPakFile: PakFile FullDirectoryIndexSize=140
[2025.12.16-21.53.38:866][  0]LogShaderLibrary: Display: ShaderCodeLibraryPakFileMountedCallback: PakFile 'C:/Program Files/Epic Games/UE_4.27/FeaturePacks/TP_Vehicle.upack' (chunk index -1, root 'root:/') mounted
[2025.12.16-21.53.38:866][  0]LogShaderLibrary: Display: ShaderCodeLibraryPakFileMountedCallback: pending pak file info (ChunkID:-1 Root:root:/ File:C:/Program Files/Epic Games/UE_4.27/FeaturePacks/TP_Vehicle.upack)
[2025.12.16-21.53.38:866][  0]LogPakFile: OnPakFileMounted2Time == 0.000044
[2025.12.16-21.53.38:867][  0]LogPakFile: PakFile PrimaryIndexSize=186
[2025.12.16-21.53.38:867][  0]LogPakFile: PakFile PathHashIndexSize=101
[2025.12.16-21.53.38:867][  0]LogPakFile: PakFile FullDirectoryIndexSize=146
[2025.12.16-21.53.38:867][  0]LogShaderLibrary: Display: ShaderCodeLibraryPakFileMountedCallback: PakFile 'C:/Program Files/Epic Games/UE_4.27/FeaturePacks/TP_VehicleAdv.upack' (chunk index -1, root 'root:/') mounted
[2025.12.16-21.53.38:867][  0]LogShaderLibrary: Display: ShaderCodeLibraryPakFileMountedCallback: pending pak file info (ChunkID:-1 Root:root:/ File:C:/Program Files/Epic Games/UE_4.27/FeaturePacks/TP_VehicleAdv.upack)
[2025.12.16-21.53.38:867][  0]LogPakFile: OnPakFileMounted2Time == 0.000041
[2025.12.16-21.53.38:868][  0]LogPakFile: PakFile PrimaryIndexSize=188
[2025.12.16-21.53.38:868][  0]LogPakFile: PakFile PathHashIndexSize=101
[2025.12.16-21.53.38:868][  0]LogPakFile: PakFile FullDirectoryIndexSize=150
[2025.12.16-21.53.38:868][  0]LogShaderLibrary: Display: ShaderCodeLibraryPakFileMountedCallback: PakFile 'C:/Program Files/Epic Games/UE_4.27/FeaturePacks/TP_VehicleAdvBP.upack' (chunk index -1, root 'root:/') mounted
[2025.12.16-21.53.38:868][  0]LogShaderLibrary: Display: ShaderCodeLibraryPakFileMountedCallback: pending pak file info (ChunkID:-1 Root:root:/ File:C:/Program Files/Epic Games/UE_4.27/FeaturePacks/TP_VehicleAdvBP.upack)
[2025.12.16-21.53.38:868][  0]LogPakFile: OnPakFileMounted2Time == 0.000042
[2025.12.16-21.53.38:868][  0]LogPakFile: PakFile PrimaryIndexSize=185
[2025.12.16-21.53.38:868][  0]LogPakFile: PakFile PathHashIndexSize=101
[2025.12.16-21.53.38:868][  0]LogPakFile: PakFile FullDirectoryIndexSize=144
[2025.12.16-21.53.38:868][  0]LogShaderLibrary: Display: ShaderCodeLibraryPakFileMountedCallback: PakFile 'C:/Program Files/Epic Games/UE_4.27/FeaturePacks/TP_VehicleBP.upack' (chunk index -1, root 'root:/') mounted
[2025.12.16-21.53.38:868][  0]LogShaderLibrary: Display: ShaderCodeLibraryPakFileMountedCallback: pending pak file info (ChunkID:-1 Root:root:/ File:C:/Program Files/Epic Games/UE_4.27/FeaturePacks/TP_VehicleBP.upack)
[2025.12.16-21.53.38:868][  0]LogPakFile: OnPakFileMounted2Time == 0.000035
[2025.12.16-21.53.38:869][  0]LogPakFile: PakFile PrimaryIndexSize=192
[2025.12.16-21.53.38:869][  0]LogPakFile: PakFile PathHashIndexSize=101
[2025.12.16-21.53.38:869][  0]LogPakFile: PakFile FullDirectoryIndexSize=158
[2025.12.16-21.53.38:869][  0]LogShaderLibrary: Display: ShaderCodeLibraryPakFileMountedCallback: PakFile 'C:/Program Files/Epic Games/UE_4.27/FeaturePacks/TP_VirtualRealityBP.upack' (chunk index -1, root 'root:/') mounted
[2025.12.16-21.53.38:869][  0]LogShaderLibrary: Display: ShaderCodeLibraryPakFileMountedCallback: pending pak file info (ChunkID:-1 Root:root:/ File:C:/Program Files/Epic Games/UE_4.27/FeaturePacks/TP_VirtualRealityBP.upack)
[2025.12.16-21.53.38:869][  0]LogPakFile: OnPakFileMounted2Time == 0.000041
[2025.12.16-21.53.38:916][  0]LogNativeClassHierarchy: Verbose: Native class hierarchy updated for 'AddContentDialog' in 0.0003 seconds. Added 0 classes and 0 folders.
[2025.12.16-21.53.38:918][  0]LogNativeClassHierarchy: Verbose: Native class hierarchy updated for 'SceneOutliner' in 0.0003 seconds. Added 2 classes and 0 folders.
[2025.12.16-21.53.38:988][  0]LogSlate: Took 0.000275 seconds to synchronously load lazily loaded font '../../../Engine/Content/Slate/Fonts/Roboto-Regular.ttf' (155K)
[2025.12.16-21.53.38:989][  0]LogSlate: Took 0.000246 seconds to synchronously load lazily loaded font '../../../Engine/Content/Editor/Slate/Fonts/FontAwesome.ttf' (139K)
[2025.12.16-21.53.38:991][  0]LogSlate: Took 0.000246 seconds to synchronously load lazily loaded font '../../../Engine/Content/Slate/Fonts/Roboto-Bold.ttf' (160K)
[2025.12.16-21.53.39:094][  0]LogRenderer: Reallocating scene render targets to support 724x340 Format 10 NumSamples 1 (Frame:1).
[2025.12.16-21.53.39:230][  0]LogNativeClassHierarchy: Verbose: Native class hierarchy updated for 'HierarchicalLODOutliner' in 0.0004 seconds. Added 0 classes and 0 folders.
[2025.12.16-21.53.39:230][  0]LogLoad: (Engine Initialization) Total time: 11.59 seconds
[2025.12.16-21.53.39:230][  0]LogLoad: (Engine Initialization) Total Blueprint compile time: 0.00 seconds
[2025.12.16-21.53.39:396][  0]LogContentStreaming: Texture pool size now 1000 MB
[2025.12.16-21.53.39:506][  0]LogSlate: Took 0.000344 seconds to synchronously load lazily loaded font '../../../Engine/Content/Slate/Fonts/DroidSansMono.ttf' (77K)
[2025.12.16-21.53.39:550][  1]LogAssetRegistry: Asset discovery search completed in 7.1835 seconds
[2025.12.16-21.53.39:559][  1]LogCollectionManager: Fixed up redirectors for 0 collections in 0.000011 seconds (updated 0 objects)
[2025.12.16-21.53.39:622][  2]LogSlate: Took 0.000427 seconds to synchronously load lazily loaded font '../../../Engine/Content/Slate/Fonts/Roboto-Light.ttf' (167K)
[2025.12.16-21.53.41:015][ 59]LogSlate: Took 0.000808 seconds to synchronously load lazily loaded font '../../../Engine/Content/Slate/Fonts/Roboto-Italic.ttf' (157K)
[2025.12.16-21.53.41:824][ 97]LogSlate: Window 'Message Log' being destroyed
[2025.12.16-21.53.41:879][ 97]LogSlate: Window 'Message Log' being destroyed
[2025.12.16-21.53.43:250][146]LogTemp: Repeating last play command: Selected Viewport
[2025.12.16-21.53.43:263][146]LogPlayLevel: PlayLevel: No blueprints needed recompiling
[2025.12.16-21.53.43:264][146]PIE: New page: PIE session: Mars (16 gru 2025, 23:53:43)
[2025.12.16-21.53.43:266][146]LogOnline: OSS: Creating online subsystem instance for: NULL
[2025.12.16-21.53.43:270][146]LogOnline: OSS: TryLoadSubsystemAndSetDefault: Loaded subsystem for module [NULL]
[2025.12.16-21.53.43:270][146]LogPlayLevel: Creating play world package: /Game/Levels/UEDPIE_0_Mars
[2025.12.16-21.53.43:319][146]LogPlayLevel: PIE: StaticDuplicateObject took: (0.049305s)
[2025.12.16-21.53.43:321][146]LogAIModule: Creating AISystem for world Mars
[2025.12.16-21.53.43:321][146]LogPlayLevel: PIE: World Init took: (0.001763s)
[2025.12.16-21.53.43:321][146]LogPlayLevel: PIE: Created PIE world by copying editor world from /Game/Levels/Mars.Mars to /Game/Levels/UEDPIE_0_Mars.Mars (0.051356s)
[2025.12.16-21.53.43:333][146]LogUObjectHash: Compacting FUObjectHashTables data took   1.10ms
[2025.12.16-21.53.43:337][146]LogAudio: Display: Creating Audio Device:                 Id: 2, Scope: Unique, Realtime: True
[2025.12.16-21.53.43:337][146]LogAudioMixer: Display: Audio Mixer Platform Settings:
[2025.12.16-21.53.43:337][146]LogAudioMixer: Display: 	Sample Rate:						  48000
[2025.12.16-21.53.43:337][146]LogAudioMixer: Display: 	Callback Buffer Frame Size Requested: 1024
[2025.12.16-21.53.43:337][146]LogAudioMixer: Display: 	Callback Buffer Frame Size To Use:	  1024
[2025.12.16-21.53.43:337][146]LogAudioMixer: Display: 	Number of buffers to queue:			  2
[2025.12.16-21.53.43:337][146]LogAudioMixer: Display: 	Max Channels (voices):				  32
[2025.12.16-21.53.43:337][146]LogAudioMixer: Display: 	Number of Async Source Workers:		  0
[2025.12.16-21.53.43:337][146]LogAudio: Display: AudioDevice MaxSources: 32
[2025.12.16-21.53.43:337][146]LogAudio: Display: Audio Spatialization Plugin: None (built-in).
[2025.12.16-21.53.43:337][146]LogAudio: Display: Audio Reverb Plugin: None (built-in).
[2025.12.16-21.53.43:337][146]LogAudio: Display: Audio Occlusion Plugin: None (built-in).
[2025.12.16-21.53.43:339][146]LogAudioMixer: Display: Initializing audio mixer.
[2025.12.16-21.53.43:346][146]LogAudioMixer: Display: 0: FrontLeft
[2025.12.16-21.53.43:346][146]LogAudioMixer: Display: 1: FrontRight
[2025.12.16-21.53.43:407][146]LogAudioMixer: Display: Using Audio Device Głośniki (Realtek(R) Audio)
[2025.12.16-21.53.43:407][146]LogAudioMixer: Display: Initializing Sound Submixes...
[2025.12.16-21.53.43:407][146]LogAudioMixer: Display: Creating Master Submix 'MasterSubmixDefault'
[2025.12.16-21.53.43:407][146]LogAudioMixer: Display: Creating Master Submix 'MasterReverbSubmixDefault'
[2025.12.16-21.53.43:408][146]LogAudioMixer: Display: Creating Master Submix 'MasterEQSubmixDefault'
[2025.12.16-21.53.43:408][146]LogAudioMixer: FMixerPlatformXAudio2::StartAudioStream() called
[2025.12.16-21.53.43:408][146]LogAudioMixer: Display: Output buffers initialized: Frames=1024, Channels=2, Samples=2048
[2025.12.16-21.53.43:410][146]LogAudioMixer: Display: Starting AudioMixerPlatformInterface::RunInternal()
[2025.12.16-21.53.43:411][146]LogAudioMixer: Display: FMixerPlatformXAudio2::SubmitBuffer() called for the first time
[2025.12.16-21.53.43:411][146]LogInit: FAudioDevice initialized.
[2025.12.16-21.53.43:411][146]LogAudio: Display: Audio Device (ID: 2) registered with world 'Mars'.
[2025.12.16-21.53.43:427][146]LogLoad: Game class is 'BP_MarsMarine_GameMode_C'
[2025.12.16-21.53.43:432][146]LogWorld: Bringing World /Game/Levels/UEDPIE_0_Mars.Mars up for play (max tick rate 60) at 2025.12.16-22.53.43
[2025.12.16-21.53.43:433][146]LogWorld: Bringing up level for play took: 0.003806
[2025.12.16-21.53.43:434][146]LogOnline: OSS: Creating online subsystem instance for: :Context_3
[2025.12.16-21.53.43:441][146]LogNativeClassHierarchy: Verbose: Native class hierarchy updated for 'MovieSceneCapture' in 0.0005 seconds. Added 20 classes and 0 folders.
[2025.12.16-21.53.43:445][146]PIE: Server logged in
[2025.12.16-21.53.43:446][146]PIE: Play in editor total start time 0,185 seconds.
[2025.12.16-21.53.45:317][229]LogScript: Warning: Accessed None trying to read property Weapon Fire Sound
	BP_Marine_C /Game/Levels/UEDPIE_0_Mars.Mars:PersistentLevel.BP_Marine_C_0
	Function /Game/Blueprints/Pawns/BP_Marine.BP_Marine_C:Stop Firing Weapon:0033
[2025.12.16-21.53.45:318][229]PIE: Error: Blueprint Runtime Error: "Accessed None trying to read property Weapon Fire Sound". Blueprint:  BP_Marine Function:  Stop Firing Weapon Graph:  Stop Firing Weapon Node:  Stop
[2025.12.16-21.53.52:555][574]LogSlate: Updating window title bar state: overlay mode, drag disabled, window buttons hidden, title bar hidden
[2025.12.16-21.53.52:555][574]LogWorld: BeginTearingDown for /Game/Levels/UEDPIE_0_Mars
[2025.12.16-21.53.52:555][574]LogWorld: UWorld::CleanupWorld for Mars, bSessionEnded=true, bCleanupResources=true
[2025.12.16-21.53.52:558][574]LogSlate: InvalidateAllWidgets triggered.  All widgets were invalidated
[2025.12.16-21.53.52:582][574]LogPlayLevel: Display: Shutting down PIE online subsystems
[2025.12.16-21.53.52:586][574]LogSlate: InvalidateAllWidgets triggered.  All widgets were invalidated
[2025.12.16-21.53.52:601][574]LogSlate: Updating window title bar state: overlay mode, drag disabled, window buttons hidden, title bar hidden
[2025.12.16-21.53.52:606][574]LogAudioMixer: FMixerPlatformXAudio2::StopAudioStream() called
[2025.12.16-21.53.52:609][574]LogAudioMixer: FMixerPlatformXAudio2::StopAudioStream() called
[2025.12.16-21.53.52:628][574]LogUObjectHash: Compacting FUObjectHashTables data took   2.03ms
[2025.12.16-21.53.52:894][575]LogPlayLevel: Display: Destroying online subsystem :Context_3
[2025.12.16-21.53.57:249][737]LogSlate: Window 'Message Log' being destroyed
[2025.12.16-21.53.57:342][737]LogSlate: Window 'Message Log' being destroyed
[2025.12.16-21.54.06:659][938]LogSlate: Took 0.000485 seconds to synchronously load lazily loaded font '../../../Engine/Content/Slate/Fonts/Roboto-Light.ttf' (167K)
[2025.12.16-21.54.06:742][938]LogAssetEditorSubsystem: Opening Asset editor for Blueprint /Game/Blueprints/AI/BP_Alien.BP_Alien
[2025.12.16-21.54.07:132][938]LogNativeClassHierarchy: Verbose: Native class hierarchy updated for 'BlueprintGraph' in 0.0008 seconds. Added 126 classes and 0 folders.
[2025.12.16-21.54.08:475][938]LogSlate: Took 0.000282 seconds to synchronously load lazily loaded font '../../../Engine/Content/Slate/Fonts/Roboto-BoldCondensed.ttf' (158K)
[2025.12.16-21.54.16:954][190]Cmd: OBJ SAVEPACKAGE PACKAGE="/Game/Blueprints/AI/BP_Alien" FILE="../../../../../../Rzeczy/gry/1 rok/TopDownShooterAD25/03_MarsMarine 4.27/Content/Blueprints/AI/BP_Alien.uasset" SILENT=true
[2025.12.16-21.54.17:043][190]LogSavePackage: Moving '../../../../../../Rzeczy/gry/1 rok/TopDownShooterAD25/03_MarsMarine 4.27/Saved/BP_AlienA6DBC5B54C1ED22CFB5D409B9E643F49.tmp' to '../../../../../../Rzeczy/gry/1 rok/TopDownShooterAD25/03_MarsMarine 4.27/Content/Blueprints/AI/BP_Alien.uasset'
[2025.12.16-21.54.17:172][190]AssetCheck: New page: Asset Save: BP_Alien
[2025.12.16-21.54.17:173][190]LogContentValidation: Display: Validating Blueprint /Game/Blueprints/AI/BP_Alien.BP_Alien
[2025.12.16-21.54.18:397][231]LogSlate: Window 'BP_Alien' being destroyed
[2025.12.16-21.54.49:063][ 71]LogUObjectHash: Compacting FUObjectHashTables data took   9.54ms
[2025.12.16-21.54.51:675][ 71]LogSlate: Window 'Delete Assets' being destroyed
[2025.12.16-21.54.52:097][ 71]LogWorld: UWorld::CleanupWorld for World_3, bSessionEnded=true, bCleanupResources=true
[2025.12.16-21.54.52:097][ 71]LogSlate: InvalidateAllWidgets triggered.  All widgets were invalidated
[2025.12.16-21.54.52:161][ 71]LogUObjectGlobals: Force Deleting 10 Package(s):
	Asset Name: /Game/Weapons/MaterialLayers/ML_BoltMetal.ML_BoltMetal
	Asset Name: /Game/Weapons/MaterialLayers/T_ExampleLayers_Metal02_N.T_ExampleLayers_Metal02_N
	Asset Name: /Game/Weapons/MaterialLayers/ML_Metal_Copper.ML_Metal_Copper
	Asset Name: /Game/Weapons/MaterialLayers/T_Metal_Metal02_D.T_Metal_Metal02_D
	Asset Name: /Game/Weapons/MaterialLayers/ML_Metal_Gray.ML_Metal_Gray
	Asset Name: /Game/Weapons/MaterialLayers/T_PaintedMetal01_N.T_PaintedMetal01_N
	Asset Name: /Game/Weapons/MaterialLayers/T_PaintedMetal02.T_PaintedMetal02
	Asset Name: /Game/Weapons/MaterialLayers/ML_Paint.ML_Paint
	Asset Name: /Game/Weapons/MaterialLayers/T_Rubber.T_Rubber
	Asset Name: /Game/Weapons/MaterialLayers/ML_Rubber.ML_Rubber
[2025.12.16-21.54.56:306][ 71]LogMaterial: Display: Missing cached shadermap for MagGun_MatA in PCD3D_SM5, Default, SM5 (DDC key hash: B6E63534CB271A1C46C18FA7D1ACC7EF5ACF5EEF), compiling. 
[2025.12.16-21.54.56:311][ 71]LogMaterial: Warning: [AssetLog] C:\Rzeczy\gry\1 rok\TopDownShooterAD25\03_MarsMarine 4.27\Content\Weapons\Materials\MagGun_MatA.uasset: Failed to compile Material for platform PCD3D_SM5, Default Material will be used in game.
[2025.12.16-21.54.56:311][ 71]LogMaterial: Display: 	Missing Material Function
[2025.12.16-21.54.56:313][ 71]LogMaterial: Display: Missing cached shadermap for MagGun_MatA in PCD3D_SM5, Default, SM5 (DDC key hash: B6E63534CB271A1C46C18FA7D1ACC7EF5ACF5EEF), compiling. 
[2025.12.16-21.54.56:316][ 71]LogMaterial: Warning: [AssetLog] C:\Rzeczy\gry\1 rok\TopDownShooterAD25\03_MarsMarine 4.27\Content\Weapons\Materials\MagGun_MatA.uasset: Failed to compile Material for platform PCD3D_SM5, Default Material will be used in game.
[2025.12.16-21.54.56:316][ 71]LogMaterial: Display: 	Missing Material Function
[2025.12.16-21.54.56:318][ 71]LogMaterial: Display: Missing cached shadermap for MagGun_MatA in PCD3D_SM5, Default, SM5 (DDC key hash: B6E63534CB271A1C46C18FA7D1ACC7EF5ACF5EEF), compiling. 
[2025.12.16-21.54.56:322][ 71]LogMaterial: Warning: [AssetLog] C:\Rzeczy\gry\1 rok\TopDownShooterAD25\03_MarsMarine 4.27\Content\Weapons\Materials\MagGun_MatA.uasset: Failed to compile Material for platform PCD3D_SM5, Default Material will be used in game.
[2025.12.16-21.54.56:322][ 71]LogMaterial: Display: 	Missing Material Function
[2025.12.16-21.54.56:334][ 71]LogMaterial: Display: Missing cached shadermap for MagGun_MatA in PCD3D_SM5, Default, SM5 (DDC key hash: B6E63534CB271A1C46C18FA7D1ACC7EF5ACF5EEF), compiling. 
[2025.12.16-21.54.56:338][ 71]LogMaterial: Warning: [AssetLog] C:\Rzeczy\gry\1 rok\TopDownShooterAD25\03_MarsMarine 4.27\Content\Weapons\Materials\MagGun_MatA.uasset: Failed to compile Material for platform PCD3D_SM5, Default Material will be used in game.
[2025.12.16-21.54.56:338][ 71]LogMaterial: Display: 	Missing Material Function
[2025.12.16-21.54.56:340][ 71]LogMaterial: Display: Missing cached shadermap for MagGun_MatA in PCD3D_SM5, Default, SM5 (DDC key hash: B6E63534CB271A1C46C18FA7D1ACC7EF5ACF5EEF), compiling. 
[2025.12.16-21.54.56:343][ 71]LogMaterial: Warning: [AssetLog] C:\Rzeczy\gry\1 rok\TopDownShooterAD25\03_MarsMarine 4.27\Content\Weapons\Materials\MagGun_MatA.uasset: Failed to compile Material for platform PCD3D_SM5, Default Material will be used in game.
[2025.12.16-21.54.56:343][ 71]LogMaterial: Display: 	Missing Material Function
[2025.12.16-21.54.56:345][ 71]LogMaterial: Display: Missing cached shadermap for MagGun_MatA in PCD3D_SM5, Default, SM5 (DDC key hash: B6E63534CB271A1C46C18FA7D1ACC7EF5ACF5EEF), compiling. 
[2025.12.16-21.54.56:349][ 71]LogMaterial: Warning: [AssetLog] C:\Rzeczy\gry\1 rok\TopDownShooterAD25\03_MarsMarine 4.27\Content\Weapons\Materials\MagGun_MatA.uasset: Failed to compile Material for platform PCD3D_SM5, Default Material will be used in game.
[2025.12.16-21.54.56:349][ 71]LogMaterial: Display: 	Missing Material Function
[2025.12.16-21.54.56:351][ 71]LogMaterial: Display: Missing cached shadermap for MagGun_MatA in PCD3D_SM5, Default, SM5 (DDC key hash: B6E63534CB271A1C46C18FA7D1ACC7EF5ACF5EEF), compiling. 
[2025.12.16-21.54.56:355][ 71]LogMaterial: Warning: [AssetLog] C:\Rzeczy\gry\1 rok\TopDownShooterAD25\03_MarsMarine 4.27\Content\Weapons\Materials\MagGun_MatA.uasset: Failed to compile Material for platform PCD3D_SM5, Default Material will be used in game.
[2025.12.16-21.54.56:355][ 71]LogMaterial: Display: 	Missing Material Function
[2025.12.16-21.54.56:357][ 71]LogMaterial: Display: Missing cached shadermap for MagGun_MatA in PCD3D_SM5, Default, SM5 (DDC key hash: B6E63534CB271A1C46C18FA7D1ACC7EF5ACF5EEF), compiling. 
[2025.12.16-21.54.56:361][ 71]LogMaterial: Warning: [AssetLog] C:\Rzeczy\gry\1 rok\TopDownShooterAD25\03_MarsMarine 4.27\Content\Weapons\Materials\MagGun_MatA.uasset: Failed to compile Material for platform PCD3D_SM5, Default Material will be used in game.
[2025.12.16-21.54.56:361][ 71]LogMaterial: Display: 	Missing Material Function
[2025.12.16-21.54.56:362][ 71]LogMaterial: Display: Missing cached shadermap for MagGun_MatA in PCD3D_SM5, Default, SM5 (DDC key hash: B6E63534CB271A1C46C18FA7D1ACC7EF5ACF5EEF), compiling. 
[2025.12.16-21.54.56:366][ 71]LogMaterial: Warning: [AssetLog] C:\Rzeczy\gry\1 rok\TopDownShooterAD25\03_MarsMarine 4.27\Content\Weapons\Materials\MagGun_MatA.uasset: Failed to compile Material for platform PCD3D_SM5, Default Material will be used in game.
[2025.12.16-21.54.56:366][ 71]LogMaterial: Display: 	Missing Material Function
[2025.12.16-21.54.56:368][ 71]LogMaterial: Display: Missing cached shadermap for MagGun_MatA in PCD3D_SM5, Default, SM5 (DDC key hash: B6E63534CB271A1C46C18FA7D1ACC7EF5ACF5EEF), compiling. 
[2025.12.16-21.54.56:371][ 71]LogMaterial: Warning: [AssetLog] C:\Rzeczy\gry\1 rok\TopDownShooterAD25\03_MarsMarine 4.27\Content\Weapons\Materials\MagGun_MatA.uasset: Failed to compile Material for platform PCD3D_SM5, Default Material will be used in game.
[2025.12.16-21.54.56:371][ 71]LogMaterial: Display: 	Missing Material Function
[2025.12.16-21.54.56:372][ 71]LogMaterial: Display: Missing cached shadermap for MagGun_MatA in PCD3D_SM5, Default, SM5 (DDC key hash: B6E63534CB271A1C46C18FA7D1ACC7EF5ACF5EEF), compiling. 
[2025.12.16-21.54.56:375][ 71]LogMaterial: Warning: [AssetLog] C:\Rzeczy\gry\1 rok\TopDownShooterAD25\03_MarsMarine 4.27\Content\Weapons\Materials\MagGun_MatA.uasset: Failed to compile Material for platform PCD3D_SM5, Default Material will be used in game.
[2025.12.16-21.54.56:377][ 71]LogMaterial: Display: 	Missing Material Function
[2025.12.16-21.54.56:378][ 71]LogMaterial: Display: Missing cached shadermap for MagGun_MatA in PCD3D_SM5, Default, SM5 (DDC key hash: B6E63534CB271A1C46C18FA7D1ACC7EF5ACF5EEF), compiling. 
[2025.12.16-21.54.56:382][ 71]LogMaterial: Warning: [AssetLog] C:\Rzeczy\gry\1 rok\TopDownShooterAD25\03_MarsMarine 4.27\Content\Weapons\Materials\MagGun_MatA.uasset: Failed to compile Material for platform PCD3D_SM5, Default Material will be used in game.
[2025.12.16-21.54.56:382][ 71]LogMaterial: Display: 	Missing Material Function
[2025.12.16-21.54.56:384][ 71]LogMaterial: Display: Missing cached shadermap for MagGun_MatA in PCD3D_SM5, Default, SM5 (DDC key hash: B6E63534CB271A1C46C18FA7D1ACC7EF5ACF5EEF), compiling. 
[2025.12.16-21.54.56:388][ 71]LogMaterial: Warning: [AssetLog] C:\Rzeczy\gry\1 rok\TopDownShooterAD25\03_MarsMarine 4.27\Content\Weapons\Materials\MagGun_MatA.uasset: Failed to compile Material for platform PCD3D_SM5, Default Material will be used in game.
[2025.12.16-21.54.56:388][ 71]LogMaterial: Display: 	Missing Material Function
[2025.12.16-21.54.56:389][ 71]LogMaterial: Display: Missing cached shadermap for MagGun_MatA in PCD3D_SM5, Default, SM5 (DDC key hash: B6E63534CB271A1C46C18FA7D1ACC7EF5ACF5EEF), compiling. 
[2025.12.16-21.54.56:393][ 71]LogMaterial: Warning: [AssetLog] C:\Rzeczy\gry\1 rok\TopDownShooterAD25\03_MarsMarine 4.27\Content\Weapons\Materials\MagGun_MatA.uasset: Failed to compile Material for platform PCD3D_SM5, Default Material will be used in game.
[2025.12.16-21.54.56:393][ 71]LogMaterial: Display: 	Missing Material Function
[2025.12.16-21.54.56:395][ 71]LogMaterial: Display: Missing cached shadermap for MagGun_MatA in PCD3D_SM5, Default, SM5 (DDC key hash: B6E63534CB271A1C46C18FA7D1ACC7EF5ACF5EEF), compiling. 
[2025.12.16-21.54.56:398][ 71]LogMaterial: Warning: [AssetLog] C:\Rzeczy\gry\1 rok\TopDownShooterAD25\03_MarsMarine 4.27\Content\Weapons\Materials\MagGun_MatA.uasset: Failed to compile Material for platform PCD3D_SM5, Default Material will be used in game.
[2025.12.16-21.54.56:398][ 71]LogMaterial: Display: 	Missing Material Function
[2025.12.16-21.54.56:400][ 71]LogMaterial: Display: Missing cached shadermap for MagGun_MatA in PCD3D_SM5, Default, SM5 (DDC key hash: B6E63534CB271A1C46C18FA7D1ACC7EF5ACF5EEF), compiling. 
[2025.12.16-21.54.56:404][ 71]LogMaterial: Warning: [AssetLog] C:\Rzeczy\gry\1 rok\TopDownShooterAD25\03_MarsMarine 4.27\Content\Weapons\Materials\MagGun_MatA.uasset: Failed to compile Material for platform PCD3D_SM5, Default Material will be used in game.
[2025.12.16-21.54.56:404][ 71]LogMaterial: Display: 	Missing Material Function
[2025.12.16-21.54.56:406][ 71]LogMaterial: Display: Missing cached shadermap for MagGun_MatA in PCD3D_SM5, Default, SM5 (DDC key hash: B6E63534CB271A1C46C18FA7D1ACC7EF5ACF5EEF), compiling. 
[2025.12.16-21.54.56:410][ 71]LogMaterial: Warning: [AssetLog] C:\Rzeczy\gry\1 rok\TopDownShooterAD25\03_MarsMarine 4.27\Content\Weapons\Materials\MagGun_MatA.uasset: Failed to compile Material for platform PCD3D_SM5, Default Material will be used in game.
[2025.12.16-21.54.56:410][ 71]LogMaterial: Display: 	Missing Material Function
[2025.12.16-21.54.56:412][ 71]LogMaterial: Display: Missing cached shadermap for MagGun_MatA in PCD3D_SM5, Default, SM5 (DDC key hash: B6E63534CB271A1C46C18FA7D1ACC7EF5ACF5EEF), compiling. 
[2025.12.16-21.54.56:415][ 71]LogMaterial: Warning: [AssetLog] C:\Rzeczy\gry\1 rok\TopDownShooterAD25\03_MarsMarine 4.27\Content\Weapons\Materials\MagGun_MatA.uasset: Failed to compile Material for platform PCD3D_SM5, Default Material will be used in game.
[2025.12.16-21.54.56:416][ 71]LogMaterial: Display: 	Missing Material Function
[2025.12.16-21.54.56:417][ 71]LogMaterial: Display: Missing cached shadermap for MagGun_MatA in PCD3D_SM5, Default, SM5 (DDC key hash: B6E63534CB271A1C46C18FA7D1ACC7EF5ACF5EEF), compiling. 
[2025.12.16-21.54.56:420][ 71]LogMaterial: Warning: [AssetLog] C:\Rzeczy\gry\1 rok\TopDownShooterAD25\03_MarsMarine 4.27\Content\Weapons\Materials\MagGun_MatA.uasset: Failed to compile Material for platform PCD3D_SM5, Default Material will be used in game.
[2025.12.16-21.54.56:421][ 71]LogMaterial: Display: 	Missing Material Function
[2025.12.16-21.54.56:422][ 71]LogMaterial: Display: Missing cached shadermap for MagGun_MatA in PCD3D_SM5, Default, SM5 (DDC key hash: B6E63534CB271A1C46C18FA7D1ACC7EF5ACF5EEF), compiling. 
[2025.12.16-21.54.56:426][ 71]LogMaterial: Warning: [AssetLog] C:\Rzeczy\gry\1 rok\TopDownShooterAD25\03_MarsMarine 4.27\Content\Weapons\Materials\MagGun_MatA.uasset: Failed to compile Material for platform PCD3D_SM5, Default Material will be used in game.
[2025.12.16-21.54.56:426][ 71]LogMaterial: Display: 	Missing Material Function
[2025.12.16-21.54.56:428][ 71]LogMaterial: Display: Missing cached shadermap for MagGun_MatA in PCD3D_SM5, Default, SM5 (DDC key hash: B6E63534CB271A1C46C18FA7D1ACC7EF5ACF5EEF), compiling. 
[2025.12.16-21.54.56:432][ 71]LogMaterial: Warning: [AssetLog] C:\Rzeczy\gry\1 rok\TopDownShooterAD25\03_MarsMarine 4.27\Content\Weapons\Materials\MagGun_MatA.uasset: Failed to compile Material for platform PCD3D_SM5, Default Material will be used in game.
[2025.12.16-21.54.56:432][ 71]LogMaterial: Display: 	Missing Material Function
[2025.12.16-21.54.56:434][ 71]LogMaterial: Display: Missing cached shadermap for MagGun_MatA in PCD3D_SM5, Default, SM5 (DDC key hash: B6E63534CB271A1C46C18FA7D1ACC7EF5ACF5EEF), compiling. 
[2025.12.16-21.54.56:438][ 71]LogMaterial: Warning: [AssetLog] C:\Rzeczy\gry\1 rok\TopDownShooterAD25\03_MarsMarine 4.27\Content\Weapons\Materials\MagGun_MatA.uasset: Failed to compile Material for platform PCD3D_SM5, Default Material will be used in game.
[2025.12.16-21.54.56:438][ 71]LogMaterial: Display: 	Missing Material Function
[2025.12.16-21.54.56:439][ 71]LogMaterial: Display: Missing cached shadermap for MagGun_MatA in PCD3D_SM5, Default, SM5 (DDC key hash: B6E63534CB271A1C46C18FA7D1ACC7EF5ACF5EEF), compiling. 
[2025.12.16-21.54.56:442][ 71]LogMaterial: Warning: [AssetLog] C:\Rzeczy\gry\1 rok\TopDownShooterAD25\03_MarsMarine 4.27\Content\Weapons\Materials\MagGun_MatA.uasset: Failed to compile Material for platform PCD3D_SM5, Default Material will be used in game.
[2025.12.16-21.54.56:443][ 71]LogMaterial: Display: 	Missing Material Function
[2025.12.16-21.54.56:444][ 71]LogMaterial: Display: Missing cached shadermap for MagGun_MatA in PCD3D_SM5, Default, SM5 (DDC key hash: B6E63534CB271A1C46C18FA7D1ACC7EF5ACF5EEF), compiling. 
[2025.12.16-21.54.56:448][ 71]LogMaterial: Warning: [AssetLog] C:\Rzeczy\gry\1 rok\TopDownShooterAD25\03_MarsMarine 4.27\Content\Weapons\Materials\MagGun_MatA.uasset: Failed to compile Material for platform PCD3D_SM5, Default Material will be used in game.
[2025.12.16-21.54.56:448][ 71]LogMaterial: Display: 	Missing Material Function
[2025.12.16-21.54.56:450][ 71]LogMaterial: Display: Missing cached shadermap for MagGun_MatA in PCD3D_SM5, Default, SM5 (DDC key hash: B6E63534CB271A1C46C18FA7D1ACC7EF5ACF5EEF), compiling. 
[2025.12.16-21.54.56:454][ 71]LogMaterial: Warning: [AssetLog] C:\Rzeczy\gry\1 rok\TopDownShooterAD25\03_MarsMarine 4.27\Content\Weapons\Materials\MagGun_MatA.uasset: Failed to compile Material for platform PCD3D_SM5, Default Material will be used in game.
[2025.12.16-21.54.56:454][ 71]LogMaterial: Display: 	Missing Material Function
[2025.12.16-21.54.56:456][ 71]LogMaterial: Display: Missing cached shadermap for MagGun_MatA in PCD3D_SM5, Default, SM5 (DDC key hash: B6E63534CB271A1C46C18FA7D1ACC7EF5ACF5EEF), compiling. 
[2025.12.16-21.54.56:460][ 71]LogMaterial: Warning: [AssetLog] C:\Rzeczy\gry\1 rok\TopDownShooterAD25\03_MarsMarine 4.27\Content\Weapons\Materials\MagGun_MatA.uasset: Failed to compile Material for platform PCD3D_SM5, Default Material will be used in game.
[2025.12.16-21.54.56:460][ 71]LogMaterial: Display: 	Missing Material Function
[2025.12.16-21.54.56:461][ 71]LogMaterial: Display: Missing cached shadermap for MagGun_MatA in PCD3D_SM5, Default, SM5 (DDC key hash: B6E63534CB271A1C46C18FA7D1ACC7EF5ACF5EEF), compiling. 
[2025.12.16-21.54.56:465][ 71]LogMaterial: Warning: [AssetLog] C:\Rzeczy\gry\1 rok\TopDownShooterAD25\03_MarsMarine 4.27\Content\Weapons\Materials\MagGun_MatA.uasset: Failed to compile Material for platform PCD3D_SM5, Default Material will be used in game.
[2025.12.16-21.54.56:465][ 71]LogMaterial: Display: 	Missing Material Function
[2025.12.16-21.54.56:467][ 71]LogMaterial: Display: Missing cached shadermap for MagGun_MatA in PCD3D_SM5, Default, SM5 (DDC key hash: B6E63534CB271A1C46C18FA7D1ACC7EF5ACF5EEF), compiling. 
[2025.12.16-21.54.56:472][ 71]LogMaterial: Warning: [AssetLog] C:\Rzeczy\gry\1 rok\TopDownShooterAD25\03_MarsMarine 4.27\Content\Weapons\Materials\MagGun_MatA.uasset: Failed to compile Material for platform PCD3D_SM5, Default Material will be used in game.
[2025.12.16-21.54.56:472][ 71]LogMaterial: Display: 	Missing Material Function
[2025.12.16-21.54.56:473][ 71]LogMaterial: Display: Missing cached shadermap for MagGun_MatA in PCD3D_SM5, Default, SM5 (DDC key hash: B6E63534CB271A1C46C18FA7D1ACC7EF5ACF5EEF), compiling. 
[2025.12.16-21.54.56:477][ 71]LogMaterial: Warning: [AssetLog] C:\Rzeczy\gry\1 rok\TopDownShooterAD25\03_MarsMarine 4.27\Content\Weapons\Materials\MagGun_MatA.uasset: Failed to compile Material for platform PCD3D_SM5, Default Material will be used in game.
[2025.12.16-21.54.56:477][ 71]LogMaterial: Display: 	Missing Material Function
[2025.12.16-21.54.56:479][ 71]LogMaterial: Display: Missing cached shadermap for MagGun_MatA in PCD3D_SM5, Default, SM5 (DDC key hash: B6E63534CB271A1C46C18FA7D1ACC7EF5ACF5EEF), compiling. 
[2025.12.16-21.54.56:482][ 71]LogMaterial: Warning: [AssetLog] C:\Rzeczy\gry\1 rok\TopDownShooterAD25\03_MarsMarine 4.27\Content\Weapons\Materials\MagGun_MatA.uasset: Failed to compile Material for platform PCD3D_SM5, Default Material will be used in game.
[2025.12.16-21.54.56:482][ 71]LogMaterial: Display: 	Missing Material Function
[2025.12.16-21.54.56:484][ 71]LogMaterial: Display: Missing cached shadermap for MagGun_MatA in PCD3D_SM5, Default, SM5 (DDC key hash: B6E63534CB271A1C46C18FA7D1ACC7EF5ACF5EEF), compiling. 
[2025.12.16-21.54.56:488][ 71]LogMaterial: Warning: [AssetLog] C:\Rzeczy\gry\1 rok\TopDownShooterAD25\03_MarsMarine 4.27\Content\Weapons\Materials\MagGun_MatA.uasset: Failed to compile Material for platform PCD3D_SM5, Default Material will be used in game.
[2025.12.16-21.54.56:488][ 71]LogMaterial: Display: 	Missing Material Function
[2025.12.16-21.54.56:490][ 71]LogMaterial: Display: Missing cached shadermap for MagGun_MatA in PCD3D_SM5, Default, SM5 (DDC key hash: B6E63534CB271A1C46C18FA7D1ACC7EF5ACF5EEF), compiling. 
[2025.12.16-21.54.56:494][ 71]LogMaterial: Warning: [AssetLog] C:\Rzeczy\gry\1 rok\TopDownShooterAD25\03_MarsMarine 4.27\Content\Weapons\Materials\MagGun_MatA.uasset: Failed to compile Material for platform PCD3D_SM5, Default Material will be used in game.
[2025.12.16-21.54.56:494][ 71]LogMaterial: Display: 	Missing Material Function
[2025.12.16-21.54.56:495][ 71]LogMaterial: Display: Missing cached shadermap for MagGun_MatA in PCD3D_SM5, Default, SM5 (DDC key hash: B6E63534CB271A1C46C18FA7D1ACC7EF5ACF5EEF), compiling. 
[2025.12.16-21.54.56:499][ 71]LogMaterial: Warning: [AssetLog] C:\Rzeczy\gry\1 rok\TopDownShooterAD25\03_MarsMarine 4.27\Content\Weapons\Materials\MagGun_MatA.uasset: Failed to compile Material for platform PCD3D_SM5, Default Material will be used in game.
[2025.12.16-21.54.56:499][ 71]LogMaterial: Display: 	Missing Material Function
[2025.12.16-21.54.56:501][ 71]LogMaterial: Display: Missing cached shadermap for MagGun_MatA in PCD3D_SM5, Default, SM5 (DDC key hash: B6E63534CB271A1C46C18FA7D1ACC7EF5ACF5EEF), compiling. 
[2025.12.16-21.54.56:504][ 71]LogMaterial: Warning: [AssetLog] C:\Rzeczy\gry\1 rok\TopDownShooterAD25\03_MarsMarine 4.27\Content\Weapons\Materials\MagGun_MatA.uasset: Failed to compile Material for platform PCD3D_SM5, Default Material will be used in game.
[2025.12.16-21.54.56:505][ 71]LogMaterial: Display: 	Missing Material Function
[2025.12.16-21.54.56:506][ 71]LogMaterial: Display: Missing cached shadermap for MagGun_MatA in PCD3D_SM5, Default, SM5 (DDC key hash: B6E63534CB271A1C46C18FA7D1ACC7EF5ACF5EEF), compiling. 
[2025.12.16-21.54.56:510][ 71]LogMaterial: Warning: [AssetLog] C:\Rzeczy\gry\1 rok\TopDownShooterAD25\03_MarsMarine 4.27\Content\Weapons\Materials\MagGun_MatA.uasset: Failed to compile Material for platform PCD3D_SM5, Default Material will be used in game.
[2025.12.16-21.54.56:510][ 71]LogMaterial: Display: 	Missing Material Function
[2025.12.16-21.54.56:516][ 71]LogMaterial: Display: Missing cached shadermap for MagGun_MatB in PCD3D_SM5, Default, SM5 (DDC key hash: 20A73517AEA342A901C90C7B89D119EA4CA8F773), compiling. 
[2025.12.16-21.54.56:520][ 71]LogMaterial: Warning: [AssetLog] C:\Rzeczy\gry\1 rok\TopDownShooterAD25\03_MarsMarine 4.27\Content\Weapons\Materials\MagGun_MatB.uasset: Failed to compile Material for platform PCD3D_SM5, Default Material will be used in game.
[2025.12.16-21.54.56:520][ 71]LogMaterial: Display: 	Missing Material Function
[2025.12.16-21.54.56:522][ 71]LogMaterial: Display: Missing cached shadermap for MagGun_MatB in PCD3D_SM5, Default, SM5 (DDC key hash: 20A73517AEA342A901C90C7B89D119EA4CA8F773), compiling. 
[2025.12.16-21.54.56:527][ 71]LogMaterial: Warning: [AssetLog] C:\Rzeczy\gry\1 rok\TopDownShooterAD25\03_MarsMarine 4.27\Content\Weapons\Materials\MagGun_MatB.uasset: Failed to compile Material for platform PCD3D_SM5, Default Material will be used in game.
[2025.12.16-21.54.56:527][ 71]LogMaterial: Display: 	Missing Material Function
[2025.12.16-21.54.56:529][ 71]LogMaterial: Display: Missing cached shadermap for MagGun_MatB in PCD3D_SM5, Default, SM5 (DDC key hash: 20A73517AEA342A901C90C7B89D119EA4CA8F773), compiling. 
[2025.12.16-21.54.56:533][ 71]LogMaterial: Warning: [AssetLog] C:\Rzeczy\gry\1 rok\TopDownShooterAD25\03_MarsMarine 4.27\Content\Weapons\Materials\MagGun_MatB.uasset: Failed to compile Material for platform PCD3D_SM5, Default Material will be used in game.
[2025.12.16-21.54.56:533][ 71]LogMaterial: Display: 	Missing Material Function
[2025.12.16-21.54.56:537][ 71]LogMaterial: Display: Missing cached shadermap for MagGun_MatB in PCD3D_SM5, Default, SM5 (DDC key hash: 20A73517AEA342A901C90C7B89D119EA4CA8F773), compiling. 
[2025.12.16-21.54.56:542][ 71]LogMaterial: Warning: [AssetLog] C:\Rzeczy\gry\1 rok\TopDownShooterAD25\03_MarsMarine 4.27\Content\Weapons\Materials\MagGun_MatB.uasset: Failed to compile Material for platform PCD3D_SM5, Default Material will be used in game.
[2025.12.16-21.54.56:542][ 71]LogMaterial: Display: 	Missing Material Function
[2025.12.16-21.54.56:544][ 71]LogMaterial: Display: Missing cached shadermap for MagGun_MatB in PCD3D_SM5, Default, SM5 (DDC key hash: 20A73517AEA342A901C90C7B89D119EA4CA8F773), compiling. 
[2025.12.16-21.54.56:548][ 71]LogMaterial: Warning: [AssetLog] C:\Rzeczy\gry\1 rok\TopDownShooterAD25\03_MarsMarine 4.27\Content\Weapons\Materials\MagGun_MatB.uasset: Failed to compile Material for platform PCD3D_SM5, Default Material will be used in game.
[2025.12.16-21.54.56:548][ 71]LogMaterial: Display: 	Missing Material Function
[2025.12.16-21.54.56:550][ 71]LogMaterial: Display: Missing cached shadermap for MagGun_MatB in PCD3D_SM5, Default, SM5 (DDC key hash: 20A73517AEA342A901C90C7B89D119EA4CA8F773), compiling. 
[2025.12.16-21.54.56:555][ 71]LogMaterial: Warning: [AssetLog] C:\Rzeczy\gry\1 rok\TopDownShooterAD25\03_MarsMarine 4.27\Content\Weapons\Materials\MagGun_MatB.uasset: Failed to compile Material for platform PCD3D_SM5, Default Material will be used in game.
[2025.12.16-21.54.56:555][ 71]LogMaterial: Display: 	Missing Material Function
[2025.12.16-21.54.56:556][ 71]LogMaterial: Display: Missing cached shadermap for MagGun_MatB in PCD3D_SM5, Default, SM5 (DDC key hash: 20A73517AEA342A901C90C7B89D119EA4CA8F773), compiling. 
[2025.12.16-21.54.56:562][ 71]LogMaterial: Warning: [AssetLog] C:\Rzeczy\gry\1 rok\TopDownShooterAD25\03_MarsMarine 4.27\Content\Weapons\Materials\MagGun_MatB.uasset: Failed to compile Material for platform PCD3D_SM5, Default Material will be used in game.
[2025.12.16-21.54.56:562][ 71]LogMaterial: Display: 	Missing Material Function
[2025.12.16-21.54.56:564][ 71]LogMaterial: Display: Missing cached shadermap for MagGun_MatB in PCD3D_SM5, Default, SM5 (DDC key hash: 20A73517AEA342A901C90C7B89D119EA4CA8F773), compiling. 
[2025.12.16-21.54.56:568][ 71]LogMaterial: Warning: [AssetLog] C:\Rzeczy\gry\1 rok\TopDownShooterAD25\03_MarsMarine 4.27\Content\Weapons\Materials\MagGun_MatB.uasset: Failed to compile Material for platform PCD3D_SM5, Default Material will be used in game.
[2025.12.16-21.54.56:568][ 71]LogMaterial: Display: 	Missing Material Function
[2025.12.16-21.54.56:570][ 71]LogMaterial: Display: Missing cached shadermap for MagGun_MatB in PCD3D_SM5, Default, SM5 (DDC key hash: 20A73517AEA342A901C90C7B89D119EA4CA8F773), compiling. 
[2025.12.16-21.54.56:574][ 71]LogMaterial: Warning: [AssetLog] C:\Rzeczy\gry\1 rok\TopDownShooterAD25\03_MarsMarine 4.27\Content\Weapons\Materials\MagGun_MatB.uasset: Failed to compile Material for platform PCD3D_SM5, Default Material will be used in game.
[2025.12.16-21.54.56:574][ 71]LogMaterial: Display: 	Missing Material Function
[2025.12.16-21.54.56:577][ 71]LogMaterial: Display: Missing cached shadermap for MagGun_MatB in PCD3D_SM5, Default, SM5 (DDC key hash: 20A73517AEA342A901C90C7B89D119EA4CA8F773), compiling. 
[2025.12.16-21.54.56:581][ 71]LogMaterial: Warning: [AssetLog] C:\Rzeczy\gry\1 rok\TopDownShooterAD25\03_MarsMarine 4.27\Content\Weapons\Materials\MagGun_MatB.uasset: Failed to compile Material for platform PCD3D_SM5, Default Material will be used in game.
[2025.12.16-21.54.56:581][ 71]LogMaterial: Display: 	Missing Material Function
[2025.12.16-21.54.56:583][ 71]LogMaterial: Display: Missing cached shadermap for MagGun_MatB in PCD3D_SM5, Default, SM5 (DDC key hash: 20A73517AEA342A901C90C7B89D119EA4CA8F773), compiling. 
[2025.12.16-21.54.56:588][ 71]LogMaterial: Warning: [AssetLog] C:\Rzeczy\gry\1 rok\TopDownShooterAD25\03_MarsMarine 4.27\Content\Weapons\Materials\MagGun_MatB.uasset: Failed to compile Material for platform PCD3D_SM5, Default Material will be used in game.
[2025.12.16-21.54.56:588][ 71]LogMaterial: Display: 	Missing Material Function
[2025.12.16-21.54.56:590][ 71]LogMaterial: Display: Missing cached shadermap for MagGun_MatB in PCD3D_SM5, Default, SM5 (DDC key hash: 20A73517AEA342A901C90C7B89D119EA4CA8F773), compiling. 
[2025.12.16-21.54.56:595][ 71]LogMaterial: Warning: [AssetLog] C:\Rzeczy\gry\1 rok\TopDownShooterAD25\03_MarsMarine 4.27\Content\Weapons\Materials\MagGun_MatB.uasset: Failed to compile Material for platform PCD3D_SM5, Default Material will be used in game.
[2025.12.16-21.54.56:595][ 71]LogMaterial: Display: 	Missing Material Function
[2025.12.16-21.54.56:597][ 71]LogMaterial: Display: Missing cached shadermap for MagGun_MatB in PCD3D_SM5, Default, SM5 (DDC key hash: 20A73517AEA342A901C90C7B89D119EA4CA8F773), compiling. 
[2025.12.16-21.54.56:602][ 71]LogMaterial: Warning: [AssetLog] C:\Rzeczy\gry\1 rok\TopDownShooterAD25\03_MarsMarine 4.27\Content\Weapons\Materials\MagGun_MatB.uasset: Failed to compile Material for platform PCD3D_SM5, Default Material will be used in game.
[2025.12.16-21.54.56:602][ 71]LogMaterial: Display: 	Missing Material Function
[2025.12.16-21.54.56:603][ 71]LogMaterial: Display: Missing cached shadermap for MagGun_MatB in PCD3D_SM5, Default, SM5 (DDC key hash: 20A73517AEA342A901C90C7B89D119EA4CA8F773), compiling. 
[2025.12.16-21.54.56:608][ 71]LogMaterial: Warning: [AssetLog] C:\Rzeczy\gry\1 rok\TopDownShooterAD25\03_MarsMarine 4.27\Content\Weapons\Materials\MagGun_MatB.uasset: Failed to compile Material for platform PCD3D_SM5, Default Material will be used in game.
[2025.12.16-21.54.56:608][ 71]LogMaterial: Display: 	Missing Material Function
[2025.12.16-21.54.56:609][ 71]LogMaterial: Display: Missing cached shadermap for MagGun_MatB in PCD3D_SM5, Default, SM5 (DDC key hash: 20A73517AEA342A901C90C7B89D119EA4CA8F773), compiling. 
[2025.12.16-21.54.56:614][ 71]LogMaterial: Warning: [AssetLog] C:\Rzeczy\gry\1 rok\TopDownShooterAD25\03_MarsMarine 4.27\Content\Weapons\Materials\MagGun_MatB.uasset: Failed to compile Material for platform PCD3D_SM5, Default Material will be used in game.
[2025.12.16-21.54.56:614][ 71]LogMaterial: Display: 	Missing Material Function
[2025.12.16-21.54.56:616][ 71]LogMaterial: Display: Missing cached shadermap for MagGun_MatB in PCD3D_SM5, Default, SM5 (DDC key hash: 20A73517AEA342A901C90C7B89D119EA4CA8F773), compiling. 
[2025.12.16-21.54.56:621][ 71]LogMaterial: Warning: [AssetLog] C:\Rzeczy\gry\1 rok\TopDownShooterAD25\03_MarsMarine 4.27\Content\Weapons\Materials\MagGun_MatB.uasset: Failed to compile Material for platform PCD3D_SM5, Default Material will be used in game.
[2025.12.16-21.54.56:621][ 71]LogMaterial: Display: 	Missing Material Function
[2025.12.16-21.54.56:622][ 71]LogMaterial: Display: Missing cached shadermap for MagGun_MatB in PCD3D_SM5, Default, SM5 (DDC key hash: 20A73517AEA342A901C90C7B89D119EA4CA8F773), compiling. 
[2025.12.16-21.54.56:627][ 71]LogMaterial: Warning: [AssetLog] C:\Rzeczy\gry\1 rok\TopDownShooterAD25\03_MarsMarine 4.27\Content\Weapons\Materials\MagGun_MatB.uasset: Failed to compile Material for platform PCD3D_SM5, Default Material will be used in game.
[2025.12.16-21.54.56:628][ 71]LogMaterial: Display: 	Missing Material Function
[2025.12.16-21.54.56:629][ 71]LogMaterial: Display: Missing cached shadermap for MagGun_MatB in PCD3D_SM5, Default, SM5 (DDC key hash: 20A73517AEA342A901C90C7B89D119EA4CA8F773), compiling. 
[2025.12.16-21.54.56:634][ 71]LogMaterial: Warning: [AssetLog] C:\Rzeczy\gry\1 rok\TopDownShooterAD25\03_MarsMarine 4.27\Content\Weapons\Materials\MagGun_MatB.uasset: Failed to compile Material for platform PCD3D_SM5, Default Material will be used in game.
[2025.12.16-21.54.56:634][ 71]LogMaterial: Display: 	Missing Material Function
[2025.12.16-21.54.56:636][ 71]LogMaterial: Display: Missing cached shadermap for MagGun_MatB in PCD3D_SM5, Default, SM5 (DDC key hash: 20A73517AEA342A901C90C7B89D119EA4CA8F773), compiling. 
[2025.12.16-21.54.56:640][ 71]LogMaterial: Warning: [AssetLog] C:\Rzeczy\gry\1 rok\TopDownShooterAD25\03_MarsMarine 4.27\Content\Weapons\Materials\MagGun_MatB.uasset: Failed to compile Material for platform PCD3D_SM5, Default Material will be used in game.
[2025.12.16-21.54.56:640][ 71]LogMaterial: Display: 	Missing Material Function
[2025.12.16-21.54.56:642][ 71]LogMaterial: Display: Missing cached shadermap for MagGun_MatB in PCD3D_SM5, Default, SM5 (DDC key hash: 20A73517AEA342A901C90C7B89D119EA4CA8F773), compiling. 
[2025.12.16-21.54.56:646][ 71]LogMaterial: Warning: [AssetLog] C:\Rzeczy\gry\1 rok\TopDownShooterAD25\03_MarsMarine 4.27\Content\Weapons\Materials\MagGun_MatB.uasset: Failed to compile Material for platform PCD3D_SM5, Default Material will be used in game.
[2025.12.16-21.54.56:647][ 71]LogMaterial: Display: 	Missing Material Function
[2025.12.16-21.54.56:648][ 71]LogMaterial: Display: Missing cached shadermap for MagGun_MatB in PCD3D_SM5, Default, SM5 (DDC key hash: 20A73517AEA342A901C90C7B89D119EA4CA8F773), compiling. 
[2025.12.16-21.54.56:654][ 71]LogMaterial: Warning: [AssetLog] C:\Rzeczy\gry\1 rok\TopDownShooterAD25\03_MarsMarine 4.27\Content\Weapons\Materials\MagGun_MatB.uasset: Failed to compile Material for platform PCD3D_SM5, Default Material will be used in game.
[2025.12.16-21.54.56:654][ 71]LogMaterial: Display: 	Missing Material Function
[2025.12.16-21.54.56:655][ 71]LogMaterial: Display: Missing cached shadermap for MagGun_MatB in PCD3D_SM5, Default, SM5 (DDC key hash: 20A73517AEA342A901C90C7B89D119EA4CA8F773), compiling. 
[2025.12.16-21.54.56:660][ 71]LogMaterial: Warning: [AssetLog] C:\Rzeczy\gry\1 rok\TopDownShooterAD25\03_MarsMarine 4.27\Content\Weapons\Materials\MagGun_MatB.uasset: Failed to compile Material for platform PCD3D_SM5, Default Material will be used in game.
[2025.12.16-21.54.56:660][ 71]LogMaterial: Display: 	Missing Material Function
[2025.12.16-21.54.56:662][ 71]LogMaterial: Display: Missing cached shadermap for MagGun_MatB in PCD3D_SM5, Default, SM5 (DDC key hash: 20A73517AEA342A901C90C7B89D119EA4CA8F773), compiling. 
[2025.12.16-21.54.56:667][ 71]LogMaterial: Warning: [AssetLog] C:\Rzeczy\gry\1 rok\TopDownShooterAD25\03_MarsMarine 4.27\Content\Weapons\Materials\MagGun_MatB.uasset: Failed to compile Material for platform PCD3D_SM5, Default Material will be used in game.
[2025.12.16-21.54.56:667][ 71]LogMaterial: Display: 	Missing Material Function
[2025.12.16-21.54.56:669][ 71]LogMaterial: Display: Missing cached shadermap for MagGun_MatB in PCD3D_SM5, Default, SM5 (DDC key hash: 20A73517AEA342A901C90C7B89D119EA4CA8F773), compiling. 
[2025.12.16-21.54.56:674][ 71]LogMaterial: Warning: [AssetLog] C:\Rzeczy\gry\1 rok\TopDownShooterAD25\03_MarsMarine 4.27\Content\Weapons\Materials\MagGun_MatB.uasset: Failed to compile Material for platform PCD3D_SM5, Default Material will be used in game.
[2025.12.16-21.54.56:674][ 71]LogMaterial: Display: 	Missing Material Function
[2025.12.16-21.54.56:676][ 71]LogMaterial: Display: Missing cached shadermap for MagGun_MatB in PCD3D_SM5, Default, SM5 (DDC key hash: 20A73517AEA342A901C90C7B89D119EA4CA8F773), compiling. 
[2025.12.16-21.54.56:680][ 71]LogMaterial: Warning: [AssetLog] C:\Rzeczy\gry\1 rok\TopDownShooterAD25\03_MarsMarine 4.27\Content\Weapons\Materials\MagGun_MatB.uasset: Failed to compile Material for platform PCD3D_SM5, Default Material will be used in game.
[2025.12.16-21.54.56:680][ 71]LogMaterial: Display: 	Missing Material Function
[2025.12.16-21.54.56:683][ 71]LogMaterial: Display: Missing cached shadermap for MagGun_MatB in PCD3D_SM5, Default, SM5 (DDC key hash: 20A73517AEA342A901C90C7B89D119EA4CA8F773), compiling. 
[2025.12.16-21.54.56:688][ 71]LogMaterial: Warning: [AssetLog] C:\Rzeczy\gry\1 rok\TopDownShooterAD25\03_MarsMarine 4.27\Content\Weapons\Materials\MagGun_MatB.uasset: Failed to compile Material for platform PCD3D_SM5, Default Material will be used in game.
[2025.12.16-21.54.56:688][ 71]LogMaterial: Display: 	Missing Material Function
[2025.12.16-21.54.56:689][ 71]LogMaterial: Display: Missing cached shadermap for MagGun_MatB in PCD3D_SM5, Default, SM5 (DDC key hash: 20A73517AEA342A901C90C7B89D119EA4CA8F773), compiling. 
[2025.12.16-21.54.56:694][ 71]LogMaterial: Warning: [AssetLog] C:\Rzeczy\gry\1 rok\TopDownShooterAD25\03_MarsMarine 4.27\Content\Weapons\Materials\MagGun_MatB.uasset: Failed to compile Material for platform PCD3D_SM5, Default Material will be used in game.
[2025.12.16-21.54.56:694][ 71]LogMaterial: Display: 	Missing Material Function
[2025.12.16-21.54.56:696][ 71]LogMaterial: Display: Missing cached shadermap for MagGun_MatB in PCD3D_SM5, Default, SM5 (DDC key hash: 20A73517AEA342A901C90C7B89D119EA4CA8F773), compiling. 
[2025.12.16-21.54.56:701][ 71]LogMaterial: Warning: [AssetLog] C:\Rzeczy\gry\1 rok\TopDownShooterAD25\03_MarsMarine 4.27\Content\Weapons\Materials\MagGun_MatB.uasset: Failed to compile Material for platform PCD3D_SM5, Default Material will be used in game.
[2025.12.16-21.54.56:701][ 71]LogMaterial: Display: 	Missing Material Function
[2025.12.16-21.54.56:703][ 71]LogMaterial: Display: Missing cached shadermap for MagGun_MatB in PCD3D_SM5, Default, SM5 (DDC key hash: 20A73517AEA342A901C90C7B89D119EA4CA8F773), compiling. 
[2025.12.16-21.54.56:708][ 71]LogMaterial: Warning: [AssetLog] C:\Rzeczy\gry\1 rok\TopDownShooterAD25\03_MarsMarine 4.27\Content\Weapons\Materials\MagGun_MatB.uasset: Failed to compile Material for platform PCD3D_SM5, Default Material will be used in game.
[2025.12.16-21.54.56:708][ 71]LogMaterial: Display: 	Missing Material Function
[2025.12.16-21.54.56:710][ 71]LogMaterial: Display: Missing cached shadermap for MagGun_MatB in PCD3D_SM5, Default, SM5 (DDC key hash: 20A73517AEA342A901C90C7B89D119EA4CA8F773), compiling. 
[2025.12.16-21.54.56:715][ 71]LogMaterial: Warning: [AssetLog] C:\Rzeczy\gry\1 rok\TopDownShooterAD25\03_MarsMarine 4.27\Content\Weapons\Materials\MagGun_MatB.uasset: Failed to compile Material for platform PCD3D_SM5, Default Material will be used in game.
[2025.12.16-21.54.56:715][ 71]LogMaterial: Display: 	Missing Material Function
[2025.12.16-21.54.56:717][ 71]LogMaterial: Display: Missing cached shadermap for MagGun_MatB in PCD3D_SM5, Default, SM5 (DDC key hash: 20A73517AEA342A901C90C7B89D119EA4CA8F773), compiling. 
[2025.12.16-21.54.56:722][ 71]LogMaterial: Warning: [AssetLog] C:\Rzeczy\gry\1 rok\TopDownShooterAD25\03_MarsMarine 4.27\Content\Weapons\Materials\MagGun_MatB.uasset: Failed to compile Material for platform PCD3D_SM5, Default Material will be used in game.
[2025.12.16-21.54.56:722][ 71]LogMaterial: Display: 	Missing Material Function
[2025.12.16-21.54.56:724][ 71]LogMaterial: Display: Missing cached shadermap for MagGun_MatB in PCD3D_SM5, Default, SM5 (DDC key hash: 20A73517AEA342A901C90C7B89D119EA4CA8F773), compiling. 
[2025.12.16-21.54.56:728][ 71]LogMaterial: Warning: [AssetLog] C:\Rzeczy\gry\1 rok\TopDownShooterAD25\03_MarsMarine 4.27\Content\Weapons\Materials\MagGun_MatB.uasset: Failed to compile Material for platform PCD3D_SM5, Default Material will be used in game.
[2025.12.16-21.54.56:728][ 71]LogMaterial: Display: 	Missing Material Function
[2025.12.16-21.54.56:730][ 71]LogMaterial: Display: Missing cached shadermap for MagGun_MatB in PCD3D_SM5, Default, SM5 (DDC key hash: 20A73517AEA342A901C90C7B89D119EA4CA8F773), compiling. 
[2025.12.16-21.54.56:735][ 71]LogMaterial: Warning: [AssetLog] C:\Rzeczy\gry\1 rok\TopDownShooterAD25\03_MarsMarine 4.27\Content\Weapons\Materials\MagGun_MatB.uasset: Failed to compile Material for platform PCD3D_SM5, Default Material will be used in game.
[2025.12.16-21.54.56:735][ 71]LogMaterial: Display: 	Missing Material Function
[2025.12.16-21.54.56:737][ 71]LogMaterial: Display: Missing cached shadermap for MagGun_MatB in PCD3D_SM5, Default, SM5 (DDC key hash: 20A73517AEA342A901C90C7B89D119EA4CA8F773), compiling. 
[2025.12.16-21.54.56:742][ 71]LogMaterial: Warning: [AssetLog] C:\Rzeczy\gry\1 rok\TopDownShooterAD25\03_MarsMarine 4.27\Content\Weapons\Materials\MagGun_MatB.uasset: Failed to compile Material for platform PCD3D_SM5, Default Material will be used in game.
[2025.12.16-21.54.56:742][ 71]LogMaterial: Display: 	Missing Material Function
[2025.12.16-21.54.56:744][ 71]LogMaterial: Display: Missing cached shadermap for MagGun_MatB in PCD3D_SM5, Default, SM5 (DDC key hash: 20A73517AEA342A901C90C7B89D119EA4CA8F773), compiling. 
[2025.12.16-21.54.56:748][ 71]LogMaterial: Warning: [AssetLog] C:\Rzeczy\gry\1 rok\TopDownShooterAD25\03_MarsMarine 4.27\Content\Weapons\Materials\MagGun_MatB.uasset: Failed to compile Material for platform PCD3D_SM5, Default Material will be used in game.
[2025.12.16-21.54.56:748][ 71]LogMaterial: Display: 	Missing Material Function
[2025.12.16-21.54.56:750][ 71]LogMaterial: Display: Missing cached shadermap for MagGun_MatB in PCD3D_SM5, Default, SM5 (DDC key hash: 20A73517AEA342A901C90C7B89D119EA4CA8F773), compiling. 
[2025.12.16-21.54.56:755][ 71]LogMaterial: Warning: [AssetLog] C:\Rzeczy\gry\1 rok\TopDownShooterAD25\03_MarsMarine 4.27\Content\Weapons\Materials\MagGun_MatB.uasset: Failed to compile Material for platform PCD3D_SM5, Default Material will be used in game.
[2025.12.16-21.54.56:755][ 71]LogMaterial: Display: 	Missing Material Function
[2025.12.16-21.54.56:758][ 71]LogMaterial: Display: Missing cached shadermap for MagGun_MatB in PCD3D_SM5, Default, SM5 (DDC key hash: 20A73517AEA342A901C90C7B89D119EA4CA8F773), compiling. 
[2025.12.16-21.54.56:762][ 71]LogMaterial: Warning: [AssetLog] C:\Rzeczy\gry\1 rok\TopDownShooterAD25\03_MarsMarine 4.27\Content\Weapons\Materials\MagGun_MatB.uasset: Failed to compile Material for platform PCD3D_SM5, Default Material will be used in game.
[2025.12.16-21.54.56:762][ 71]LogMaterial: Display: 	Missing Material Function
[2025.12.16-21.54.56:764][ 71]LogMaterial: Display: Missing cached shadermap for MagGun_MatB in PCD3D_SM5, Default, SM5 (DDC key hash: 20A73517AEA342A901C90C7B89D119EA4CA8F773), compiling. 
[2025.12.16-21.54.56:770][ 71]LogMaterial: Warning: [AssetLog] C:\Rzeczy\gry\1 rok\TopDownShooterAD25\03_MarsMarine 4.27\Content\Weapons\Materials\MagGun_MatB.uasset: Failed to compile Material for platform PCD3D_SM5, Default Material will be used in game.
[2025.12.16-21.54.56:770][ 71]LogMaterial: Display: 	Missing Material Function
[2025.12.16-21.54.56:772][ 71]LogMaterial: Display: Missing cached shadermap for MagGun_MatB in PCD3D_SM5, Default, SM5 (DDC key hash: 20A73517AEA342A901C90C7B89D119EA4CA8F773), compiling. 
[2025.12.16-21.54.56:776][ 71]LogMaterial: Warning: [AssetLog] C:\Rzeczy\gry\1 rok\TopDownShooterAD25\03_MarsMarine 4.27\Content\Weapons\Materials\MagGun_MatB.uasset: Failed to compile Material for platform PCD3D_SM5, Default Material will be used in game.
[2025.12.16-21.54.56:776][ 71]LogMaterial: Display: 	Missing Material Function
[2025.12.16-21.54.56:778][ 71]LogMaterial: Display: Missing cached shadermap for MagGun_MatB in PCD3D_SM5, Default, SM5 (DDC key hash: 20A73517AEA342A901C90C7B89D119EA4CA8F773), compiling. 
[2025.12.16-21.54.56:783][ 71]LogMaterial: Warning: [AssetLog] C:\Rzeczy\gry\1 rok\TopDownShooterAD25\03_MarsMarine 4.27\Content\Weapons\Materials\MagGun_MatB.uasset: Failed to compile Material for platform PCD3D_SM5, Default Material will be used in game.
[2025.12.16-21.54.56:783][ 71]LogMaterial: Display: 	Missing Material Function
[2025.12.16-21.54.56:785][ 71]LogMaterial: Display: Missing cached shadermap for MagGun_MatB in PCD3D_SM5, Default, SM5 (DDC key hash: 20A73517AEA342A901C90C7B89D119EA4CA8F773), compiling. 
[2025.12.16-21.54.56:790][ 71]LogMaterial: Warning: [AssetLog] C:\Rzeczy\gry\1 rok\TopDownShooterAD25\03_MarsMarine 4.27\Content\Weapons\Materials\MagGun_MatB.uasset: Failed to compile Material for platform PCD3D_SM5, Default Material will be used in game.
[2025.12.16-21.54.56:790][ 71]LogMaterial: Display: 	Missing Material Function
[2025.12.16-21.54.56:792][ 71]LogMaterial: Display: Missing cached shadermap for MagGun_MatB in PCD3D_SM5, Default, SM5 (DDC key hash: 20A73517AEA342A901C90C7B89D119EA4CA8F773), compiling. 
[2025.12.16-21.54.56:797][ 71]LogMaterial: Warning: [AssetLog] C:\Rzeczy\gry\1 rok\TopDownShooterAD25\03_MarsMarine 4.27\Content\Weapons\Materials\MagGun_MatB.uasset: Failed to compile Material for platform PCD3D_SM5, Default Material will be used in game.
[2025.12.16-21.54.56:797][ 71]LogMaterial: Display: 	Missing Material Function
[2025.12.16-21.54.56:799][ 71]LogMaterial: Display: Missing cached shadermap for MagGun_MatB in PCD3D_SM5, Default, SM5 (DDC key hash: 20A73517AEA342A901C90C7B89D119EA4CA8F773), compiling. 
[2025.12.16-21.54.56:804][ 71]LogMaterial: Warning: [AssetLog] C:\Rzeczy\gry\1 rok\TopDownShooterAD25\03_MarsMarine 4.27\Content\Weapons\Materials\MagGun_MatB.uasset: Failed to compile Material for platform PCD3D_SM5, Default Material will be used in game.
[2025.12.16-21.54.56:804][ 71]LogMaterial: Display: 	Missing Material Function
[2025.12.16-21.54.56:805][ 71]LogMaterial: Display: Missing cached shadermap for MagGun_MatB in PCD3D_SM5, Default, SM5 (DDC key hash: 20A73517AEA342A901C90C7B89D119EA4CA8F773), compiling. 
[2025.12.16-21.54.56:810][ 71]LogMaterial: Warning: [AssetLog] C:\Rzeczy\gry\1 rok\TopDownShooterAD25\03_MarsMarine 4.27\Content\Weapons\Materials\MagGun_MatB.uasset: Failed to compile Material for platform PCD3D_SM5, Default Material will be used in game.
[2025.12.16-21.54.56:810][ 71]LogMaterial: Display: 	Missing Material Function
[2025.12.16-21.54.56:813][ 71]LogMaterial: Display: Missing cached shadermap for MagGun_MatB in PCD3D_SM5, Default, SM5 (DDC key hash: 20A73517AEA342A901C90C7B89D119EA4CA8F773), compiling. 
[2025.12.16-21.54.56:818][ 71]LogMaterial: Warning: [AssetLog] C:\Rzeczy\gry\1 rok\TopDownShooterAD25\03_MarsMarine 4.27\Content\Weapons\Materials\MagGun_MatB.uasset: Failed to compile Material for platform PCD3D_SM5, Default Material will be used in game.
[2025.12.16-21.54.56:818][ 71]LogMaterial: Display: 	Missing Material Function
[2025.12.16-21.54.57:159][ 71]LogUObjectHash: Compacting FUObjectHashTables data took   2.82ms
[2025.12.16-21.54.57:193][ 71]LogUObjectHash: Compacting FUObjectHashTables data took   2.87ms
[2025.12.16-21.54.57:220][ 71]LogUObjectHash: Compacting FUObjectHashTables data took   0.84ms
[2025.12.16-21.54.57:250][ 71]LogUObjectHash: Compacting FUObjectHashTables data took   0.81ms
[2025.12.16-21.54.57:282][ 71]LogUObjectHash: Compacting FUObjectHashTables data took   0.85ms
[2025.12.16-21.54.57:311][ 71]LogUObjectHash: Compacting FUObjectHashTables data took   0.84ms
[2025.12.16-21.54.57:341][ 71]LogUObjectHash: Compacting FUObjectHashTables data took   0.84ms
[2025.12.16-21.54.57:370][ 71]LogUObjectHash: Compacting FUObjectHashTables data took   0.97ms
[2025.12.16-21.54.57:399][ 71]LogUObjectHash: Compacting FUObjectHashTables data took   0.92ms
[2025.12.16-21.54.57:428][ 71]LogUObjectHash: Compacting FUObjectHashTables data took   0.88ms
[2025.12.16-21.54.57:458][ 71]LogUObjectHash: Compacting FUObjectHashTables data took   2.58ms
[2025.12.16-21.54.57:487][ 71]LogUObjectHash: Compacting FUObjectHashTables data took   0.91ms
[2025.12.16-21.55.01:983][204]LogTemp: Repeating last play command: Selected Viewport
[2025.12.16-21.55.01:995][204]LogPlayLevel: PlayLevel: No blueprints needed recompiling
[2025.12.16-21.55.01:995][204]PIE: New page: PIE session: Mars (16 gru 2025, 23:55:01)
[2025.12.16-21.55.01:995][204]LogPlayLevel: Creating play world package: /Game/Levels/UEDPIE_0_Mars
[2025.12.16-21.55.02:042][204]LogPlayLevel: PIE: StaticDuplicateObject took: (0.046748s)
[2025.12.16-21.55.02:045][204]LogAIModule: Creating AISystem for world Mars
[2025.12.16-21.55.02:045][204]LogPlayLevel: PIE: World Init took: (0.001976s)
[2025.12.16-21.55.02:045][204]LogPlayLevel: PIE: Created PIE world by copying editor world from /Game/Levels/Mars.Mars to /Game/Levels/UEDPIE_0_Mars.Mars (0.048995s)
[2025.12.16-21.55.02:080][204]LogUObjectHash: Compacting FUObjectHashTables data took   3.19ms
[2025.12.16-21.55.02:092][204]LogAudio: Display: Creating Audio Device:                 Id: 3, Scope: Unique, Realtime: True
[2025.12.16-21.55.02:092][204]LogAudioMixer: Display: Audio Mixer Platform Settings:
[2025.12.16-21.55.02:092][204]LogAudioMixer: Display: 	Sample Rate:						  48000
[2025.12.16-21.55.02:092][204]LogAudioMixer: Display: 	Callback Buffer Frame Size Requested: 1024
[2025.12.16-21.55.02:092][204]LogAudioMixer: Display: 	Callback Buffer Frame Size To Use:	  1024
[2025.12.16-21.55.02:092][204]LogAudioMixer: Display: 	Number of buffers to queue:			  2
[2025.12.16-21.55.02:092][204]LogAudioMixer: Display: 	Max Channels (voices):				  32
[2025.12.16-21.55.02:092][204]LogAudioMixer: Display: 	Number of Async Source Workers:		  0
[2025.12.16-21.55.02:092][204]LogAudio: Display: AudioDevice MaxSources: 32
[2025.12.16-21.55.02:093][204]LogAudio: Display: Audio Spatialization Plugin: None (built-in).
[2025.12.16-21.55.02:093][204]LogAudio: Display: Audio Reverb Plugin: None (built-in).
[2025.12.16-21.55.02:093][204]LogAudio: Display: Audio Occlusion Plugin: None (built-in).
[2025.12.16-21.55.02:093][204]LogAudioMixer: Display: Initializing audio mixer.
[2025.12.16-21.55.02:100][204]LogAudioMixer: Display: 0: FrontLeft
[2025.12.16-21.55.02:100][204]LogAudioMixer: Display: 1: FrontRight
[2025.12.16-21.55.02:169][204]LogAudioMixer: Display: Using Audio Device Głośniki (Realtek(R) Audio)
[2025.12.16-21.55.02:169][204]LogAudioMixer: Display: Initializing Sound Submixes...
[2025.12.16-21.55.02:169][204]LogAudioMixer: Display: Creating Master Submix 'MasterSubmixDefault'
[2025.12.16-21.55.02:169][204]LogAudioMixer: Display: Creating Master Submix 'MasterReverbSubmixDefault'
[2025.12.16-21.55.02:170][204]LogAudioMixer: Display: Creating Master Submix 'MasterEQSubmixDefault'
[2025.12.16-21.55.02:170][204]LogAudioMixer: FMixerPlatformXAudio2::StartAudioStream() called
[2025.12.16-21.55.02:170][204]LogAudioMixer: Display: Output buffers initialized: Frames=1024, Channels=2, Samples=2048
[2025.12.16-21.55.02:172][204]LogAudioMixer: Display: Starting AudioMixerPlatformInterface::RunInternal()
[2025.12.16-21.55.02:173][204]LogAudioMixer: Display: FMixerPlatformXAudio2::SubmitBuffer() called for the first time
[2025.12.16-21.55.02:173][204]LogInit: FAudioDevice initialized.
[2025.12.16-21.55.02:173][204]LogAudio: Display: Audio Device (ID: 3) registered with world 'Mars'.
[2025.12.16-21.55.02:188][204]LogLoad: Game class is 'BP_MarsMarine_GameMode_C'
[2025.12.16-21.55.02:194][204]LogWorld: Bringing World /Game/Levels/UEDPIE_0_Mars.Mars up for play (max tick rate 60) at 2025.12.16-22.55.02
[2025.12.16-21.55.02:194][204]LogWorld: Bringing up level for play took: 0.003671
[2025.12.16-21.55.02:195][204]LogOnline: OSS: Creating online subsystem instance for: :Context_8
[2025.12.16-21.55.02:203][204]PIE: Server logged in
[2025.12.16-21.55.02:204][204]PIE: Play in editor total start time 0,21 seconds.
[2025.12.16-21.55.02:980][236]LogScript: Warning: Accessed None trying to read property Weapon Fire Sound
	BP_Marine_C /Game/Levels/UEDPIE_0_Mars.Mars:PersistentLevel.BP_Marine_C_0
	Function /Game/Blueprints/Pawns/BP_Marine.BP_Marine_C:Stop Firing Weapon:0033
[2025.12.16-21.55.02:981][236]PIE: Error: Blueprint Runtime Error: "Accessed None trying to read property Weapon Fire Sound". Blueprint:  BP_Marine Function:  Stop Firing Weapon Graph:  Stop Firing Weapon Node:  Stop
[2025.12.16-21.55.05:313][354]LogScript: Warning: Accessed None trying to read property Weapon Fire Sound
	BP_Marine_C /Game/Levels/UEDPIE_0_Mars.Mars:PersistentLevel.BP_Marine_C_0
	Function /Game/Blueprints/Pawns/BP_Marine.BP_Marine_C:Stop Firing Weapon:0033
[2025.12.16-21.55.05:313][354]PIE: Error: Blueprint Runtime Error: "Accessed None trying to read property Weapon Fire Sound". Blueprint:  BP_Marine Function:  Stop Firing Weapon Graph:  Stop Firing Weapon Node:  Stop
[2025.12.16-21.55.06:194][392]LogSlate: Updating window title bar state: overlay mode, drag disabled, window buttons hidden, title bar hidden
[2025.12.16-21.55.06:195][392]LogWorld: BeginTearingDown for /Game/Levels/UEDPIE_0_Mars
[2025.12.16-21.55.06:195][392]LogWorld: UWorld::CleanupWorld for Mars, bSessionEnded=true, bCleanupResources=true
[2025.12.16-21.55.06:198][392]LogSlate: InvalidateAllWidgets triggered.  All widgets were invalidated
[2025.12.16-21.55.06:216][392]LogPlayLevel: Display: Shutting down PIE online subsystems
[2025.12.16-21.55.06:222][392]LogSlate: InvalidateAllWidgets triggered.  All widgets were invalidated
[2025.12.16-21.55.06:260][392]LogSlate: Updating window title bar state: overlay mode, drag disabled, window buttons hidden, title bar hidden
[2025.12.16-21.55.06:261][392]LogAudioMixer: FMixerPlatformXAudio2::StopAudioStream() called
[2025.12.16-21.55.06:264][392]LogAudioMixer: FMixerPlatformXAudio2::StopAudioStream() called
[2025.12.16-21.55.06:282][392]LogUObjectHash: Compacting FUObjectHashTables data took   4.07ms
[2025.12.16-21.55.06:517][393]LogPlayLevel: Display: Destroying online subsystem :Context_8
[2025.12.16-21.55.08:567][474]LogSlate: Window 'Message Log' being destroyed
[2025.12.16-21.55.08:654][474]LogSlate: Window 'Message Log' being destroyed
[2025.12.16-21.55.09:501][498]Cmd: OBJ SAVEPACKAGE PACKAGE="/Game/Levels/Mars" FILE="../../../../../../Rzeczy/gry/1 rok/TopDownShooterAD25/03_MarsMarine 4.27/Content/Levels/Mars.umap" SILENT=true AUTOSAVING=false KEEPDIRTY=false
[2025.12.16-21.55.09:536][498]LogUObjectHash: Compacting FUObjectHashTables data took   3.06ms
[2025.12.16-21.55.09:648][498]LogSavePackage: Moving '../../../../../../Rzeczy/gry/1 rok/TopDownShooterAD25/03_MarsMarine 4.27/Saved/MarsBD9F9C31461295789A2ACAB4088F1DD1.tmp' to '../../../../../../Rzeczy/gry/1 rok/TopDownShooterAD25/03_MarsMarine 4.27/Content/Levels/Mars.umap'
[2025.12.16-21.55.09:755][498]AssetCheck: New page: Asset Save: Mars
[2025.12.16-21.55.09:755][498]LogContentValidation: Display: Validating World /Game/Levels/Mars.Mars
[2025.12.16-21.57.31:062][747]Cmd: CLOSE_SLATE_MAINFRAME
[2025.12.16-21.57.31:103][747]LogUObjectHash: Compacting FUObjectHashTables data took   4.48ms
[2025.12.16-21.57.37:672][747]LogSlate: Window 'Save Content' being destroyed
[2025.12.16-21.57.37:747][747]LogSlate: Window 'Open Project' being destroyed
[2025.12.16-21.57.37:757][747]LogSlate: Window 'MarsMarine - Unreal Editor' being destroyed
[2025.12.16-21.57.37:888][748]Cmd: QUIT_EDITOR
[2025.12.16-21.57.37:888][748]LogCore: Engine exit requested (reason: UUnrealEdEngine::CloseEditor())
[2025.12.16-21.57.37:900][748]LogCore: Engine exit requested (reason: EngineExit() was called; note: exit was already requested)
[2025.12.16-21.57.38:824][748]LogAudio: Display: Beginning Audio Device Manager Shutdown (Module: AudioMixerXAudio2)...
[2025.12.16-21.57.38:824][748]LogAudio: Display: Destroying 1 Remaining Audio Device(s)...
[2025.12.16-21.57.38:824][748]LogAudio: Display: Audio Device unregistered from world 'Mars'.
[2025.12.16-21.57.38:824][748]LogAudioMixer: FMixerPlatformXAudio2::StopAudioStream() called
[2025.12.16-21.57.38:825][748]LogAudioMixer: FMixerPlatformXAudio2::StopAudioStream() called
[2025.12.16-21.57.38:962][748]LogAudio: Display: Audio Device Manager Shutdown
[2025.12.16-21.57.38:962][748]LogWindowsTextInputMethodSystem: Display: IME system deactivated.
[2025.12.16-21.57.38:977][748]LogExit: Preparing to exit.
[2025.12.16-21.57.39:908][748]LogUObjectHash: Compacting FUObjectHashTables data took   3.01ms
[2025.12.16-21.57.40:006][748]LogWorld: UWorld::CleanupWorld for World_4, bSessionEnded=true, bCleanupResources=true
[2025.12.16-21.57.40:012][748]LogWorld: UWorld::CleanupWorld for World_1, bSessionEnded=true, bCleanupResources=true
[2025.12.16-21.57.40:016][748]LogWorld: UWorld::CleanupWorld for World_2, bSessionEnded=true, bCleanupResources=true
[2025.12.16-21.57.40:020][748]LogWorld: UWorld::CleanupWorld for World_0, bSessionEnded=true, bCleanupResources=true
[2025.12.16-21.57.40:024][748]LogWorld: UWorld::CleanupWorld for World_5, bSessionEnded=true, bCleanupResources=true
[2025.12.16-21.57.40:113][748]LogDemo: Cleaned up 0 splitscreen connections with owner deletion
[2025.12.16-21.57.40:119][748]LogWorld: UWorld::CleanupWorld for None, bSessionEnded=true, bCleanupResources=true
[2025.12.16-21.57.40:121][748]LogExit: Editor shut down
[2025.12.16-21.57.40:122][748]LogExit: Transaction tracking system shut down
[2025.12.16-21.57.40:515][748]LogExit: Object subsystem successfully closed.
[2025.12.16-21.57.40:563][748]LogShaderCompilers: Display: === FShaderJobCache stats ===
[2025.12.16-21.57.40:563][748]LogShaderCompilers: Display: Total job queries 0, among them cache hits 0 (0.00%)
[2025.12.16-21.57.40:563][748]LogShaderCompilers: Display: Tracking 0 distinct input hashes that result in 0 distinct outputs (0.00%)
[2025.12.16-21.57.40:563][748]LogShaderCompilers: Display: RAM used: 0.00 MB (0.00 GB) of 819.20 MB (0.80 GB) budget. Usage: 0.00%
[2025.12.16-21.57.40:563][748]LogShaderCompilers: Display: ================================================
[2025.12.16-21.57.40:578][748]LogShaderCompilers: Display: Shaders left to compile 0
[2025.12.16-21.57.40:632][748]LogModuleManager: Shutting down and abandoning module BlueprintGraph (878)
[2025.12.16-21.57.40:632][748]LogModuleManager: Shutting down and abandoning module MovieSceneCapture (876)
[2025.12.16-21.57.40:632][748]LogModuleManager: Shutting down and abandoning module Voice (874)
[2025.12.16-21.57.40:632][748]LogModuleManager: Shutting down and abandoning module HierarchicalLODOutliner (872)
[2025.12.16-21.57.40:632][748]LogModuleManager: Shutting down and abandoning module SceneOutliner (870)
[2025.12.16-21.57.40:632][748]LogModuleManager: Shutting down and abandoning module AddContentDialog (868)
[2025.12.16-21.57.40:633][748]LogModuleManager: Shutting down and abandoning module WidgetCarousel (867)
[2025.12.16-21.57.40:633][748]LogModuleManager: Shutting down and abandoning module EditorWidgets (864)
[2025.12.16-21.57.40:633][748]LogModuleManager: Shutting down and abandoning module ExternalImagePicker (862)
[2025.12.16-21.57.40:633][748]LogModuleManager: Shutting down and abandoning module StatsViewer (860)
[2025.12.16-21.57.40:633][748]LogModuleManager: Shutting down and abandoning module PIEPreviewDeviceProfileSelector (858)
[2025.12.16-21.57.40:633][748]LogModuleManager: Shutting down and abandoning module SequenceRecorderSections (856)
[2025.12.16-21.57.40:633][748]LogModuleManager: Shutting down and abandoning module AutomationWorker (854)
[2025.12.16-21.57.40:633][748]LogModuleManager: Shutting down and abandoning module SteamVREditor (852)
[2025.12.16-21.57.40:633][748]LogModuleManager: Shutting down and abandoning module OculusMR (850)
[2025.12.16-21.57.40:633][748]LogModuleManager: Shutting down and abandoning module TakeRecorderSources (848)
[2025.12.16-21.57.40:633][748]LogModuleManager: Shutting down and abandoning module TakeRecorder (847)
[2025.12.16-21.57.40:633][748]LogModuleManager: Shutting down and abandoning module TakeTrackRecorders (844)
[2025.12.16-21.57.40:633][748]LogModuleManager: Shutting down and abandoning module TakesCore (842)
[2025.12.16-21.57.40:633][748]LogModuleManager: Shutting down and abandoning module OpenXRInput (840)
[2025.12.16-21.57.40:633][748]LogModuleManager: Shutting down and abandoning module GooglePADEditor (838)
[2025.12.16-21.57.40:633][748]LogModuleManager: Shutting down and abandoning module AudioCaptureEditor (836)
[2025.12.16-21.57.40:633][748]LogModuleManager: Shutting down and abandoning module TemplateSequenceEditor (834)
[2025.12.16-21.57.40:633][748]LogModuleManager: Shutting down and abandoning module LevelSequenceEditor (832)
[2025.12.16-21.57.40:633][748]LogModuleManager: Shutting down and abandoning module MatineeToLevelSequence (830)
[2025.12.16-21.57.40:633][748]LogModuleManager: Shutting down and abandoning module ActorSequenceEditor (828)
[2025.12.16-21.57.40:633][748]LogModuleManager: Shutting down and abandoning module PlanarCut (826)
[2025.12.16-21.57.40:633][748]LogModuleManager: Shutting down and abandoning module WmfMediaFactory (824)
[2025.12.16-21.57.40:633][748]LogModuleManager: Shutting down and abandoning module WmfMediaEditor (822)
[2025.12.16-21.57.40:633][748]LogModuleManager: Shutting down and abandoning module MediaPlayerEditor (820)
[2025.12.16-21.57.40:633][748]LogModuleManager: Shutting down and abandoning module WebMMediaFactory (818)
[2025.12.16-21.57.40:633][748]LogModuleManager: Shutting down and abandoning module WebMMediaEditor (816)
[2025.12.16-21.57.40:633][748]LogModuleManager: Shutting down and abandoning module WebMMedia (814)
[2025.12.16-21.57.40:634][748]LogModuleManager: Shutting down and abandoning module OpenExrWrapper (812)
[2025.12.16-21.57.40:634][748]LogModuleManager: Shutting down and abandoning module ImgMediaFactory (810)
[2025.12.16-21.57.40:634][748]LogModuleManager: Shutting down and abandoning module ImgMediaEditor (808)
[2025.12.16-21.57.40:634][748]LogModuleManager: Shutting down and abandoning module MediaCompositingEditor (806)
[2025.12.16-21.57.40:634][748]LogModuleManager: Shutting down and abandoning module SequenceRecorder (805)
[2025.12.16-21.57.40:634][748]LogModuleManager: Shutting down and abandoning module CharacterAI (802)
[2025.12.16-21.57.40:634][748]LogModuleManager: Shutting down and abandoning module MagicLeapMediaCodecFactory (800)
[2025.12.16-21.57.40:634][748]LogModuleManager: Shutting down and abandoning module MagicLeapMediaFactory (798)
[2025.12.16-21.57.40:634][748]LogModuleManager: Shutting down and abandoning module MagicLeapMediaEditor (796)
[2025.12.16-21.57.40:634][748]LogModuleManager: Shutting down and abandoning module AvfMediaFactory (794)
[2025.12.16-21.57.40:634][748]LogModuleManager: Shutting down and abandoning module AvfMediaEditor (792)
[2025.12.16-21.57.40:634][748]LogModuleManager: Shutting down and abandoning module AndroidMediaFactory (790)
[2025.12.16-21.57.40:634][748]LogModuleManager: Shutting down and abandoning module AndroidMediaEditor (788)
[2025.12.16-21.57.40:634][748]LogModuleManager: Shutting down and abandoning module TextureAlignMode (786)
[2025.12.16-21.57.40:634][748]LogModuleManager: Shutting down and abandoning module BspMode (784)
[2025.12.16-21.57.40:634][748]LogModuleManager: Shutting down and abandoning module GeometryMode (782)
[2025.12.16-21.57.40:634][748]LogModuleManager: Shutting down and abandoning module CameraShakePreviewer (780)
[2025.12.16-21.57.40:634][748]LogModuleManager: Shutting down and abandoning module SmartSnapping (778)
[2025.12.16-21.57.40:634][748]LogModuleManager: Shutting down and abandoning module SessionServices (776)
[2025.12.16-21.57.40:634][748]LogModuleManager: Shutting down and abandoning module MeshPaint (774)
[2025.12.16-21.57.40:634][748]LogModuleManager: Shutting down and abandoning module VirtualTexturingEditor (772)
[2025.12.16-21.57.40:634][748]LogModuleManager: Shutting down and abandoning module FoliageEdit (770)
[2025.12.16-21.57.40:634][748]LogModuleManager: Shutting down and abandoning module LandscapeEditor (768)
[2025.12.16-21.57.40:634][748]LogModuleManager: Shutting down and abandoning module MeshPaintMode (766)
[2025.12.16-21.57.40:634][748]LogModuleManager: Shutting down and abandoning module SceneDepthPickerMode (764)
[2025.12.16-21.57.40:634][748]LogModuleManager: Shutting down and abandoning module ActorPickerMode (762)
[2025.12.16-21.57.40:634][748]LogModuleManager: Shutting down and abandoning module PlacementMode (760)
[2025.12.16-21.57.40:634][748]LogModuleManager: Shutting down and abandoning module ViewportSnapping (758)
[2025.12.16-21.57.40:634][748]LogModuleManager: Shutting down and abandoning module ViewportInteraction (756)
[2025.12.16-21.57.40:634][748]LogModuleManager: Shutting down and abandoning module ClothPainter (754)
[2025.12.16-21.57.40:634][748]LogModuleManager: Shutting down and abandoning module SkeletalMeshEditor (753)
[2025.12.16-21.57.40:634][748]LogModuleManager: Shutting down and abandoning module LogVisualizer (750)
[2025.12.16-21.57.40:635][748]LogModuleManager: Shutting down and abandoning module IntroTutorials (748)
[2025.12.16-21.57.40:635][748]LogModuleManager: Shutting down and abandoning module GameProjectGeneration (747)
[2025.12.16-21.57.40:635][748]LogModuleManager: Shutting down and abandoning module LuminPlatformEditor (744)
[2025.12.16-21.57.40:635][748]LogModuleManager: Shutting down and abandoning module IOSPlatformEditor (742)
[2025.12.16-21.57.40:635][748]LogModuleManager: Shutting down and abandoning module AndroidPlatformEditor (740)
[2025.12.16-21.57.40:635][748]LogModuleManager: Shutting down and abandoning module AndroidDeviceDetection (739)
[2025.12.16-21.57.41:084][748]LogModuleManager: Shutting down and abandoning module WindowsPlatformEditor (736)
[2025.12.16-21.57.41:084][748]LogModuleManager: Shutting down and abandoning module LuminRuntimeSettings (734)
[2025.12.16-21.57.41:084][748]LogModuleManager: Shutting down and abandoning module IOSRuntimeSettings (732)
[2025.12.16-21.57.41:084][748]LogModuleManager: Shutting down and abandoning module AndroidRuntimeSettings (730)
[2025.12.16-21.57.41:084][748]LogModuleManager: Shutting down and abandoning module TraceInsights (728)
[2025.12.16-21.57.41:084][748]MemoryProfiler: Shutdown
[2025.12.16-21.57.41:084][748]NetworkingProfiler: Shutdown
[2025.12.16-21.57.41:084][748]LoadingProfiler: Shutdown
[2025.12.16-21.57.41:084][748]TimingProfiler: Shutdown
[2025.12.16-21.57.41:084][748]LogModuleManager: Shutting down and abandoning module TraceServices (727)
[2025.12.16-21.57.41:084][748]LogModuleManager: Shutting down and abandoning module EditorInteractiveToolsFramework (724)
[2025.12.16-21.57.41:084][748]LogModuleManager: Shutting down and abandoning module TimeManagementEditor (722)
[2025.12.16-21.57.41:085][748]LogModuleManager: Shutting down and abandoning module InputBindingEditor (720)
[2025.12.16-21.57.41:085][748]LogModuleManager: Shutting down and abandoning module MergeActors (718)
[2025.12.16-21.57.41:085][748]LogModuleManager: Shutting down and abandoning module LocalizationDashboard (716)
[2025.12.16-21.57.41:085][748]LogModuleManager: Shutting down and abandoning module LocalizationService (715)
[2025.12.16-21.57.41:085][748]LogModuleManager: Shutting down and abandoning module HardwareTargeting (712)
[2025.12.16-21.57.41:085][748]LogModuleManager: Shutting down and abandoning module DeviceProfileEditor (710)
[2025.12.16-21.57.41:085][748]LogModuleManager: Shutting down and abandoning module UndoHistory (708)
[2025.12.16-21.57.41:085][748]LogModuleManager: Shutting down and abandoning module XmlParser (706)
[2025.12.16-21.57.41:085][748]LogModuleManager: Shutting down and abandoning module Blutility (704)
[2025.12.16-21.57.41:085][748]LogModuleManager: Shutting down and abandoning module ProjectSettingsViewer (702)
[2025.12.16-21.57.41:085][748]LogModuleManager: Shutting down and abandoning module ProjectTargetPlatformEditor (701)
[2025.12.16-21.57.41:085][748]LogModuleManager: Shutting down and abandoning module EditorSettingsViewer (698)
[2025.12.16-21.57.41:085][748]LogModuleManager: Shutting down and abandoning module InternationalizationSettings (697)
[2025.12.16-21.57.41:085][748]LogModuleManager: Shutting down and abandoning module SettingsEditor (694)
[2025.12.16-21.57.41:085][748]LogModuleManager: Shutting down and abandoning module ProjectLauncher (692)
[2025.12.16-21.57.41:085][748]LogModuleManager: Shutting down and abandoning module SessionFrontend (690)
[2025.12.16-21.57.41:085][748]LogModuleManager: Shutting down and abandoning module ProfilerClient (688)
[2025.12.16-21.57.41:085][748]LogModuleManager: Shutting down and abandoning module DeviceManager (686)
[2025.12.16-21.57.41:085][748]LogModuleManager: Shutting down and abandoning module TargetDeviceServices (685)
[2025.12.16-21.57.41:117][748]LogModuleManager: Shutting down and abandoning module AutomationController (682)
[2025.12.16-21.57.41:117][748]LogModuleManager: Shutting down and abandoning module AutomationWindow (680)
[2025.12.16-21.57.41:117][748]LogModuleManager: Shutting down and abandoning module Layers (678)
[2025.12.16-21.57.41:117][748]LogModuleManager: Shutting down and abandoning module ComponentVisualizers (676)
[2025.12.16-21.57.41:117][748]LogModuleManager: Shutting down and abandoning module DetailCustomizations (674)
[2025.12.16-21.57.41:117][748]LogModuleManager: Shutting down and abandoning module PackagesDialog (672)
[2025.12.16-21.57.41:118][748]LogModuleManager: Shutting down and abandoning module AnimationBlueprintEditor (670)
[2025.12.16-21.57.41:118][748]LogModuleManager: Shutting down and abandoning module Persona (668)
[2025.12.16-21.57.41:118][748]LogModuleManager: Shutting down and abandoning module AdvancedPreviewScene (667)
[2025.12.16-21.57.41:118][748]LogModuleManager: Shutting down and abandoning module AnimGraph (665)
[2025.12.16-21.57.41:118][748]LogModuleManager: Shutting down and abandoning module Kismet (662)
[2025.12.16-21.57.41:126][748]LogModuleManager: Shutting down and abandoning module KismetWidgets (661)
[2025.12.16-21.57.41:126][748]LogModuleManager: Shutting down and abandoning module GraphEditor (658)
[2025.12.16-21.57.41:126][748]LogModuleManager: Shutting down and abandoning module StructViewer (656)
[2025.12.16-21.57.41:126][748]LogModuleManager: Shutting down and abandoning module ClassViewer (654)
[2025.12.16-21.57.41:126][748]LogModuleManager: Shutting down and abandoning module Toolbox (652)
[2025.12.16-21.57.41:126][748]LogModuleManager: Shutting down and abandoning module ModuleUI (650)
[2025.12.16-21.57.41:126][748]LogModuleManager: Shutting down and abandoning module OutputLog (648)
[2025.12.16-21.57.41:126][748]LogModuleManager: Shutting down and abandoning module GammaUI (646)
[2025.12.16-21.57.41:126][748]LogModuleManager: Shutting down and abandoning module Documentation (644)
[2025.12.16-21.57.41:126][748]LogModuleManager: Shutting down and abandoning module LiveCoding (642)
[2025.12.16-21.57.41:126][748]LogModuleManager: Shutting down and abandoning module LevelSequence (640)
[2025.12.16-21.57.41:126][748]LogModuleManager: Shutting down and abandoning module MovieSceneTracks (638)
[2025.12.16-21.57.41:126][748]LogModuleManager: Shutting down and abandoning module MovieScene (636)
[2025.12.16-21.57.41:126][748]LogModuleManager: Shutting down and abandoning module StreamingPauseRendering (634)
[2025.12.16-21.57.41:126][748]LogModuleManager: Shutting down and abandoning module LauncherPlatform (632)
[2025.12.16-21.57.41:126][748]LogModuleManager: Shutting down and abandoning module AnalyticsET (630)
[2025.12.16-21.57.41:126][748]LogModuleManager: Shutting down and abandoning module PortalServices (628)
[2025.12.16-21.57.41:126][748]LogModuleManager: Shutting down and abandoning module PortalRpc (626)
[2025.12.16-21.57.41:126][748]LogModuleManager: Shutting down and abandoning module MessagingRpc (624)
[2025.12.16-21.57.41:126][748]LogModuleManager: Shutting down and abandoning module AudioMixerXAudio2 (622)
[2025.12.16-21.57.41:126][748]LogModuleManager: Shutting down and abandoning module AudioMixerCore (621)
[2025.12.16-21.57.41:126][748]LogModuleManager: Shutting down and abandoning module AIModule (618)
[2025.12.16-21.57.41:126][748]LogModuleManager: Shutting down and abandoning module GameplayDebugger (617)
[2025.12.16-21.57.41:128][748]LogModuleManager: Shutting down and abandoning module AITestSuite (615)
[2025.12.16-21.57.41:128][748]LogModuleManager: Shutting down and abandoning module NavigationSystem (613)
[2025.12.16-21.57.41:128][748]LogModuleManager: Shutting down and abandoning module ImageWriteQueue (610)
[2025.12.16-21.57.41:143][748]LogModuleManager: Shutting down and abandoning module ProfilerService (608)
[2025.12.16-21.57.41:238][748]LogModuleManager: Shutting down and abandoning module TaskGraph (606)
[2025.12.16-21.57.41:238][748]LogModuleManager: Shutting down and abandoning module AudioSynesthesiaEditor (604)
[2025.12.16-21.57.41:238][748]LogModuleManager: Shutting down and abandoning module OculusEditor (602)
[2025.12.16-21.57.41:238][748]LogModuleManager: Shutting down and abandoning module OculusInput (600)
[2025.12.16-21.57.41:239][748]LogModuleManager: Shutting down and abandoning module ContentBrowserFileDataSource (598)
[2025.12.16-21.57.41:239][748]LogModuleManager: Shutting down and abandoning module ContentBrowserAssetDataSource (596)
[2025.12.16-21.57.41:239][748]LogModuleManager: Shutting down and abandoning module ContentBrowserClassDataSource (594)
[2025.12.16-21.57.41:239][748]LogModuleManager: Shutting down and abandoning module CollectionManager (593)
[2025.12.16-21.57.41:239][748]LogModuleManager: Shutting down and abandoning module SynthesisEditor (590)
[2025.12.16-21.57.41:240][748]LogModuleManager: Shutting down and abandoning module Synthesis (588)
[2025.12.16-21.57.41:240][748]LogModuleManager: Shutting down and abandoning module ProceduralMeshComponentEditor (586)
[2025.12.16-21.57.41:240][748]LogModuleManager: Shutting down and abandoning module ProceduralMeshComponent (584)
[2025.12.16-21.57.41:240][748]LogModuleManager: Shutting down and abandoning module TakeSequencer (582)
[2025.12.16-21.57.41:240][748]LogModuleManager: Shutting down and abandoning module TakeMovieScene (580)
[2025.12.16-21.57.41:240][748]LogModuleManager: Shutting down and abandoning module OpenXREditor (578)
[2025.12.16-21.57.41:240][748]LogModuleManager: Shutting down and abandoning module MobilePatchingUtils (576)
[2025.12.16-21.57.41:240][748]LogModuleManager: Shutting down and abandoning module GooglePAD (574)
[2025.12.16-21.57.41:240][748]LogModuleManager: Shutting down and abandoning module ScreenshotTools (572)
[2025.12.16-21.57.41:240][748]LogModuleManager: Shutting down and abandoning module CustomMeshComponent (570)
[2025.12.16-21.57.41:240][748]LogModuleManager: Shutting down and abandoning module EditableMesh (568)
[2025.12.16-21.57.41:240][748]LogModuleManager: Shutting down and abandoning module CableComponent (566)
[2025.12.16-21.57.41:240][748]LogModuleManager: Shutting down and abandoning module AudioCapture (564)
[2025.12.16-21.57.41:240][748]LogModuleManager: Shutting down and abandoning module AudioCaptureRtAudio (563)
[2025.12.16-21.57.41:240][748]LogModuleManager: Shutting down and abandoning module ArchVisCharacter (560)
[2025.12.16-21.57.41:240][748]LogModuleManager: Shutting down and abandoning module AppleImageUtilsBlueprintSupport (558)
[2025.12.16-21.57.41:240][748]LogModuleManager: Shutting down and abandoning module AppleImageUtils (556)
[2025.12.16-21.57.41:240][748]LogModuleManager: Shutting down and abandoning module AssetTags (554)
[2025.12.16-21.57.41:240][748]LogModuleManager: Shutting down and abandoning module AndroidPermission (552)
[2025.12.16-21.57.41:240][748]LogModuleManager: Shutting down and abandoning module ActorLayerUtilitiesEditor (550)
[2025.12.16-21.57.41:240][748]LogModuleManager: Shutting down and abandoning module ActorLayerUtilities (548)
[2025.12.16-21.57.41:240][748]LogModuleManager: Shutting down and abandoning module TemplateSequence (546)
[2025.12.16-21.57.41:240][748]LogModuleManager: Shutting down and abandoning module MotoSynthEditor (544)
[2025.12.16-21.57.41:240][748]LogModuleManager: Shutting down and abandoning module MotoSynth (542)
[2025.12.16-21.57.41:240][748]LogModuleManager: Shutting down and abandoning module OpenImageDenoise (540)
[2025.12.16-21.57.41:240][748]LogOpenImageDenoise: OIDN shutting down
[2025.12.16-21.57.41:240][748]LogModuleManager: Shutting down and abandoning module MeshConversion (538)
[2025.12.16-21.57.41:240][748]LogModuleManager: Shutting down and abandoning module DynamicMesh (536)
[2025.12.16-21.57.41:240][748]LogModuleManager: Shutting down and abandoning module GeometryAlgorithms (534)
[2025.12.16-21.57.41:240][748]LogModuleManager: Shutting down and abandoning module GeometricObjects (532)
[2025.12.16-21.57.41:240][748]LogModuleManager: Shutting down and abandoning module GeometryCollectionTracks (530)
[2025.12.16-21.57.41:240][748]LogModuleManager: Shutting down and abandoning module GeometryCollectionSequencer (529)
[2025.12.16-21.57.41:240][748]LogModuleManager: Shutting down and abandoning module GeometryCollectionEditor (526)
[2025.12.16-21.57.41:240][748]LogModuleManager: Shutting down and abandoning module GeometryCacheTracks (524)
[2025.12.16-21.57.41:240][748]LogModuleManager: Shutting down and abandoning module GeometryCacheStreamer (522)
[2025.12.16-21.57.41:240][748]LogModuleManager: Shutting down and abandoning module GeometryCacheSequencer (520)
[2025.12.16-21.57.41:240][748]LogModuleManager: Shutting down and abandoning module ImgMedia (518)
[2025.12.16-21.57.41:240][748]LogModuleManager: Shutting down and abandoning module MediaCompositing (516)
[2025.12.16-21.57.41:240][748]LogModuleManager: Shutting down and abandoning module MagicLeapSharedWorld (514)
[2025.12.16-21.57.41:241][748]LogModuleManager: Shutting down and abandoning module ChaosNiagara (512)
[2025.12.16-21.57.41:241][748]LogModuleManager: Shutting down and abandoning module ChaosSolverEditor (510)
[2025.12.16-21.57.41:241][748]LogModuleManager: Shutting down and abandoning module ChaosClothEditor (508)
[2025.12.16-21.57.41:241][748]LogModuleManager: Shutting down and abandoning module FractureEditor (506)
[2025.12.16-21.57.41:241][748]LogModuleManager: Shutting down and abandoning module FieldSystemEngine (505)
[2025.12.16-21.57.41:241][748]LogModuleManager: Shutting down and abandoning module BackChannel (502)
[2025.12.16-21.57.41:241][748]LogModuleManager: Shutting down and abandoning module MagicLeapLightEstimation (500)
[2025.12.16-21.57.41:241][748]LogModuleManager: Shutting down and abandoning module AlembicImporter (498)
[2025.12.16-21.57.41:241][748]LogModuleManager: Shutting down and abandoning module AlembicLibrary (497)
[2025.12.16-21.57.41:241][748]LogModuleManager: Shutting down and abandoning module GeometryCache (496)
[2025.12.16-21.57.41:241][748]LogModuleManager: Shutting down and abandoning module GeometryCacheEd (495)
[2025.12.16-21.57.41:241][748]LogModuleManager: Shutting down and abandoning module AutomationUtilsEditor (490)
[2025.12.16-21.57.41:241][748]LogModuleManager: Shutting down and abandoning module AutomationUtils (488)
[2025.12.16-21.57.41:241][748]LogModuleManager: Shutting down and abandoning module MagicLeapHelperVulkan (486)
[2025.12.16-21.57.41:241][748]LogModuleManager: Shutting down and abandoning module MagicLeapHelperOpenGL (484)
[2025.12.16-21.57.41:241][748]LogModuleManager: Shutting down and abandoning module MagicLeapAudio (482)
[2025.12.16-21.57.41:241][748]LogModuleManager: Shutting down and abandoning module VisualStudioSourceCodeAccess (480)
[2025.12.16-21.57.41:241][748]LogModuleManager: Shutting down and abandoning module RiderSourceCodeAccess (478)
[2025.12.16-21.57.41:241][748]LogModuleManager: Shutting down and abandoning module NiagaraEditorWidgets (476)
[2025.12.16-21.57.41:241][748]LogModuleManager: Shutting down and abandoning module VisualStudioCodeSourceCodeAccess (474)
[2025.12.16-21.57.41:241][748]LogModuleManager: Shutting down and abandoning module UObjectPlugin (472)
[2025.12.16-21.57.41:241][748]LogModuleManager: Shutting down and abandoning module SubversionSourceControl (470)
[2025.12.16-21.57.41:241][748]LogModuleManager: Shutting down and abandoning module PlasticSourceControl (468)
[2025.12.16-21.57.41:241][748]LogModuleManager: Shutting down and abandoning module PerforceSourceControl (466)
[2025.12.16-21.57.41:241][748]LogModuleManager: Shutting down and abandoning module PluginUtils (464)
[2025.12.16-21.57.41:241][748]LogModuleManager: Shutting down and abandoning module GitSourceControl (462)
[2025.12.16-21.57.41:241][748]LogModuleManager: Shutting down and abandoning module SourceControl (461)
[2025.12.16-21.57.41:241][748]LogModuleManager: Shutting down and abandoning module CLionSourceCodeAccess (458)
[2025.12.16-21.57.41:241][748]LogModuleManager: Shutting down and abandoning module AnimationSharingEd (456)
[2025.12.16-21.57.41:241][748]LogModuleManager: Shutting down and abandoning module SpeedTreeImporter (454)
[2025.12.16-21.57.41:241][748]LogModuleManager: Shutting down and abandoning module PluginBrowser (452)
[2025.12.16-21.57.41:241][748]LogModuleManager: Shutting down and abandoning module MobileLauncherProfileWizard (450)
[2025.12.16-21.57.41:241][748]LogModuleManager: Shutting down and abandoning module VariantManagerContentEditor (448)
[2025.12.16-21.57.41:241][748]LogModuleManager: Shutting down and abandoning module MaterialAnalyzer (446)
[2025.12.16-21.57.41:241][748]LogModuleManager: Shutting down and abandoning module CurveEditorTools (444)
[2025.12.16-21.57.41:242][748]LogModuleManager: Shutting down and abandoning module CryptoKeysOpenSSL (442)
[2025.12.16-21.57.41:242][748]LogModuleManager: Shutting down and abandoning module CryptoKeys (440)
[2025.12.16-21.57.41:242][748]LogModuleManager: Shutting down and abandoning module DatasmithContentEditor (438)
[2025.12.16-21.57.41:242][748]LogModuleManager: Shutting down and abandoning module OodleNetworkHandlerComponent (436)
[2025.12.16-21.57.41:242][748]LogModuleManager: Shutting down and abandoning module LightPropagationVolumeEditor (434)
[2025.12.16-21.57.41:242][748]LogModuleManager: Shutting down and abandoning module LiveLinkSequencer (432)
[2025.12.16-21.57.41:242][748]LogModuleManager: Shutting down and abandoning module LiveLinkMovieScene (430)
[2025.12.16-21.57.41:242][748]LogModuleManager: Shutting down and abandoning module LiveLinkGraphNode (428)
[2025.12.16-21.57.41:242][748]LogModuleManager: Shutting down and abandoning module LiveLinkEditor (426)
[2025.12.16-21.57.41:242][748]LogModuleManager: Shutting down and abandoning module LiveLinkComponents (424)
[2025.12.16-21.57.41:242][748]LogModuleManager: Shutting down and abandoning module LiveLink (422)
[2025.12.16-21.57.41:981][748]LogModuleManager: Shutting down and abandoning module PaperTiledImporter (420)
[2025.12.16-21.57.41:981][748]LogModuleManager: Shutting down and abandoning module PaperSpriteSheetImporter (418)
[2025.12.16-21.57.41:982][748]LogModuleManager: Shutting down and abandoning module Paper2DEditor (416)
[2025.12.16-21.57.41:982][748]LogModuleManager: Shutting down and abandoning module MeshPaintingToolset (414)
[2025.12.16-21.57.41:982][748]LogModuleManager: Shutting down and abandoning module MeshPaintEditorMode (412)
[2025.12.16-21.57.41:982][748]LogModuleManager: Shutting down and abandoning module SoundFields (410)
[2025.12.16-21.57.41:982][748]LogModuleManager: Shutting down and abandoning module SignificanceManager (408)
[2025.12.16-21.57.41:982][748]LogModuleManager: Shutting down and abandoning module RuntimePhysXCooking (406)
[2025.12.16-21.57.41:982][748]LogModuleManager: Shutting down and abandoning module PropertyAccessEditor (404)
[2025.12.16-21.57.41:982][748]LogModuleManager: Shutting down and abandoning module PhysXVehiclesEditor (402)
[2025.12.16-21.57.41:982][748]LogModuleManager: Shutting down and abandoning module LocationServicesBPLibrary (398)
[2025.12.16-21.57.41:982][748]LogModuleManager: Shutting down and abandoning module AudioSynesthesia (396)
[2025.12.16-21.57.41:982][748]LogModuleManager: Shutting down and abandoning module AudioSynesthesiaCore (394)
[2025.12.16-21.57.41:982][748]LogModuleManager: Shutting down and abandoning module TcpMessaging (392)
[2025.12.16-21.57.42:083][748]LogModuleManager: Shutting down and abandoning module UdpMessaging (390)
[2025.12.16-21.57.42:184][748]LogModuleManager: Shutting down and abandoning module ActorSequence (388)
[2025.12.16-21.57.42:184][748]LogModuleManager: Shutting down and abandoning module PythonScriptPlugin (386)
[2025.12.16-21.57.42:184][748]LogModuleManager: Shutting down and abandoning module ImgMediaEngine (384)
[2025.12.16-21.57.42:184][748]LogModuleManager: Shutting down and abandoning module MagicLeapARPin (382)
[2025.12.16-21.57.42:184][748]LogModuleManager: Shutting down and abandoning module MagicLeapHandMeshing (380)
[2025.12.16-21.57.42:184][748]LogModuleManager: Shutting down and abandoning module MagicLeapSecureStorage (378)
[2025.12.16-21.57.42:184][748]LogModuleManager: Shutting down and abandoning module MagicLeapPrivileges (376)
[2025.12.16-21.57.42:184][748]LogModuleManager: Shutting down and abandoning module MagicLeapPlanes (374)
[2025.12.16-21.57.42:184][748]LogMagicLeapPlanes: Planes tracker already destroyed.
[2025.12.16-21.57.42:184][748]LogModuleManager: Shutting down and abandoning module MagicLeapImageTracker (372)
[2025.12.16-21.57.42:184][748]LogModuleManager: Shutting down and abandoning module MagicLeapIdentity (370)
[2025.12.16-21.57.42:184][748]LogModuleManager: Shutting down and abandoning module MagicLeapHandTracking (368)
[2025.12.16-21.57.42:184][748]LogModuleManager: Shutting down and abandoning module MagicLeapEyeTracker (366)
[2025.12.16-21.57.42:184][748]LogModuleManager: Shutting down and abandoning module MagicLeapController (364)
[2025.12.16-21.57.42:184][748]LogModuleManager: Shutting down and abandoning module MagicLeapARPinImpl (362)
[2025.12.16-21.57.42:184][748]LogModuleManager: Shutting down and abandoning module MagicLeapAR (360)
[2025.12.16-21.57.42:184][748]LogModuleManager: Shutting down and abandoning module NiagaraAnimNotifies (358)
[2025.12.16-21.57.42:184][748]LogModuleManager: Shutting down and abandoning module Niagara (356)
[2025.12.16-21.57.42:184][748]LogModuleManager: Shutting down and abandoning module SignalProcessing (355)
[2025.12.16-21.57.42:184][748]LogModuleManager: Shutting down and abandoning module NiagaraEditor (353)
[2025.12.16-21.57.42:185][748]LogModuleManager: Shutting down and abandoning module NiagaraCore (350)
[2025.12.16-21.57.42:185][748]LogModuleManager: Shutting down and abandoning module PropertyAccessNode (348)
[2025.12.16-21.57.42:185][748]LogModuleManager: Shutting down and abandoning module AnimationSharing (346)
[2025.12.16-21.57.42:185][748]LogModuleManager: Shutting down and abandoning module DataValidation (344)
[2025.12.16-21.57.42:185][748]LogModuleManager: Shutting down and abandoning module GameplayTagsEditor (342)
[2025.12.16-21.57.42:185][748]LogModuleManager: Shutting down and abandoning module FacialAnimationEditor (340)
[2025.12.16-21.57.42:185][748]LogModuleManager: Shutting down and abandoning module FacialAnimation (338)
[2025.12.16-21.57.42:185][748]LogModuleManager: Shutting down and abandoning module AssetManagerEditor (336)
[2025.12.16-21.57.42:185][748]LogModuleManager: Shutting down and abandoning module LevelEditor (335)
[2025.12.16-21.57.42:187][748]LogModuleManager: Shutting down and abandoning module PixelInspectorModule (334)
[2025.12.16-21.57.42:187][748]LogModuleManager: Shutting down and abandoning module CommonMenuExtensions (332)
[2025.12.16-21.57.42:187][748]LogModuleManager: Shutting down and abandoning module MainFrame (330)
[2025.12.16-21.57.42:187][748]LogModuleManager: Shutting down and abandoning module HotReload (329)
[2025.12.16-21.57.42:188][748]LogModuleManager: Shutting down and abandoning module ToolMenus (325)
[2025.12.16-21.57.42:188][748]LogModuleManager: Shutting down and abandoning module ContentBrowser (323)
[2025.12.16-21.57.42:188][748]LogModuleManager: Shutting down and abandoning module ContentBrowserData (322)
[2025.12.16-21.57.42:188][748]LogModuleManager: Shutting down and abandoning module TreeMap (319)
[2025.12.16-21.57.42:188][748]LogModuleManager: Shutting down and abandoning module GameplayCameras (316)
[2025.12.16-21.57.42:188][748]LogModuleManager: Shutting down and abandoning module EnvironmentQueryEditor (314)
[2025.12.16-21.57.42:188][748]LogModuleManager: Shutting down and abandoning module LightPropagationVolumeRuntime (312)
[2025.12.16-21.57.42:188][748]LogModuleManager: Shutting down and abandoning module Paper2D (310)
[2025.12.16-21.57.42:188][748]LogModuleManager: Shutting down and abandoning module WindowsMoviePlayer (308)
[2025.12.16-21.57.42:189][748]LogModuleManager: Shutting down and abandoning module WebMMoviePlayer (306)
[2025.12.16-21.57.42:189][748]LogModuleManager: Shutting down and abandoning module NetworkReplayStreaming (304)
[2025.12.16-21.57.42:190][748]LogModuleManager: Shutting down and abandoning module PacketHandler (302)
[2025.12.16-21.57.42:190][748]LogModuleManager: Shutting down and abandoning module ClothingSystemEditor (300)
[2025.12.16-21.57.42:190][748]LogModuleManager: Shutting down and abandoning module ClothingSystemRuntimeNv (298)
[2025.12.16-21.57.42:190][748]LogModuleManager: Shutting down and abandoning module MediaAssets (296)
[2025.12.16-21.57.42:190][748]LogModuleManager: Shutting down and abandoning module Overlay (294)
[2025.12.16-21.57.42:190][748]LogModuleManager: Shutting down and abandoning module OverlayEditor (293)
[2025.12.16-21.57.42:190][748]LogModuleManager: Shutting down and abandoning module VREditor (290)
[2025.12.16-21.57.42:190][748]LogModuleManager: Shutting down and abandoning module StringTableEditor (288)
[2025.12.16-21.57.42:190][748]LogModuleManager: Shutting down and abandoning module GameplayTasksEditor (286)
[2025.12.16-21.57.42:190][748]LogModuleManager: Shutting down and abandoning module BehaviorTreeEditor (284)
[2025.12.16-21.57.42:190][748]LogModuleManager: Shutting down and abandoning module FunctionalTesting (282)
[2025.12.16-21.57.42:190][748]LogModuleManager: Shutting down and abandoning module CollisionAnalyzer (280)
[2025.12.16-21.57.42:190][748]LogModuleManager: Shutting down and abandoning module WorkspaceMenuStructure (279)
[2025.12.16-21.57.42:190][748]LogModuleManager: Shutting down and abandoning module UMG (276)
[2025.12.16-21.57.42:190][748]LogModuleManager: Shutting down and abandoning module UMGEditor (275)
[2025.12.16-21.57.42:190][748]LogModuleManager: Shutting down and abandoning module MessageLog (273)
[2025.12.16-21.57.42:190][748]LogModuleManager: Shutting down and abandoning module SlateReflector (268)
[2025.12.16-21.57.42:191][748]LogModuleManager: Shutting down and abandoning module Slate (266)
[2025.12.16-21.57.42:191][748]LogModuleManager: Shutting down and abandoning module SlateCore (264)
[2025.12.16-21.57.42:193][748]LogModuleManager: Shutting down and abandoning module LandscapeEditorUtilities (262)
[2025.12.16-21.57.42:193][748]LogModuleManager: Shutting down and abandoning module UnrealEd (260)
[2025.12.16-21.57.42:193][748]LogModuleManager: Shutting down and abandoning module MRMesh (258)
[2025.12.16-21.57.42:193][748]LogModuleManager: Shutting down and abandoning module SourceCodeAccess (256)
[2025.12.16-21.57.42:193][748]LogModuleManager: Shutting down and abandoning module HeadMountedDisplay (254)
[2025.12.16-21.57.42:193][748]LogModuleManager: Shutting down and abandoning module XAudio2 (252)
[2025.12.16-21.57.42:193][748]LogModuleManager: Shutting down and abandoning module Networking (250)
[2025.12.16-21.57.42:193][748]LogModuleManager: Shutting down and abandoning module Core (248)
[2025.12.16-21.57.42:193][748]LogModuleManager: Shutting down and abandoning module MaterialEditor (246)
[2025.12.16-21.57.42:193][748]LogModuleManager: Shutting down and abandoning module MovieSceneTools (244)
[2025.12.16-21.57.42:193][748]LogModuleManager: Shutting down and abandoning module CurveEditor (243)
[2025.12.16-21.57.42:193][748]LogModuleManager: Shutting down and abandoning module Sequencer (241)
[2025.12.16-21.57.42:194][748]LogModuleManager: Shutting down and abandoning module EditorStyle (240)
[2025.12.16-21.57.42:196][748]LogModuleManager: Shutting down and abandoning module KismetCompiler (236)
[2025.12.16-21.57.42:196][748]LogModuleManager: Shutting down and abandoning module MeshBuilder (234)
[2025.12.16-21.57.42:196][748]LogModuleManager: Shutting down and abandoning module MeshUtilities (232)
[2025.12.16-21.57.42:196][748]LogModuleManager: Shutting down and abandoning module MeshMergeUtilities (231)
[2025.12.16-21.57.42:196][748]LogModuleManager: Shutting down and abandoning module MeshReductionInterface (230)
[2025.12.16-21.57.42:196][748]LogModuleManager: Shutting down and abandoning module MeshBoneReduction (229)
[2025.12.16-21.57.42:196][748]LogModuleManager: Shutting down and abandoning module SkeletalMeshReduction (227)
[2025.12.16-21.57.42:196][748]LogModuleManager: Shutting down and abandoning module ProxyLODMeshReduction (225)
[2025.12.16-21.57.42:196][748]LogModuleManager: Shutting down and abandoning module QuadricMeshReduction (223)
[2025.12.16-21.57.42:196][748]LogModuleManager: Shutting down and abandoning module MaterialBaking (219)
[2025.12.16-21.57.42:196][748]LogModuleManager: Shutting down and abandoning module NullInstallBundleManager (214)
[2025.12.16-21.57.42:196][748]LogModuleManager: Shutting down and abandoning module DerivedDataCache (212)
[2025.12.16-21.57.42:197][748]LogModuleManager: Shutting down and abandoning module TargetPlatform (210)
[2025.12.16-21.57.42:197][748]LogModuleManager: Shutting down and abandoning module VulkanShaderFormat (209)
[2025.12.16-21.57.42:197][748]LogModuleManager: Shutting down and abandoning module ShaderFormatVectorVM (207)
[2025.12.16-21.57.42:197][748]LogModuleManager: Shutting down and abandoning module ShaderFormatOpenGL (205)
[2025.12.16-21.57.42:197][748]LogModuleManager: Shutting down and abandoning module ShaderFormatD3D (203)
[2025.12.16-21.57.42:197][748]LogModuleManager: Shutting down and abandoning module MetalShaderFormat (201)
[2025.12.16-21.57.42:197][748]LogModuleManager: Shutting down and abandoning module TextureFormatOodle (199)
[2025.12.16-21.57.42:197][748]LogModuleManager: Shutting down and abandoning module TextureFormatUncompressed (197)
[2025.12.16-21.57.42:197][748]LogModuleManager: Shutting down and abandoning module TextureFormatPVR (195)
[2025.12.16-21.57.42:197][748]LogModuleManager: Shutting down and abandoning module TextureFormatETC2 (193)
[2025.12.16-21.57.42:197][748]LogModuleManager: Shutting down and abandoning module TextureFormatDXT (191)
[2025.12.16-21.57.42:197][748]LogModuleManager: Shutting down and abandoning module TextureFormatIntelISPCTexComp (189)
[2025.12.16-21.57.42:197][748]LogModuleManager: Shutting down and abandoning module TextureFormatASTC (187)
[2025.12.16-21.57.42:198][748]LogModuleManager: Shutting down and abandoning module ImageWrapper (186)
[2025.12.16-21.57.42:198][748]LogModuleManager: Shutting down and abandoning module AudioFormatOpus (183)
[2025.12.16-21.57.42:198][748]LogModuleManager: Shutting down and abandoning module AudioFormatOgg (181)
[2025.12.16-21.57.42:198][748]LogModuleManager: Shutting down and abandoning module AudioFormatADPCM (179)
[2025.12.16-21.57.42:198][748]LogModuleManager: Shutting down and abandoning module WindowsServerTargetPlatform (177)
[2025.12.16-21.57.42:198][748]LogModuleManager: Shutting down and abandoning module WindowsClientTargetPlatform (175)
[2025.12.16-21.57.42:198][748]LogModuleManager: Shutting down and abandoning module WindowsTargetPlatform (173)
[2025.12.16-21.57.42:198][748]LogModuleManager: Shutting down and abandoning module WindowsNoEditorTargetPlatform (171)
[2025.12.16-21.57.42:198][748]LogModuleManager: Shutting down and abandoning module TVOSTargetPlatform (169)
[2025.12.16-21.57.42:199][748]LogModuleManager: Shutting down and abandoning module MacServerTargetPlatform (167)
[2025.12.16-21.57.42:199][748]LogModuleManager: Shutting down and abandoning module MacClientTargetPlatform (165)
[2025.12.16-21.57.42:199][748]LogModuleManager: Shutting down and abandoning module MacTargetPlatform (163)
[2025.12.16-21.57.42:199][748]LogModuleManager: Shutting down and abandoning module MacNoEditorTargetPlatform (161)
[2025.12.16-21.57.42:199][748]LogModuleManager: Shutting down and abandoning module LuminTargetPlatform (159)
[2025.12.16-21.57.42:201][748]LogModuleManager: Shutting down and abandoning module LinuxAArch64ServerTargetPlatform (157)
[2025.12.16-21.57.42:201][748]LogModuleManager: Shutting down and abandoning module LinuxAArch64ClientTargetPlatform (155)
[2025.12.16-21.57.42:201][748]LogModuleManager: Shutting down and abandoning module LinuxAArch64NoEditorTargetPlatform (153)
[2025.12.16-21.57.42:201][748]LogModuleManager: Shutting down and abandoning module LinuxServerTargetPlatform (151)
[2025.12.16-21.57.42:201][748]LogModuleManager: Shutting down and abandoning module LinuxClientTargetPlatform (149)
[2025.12.16-21.57.42:201][748]LogModuleManager: Shutting down and abandoning module LinuxNoEditorTargetPlatform (147)
[2025.12.16-21.57.42:201][748]LogModuleManager: Shutting down and abandoning module LinuxTargetPlatform (145)
[2025.12.16-21.57.42:201][748]LogModuleManager: Shutting down and abandoning module Messaging (143)
[2025.12.16-21.57.42:201][748]LogModuleManager: Shutting down and abandoning module IOSTargetPlatform (141)
[2025.12.16-21.57.42:203][748]LogModuleManager: Shutting down and abandoning module AndroidTargetPlatform (139)
[2025.12.16-21.57.42:208][748]LogModuleManager: Shutting down and abandoning module AllDesktopTargetPlatform (137)
[2025.12.16-21.57.42:208][748]LogModuleManager: Shutting down and abandoning module D3D11RHI (134)
[2025.12.16-21.57.42:208][748]LogModuleManager: Shutting down and abandoning module InputCore (132)
[2025.12.16-21.57.42:208][748]LogModuleManager: Shutting down and abandoning module Settings (130)
[2025.12.16-21.57.42:209][748]LogModuleManager: Shutting down and abandoning module DirectoryWatcher (128)
[2025.12.16-21.57.42:209][748]LogModuleManager: Shutting down and abandoning module PhysXCooking (126)
[2025.12.16-21.57.42:209][748]LogModuleManager: Shutting down and abandoning module Chaos (124)
[2025.12.16-21.57.42:209][748]LogModuleManager: Shutting down and abandoning module WindowsPlatformFeatures (122)
[2025.12.16-21.57.42:209][748]LogModuleManager: Shutting down and abandoning module GameplayMediaEncoder (121)
[2025.12.16-21.57.42:209][748]LogModuleManager: Shutting down and abandoning module AVEncoder (120)
[2025.12.16-21.57.42:209][748]LogModuleManager: Shutting down and abandoning module SteamVRInputDevice (116)
[2025.12.16-21.57.42:209][748]LogModuleManager: Shutting down and abandoning module SteamVRInput (114)
[2025.12.16-21.57.42:209][748]LogModuleManager: Shutting down and abandoning module SteamVR (112)
[2025.12.16-21.57.42:209][748]LogHMD: Freeing OpenVRDLLHandle.
[2025.12.16-21.57.42:209][748]LogModuleManager: Shutting down and abandoning module OculusHMD (110)
[2025.12.16-21.57.42:209][748]LogModuleManager: Shutting down and abandoning module OpenXRHandTracking (108)
[2025.12.16-21.57.42:210][748]LogSlate: Slate User Destroyed.  User Index 0, Is Virtual User: 0
[2025.12.16-21.57.42:210][748]LogModuleManager: Shutting down and abandoning module OpenXREyeTracker (106)
[2025.12.16-21.57.42:211][748]LogModuleManager: Shutting down and abandoning module OpenXRAR (104)
[2025.12.16-21.57.42:211][748]LogModuleManager: Shutting down and abandoning module AugmentedReality (103)
[2025.12.16-21.57.42:211][748]LogModuleManager: Shutting down and abandoning module OpenXRHMD (100)
[2025.12.16-21.57.42:211][748]LogModuleManager: Shutting down and abandoning module ExampleDeviceProfileSelector (98)
[2025.12.16-21.57.42:211][748]LogModuleManager: Shutting down and abandoning module ChunkDownloader (96)
[2025.12.16-21.57.42:211][748]LogModuleManager: Shutting down and abandoning module LauncherChunkInstaller (94)
[2025.12.16-21.57.42:211][748]LogModuleManager: Shutting down and abandoning module OnlineBlueprintSupport (92)
[2025.12.16-21.57.42:211][748]LogModuleManager: Shutting down and abandoning module OnlineSubsystem (88)
[2025.12.16-21.57.42:214][748]LogModuleManager: Shutting down and abandoning module XMPP (83)
[2025.12.16-21.57.42:214][748]LogModuleManager: Shutting down and abandoning module WebSockets (82)
[2025.12.16-21.57.42:249][748]LogModuleManager: Shutting down and abandoning module HTTP (79)
[2025.12.16-21.57.42:249][748]LogHttp: Display: Http module shutting down, but needs to wait on 2 outstanding Http requests:
[2025.12.16-21.57.42:249][748]LogHttp: Display: 	verb=[POST] url=[https://datarouter.ol.epicgames.com/datarouter/api/v1/public/data?SessionID=%7BDE559343-40FE-0211-F060-72A0B465E401%7D&AppID=UEEditor.Rocket.Release&AppVersion=4.27.2-18319896%2B%2B%2BUE4%2BRelease-4.27&UserID=7b83658d48895a4a9156acb9207522bf%7C460cba60c5e74658afe364f0ea51f614%7Cbf6e2cad-2029-4761-9a4a-0e56c7890fd3&AppEnvironment=datacollector-binary&UploadType=eteventstream] refs=[1] status=Processing
[2025.12.16-21.57.42:249][748]LogHttp: Display: 	verb=[POST] url=[https://datarouter.ol.epicgames.com/datarouter/api/v1/public/data?SessionID=%7BDE559343-40FE-0211-F060-72A0B465E401%7D&AppID=UEEditor.Rocket.Release&AppVersion=4.27.2-18319896%2B%2B%2BUE4%2BRelease-4.27&UserID=7b83658d48895a4a9156acb9207522bf%7C460cba60c5e74658afe364f0ea51f614%7Cbf6e2cad-2029-4761-9a4a-0e56c7890fd3&AppEnvironment=datacollector-binary&UploadType=eteventstream] refs=[1] status=Processing
[2025.12.16-21.57.42:249][748]LogHttp: Display: cleaning up 2 outstanding Http requests.
[2025.12.16-21.57.42:275][748]LogModuleManager: Shutting down and abandoning module SSL (78)
[2025.12.16-21.57.42:277][748]LogModuleManager: Shutting down and abandoning module WmfMedia (74)
[2025.12.16-21.57.42:283][748]LogModuleManager: Shutting down and abandoning module Media (73)
[2025.12.16-21.57.42:286][748]LogModuleManager: Shutting down and abandoning module MediaInfo (72)
[2025.12.16-21.57.42:286][748]LogModuleManager: Shutting down and abandoning module ExrReaderGpu (68)
[2025.12.16-21.57.42:286][748]LogModuleManager: Shutting down and abandoning module MLSDK (66)
[2025.12.16-21.57.42:286][748]LogModuleManager: Shutting down and abandoning module ChaosCloth (64)
[2025.12.16-21.57.42:286][748]LogModuleManager: Shutting down and abandoning module MagicLeap (62)
[2025.12.16-21.57.42:286][748]LogModuleManager: Shutting down and abandoning module NiagaraVertexFactories (60)
[2025.12.16-21.57.42:286][748]LogModuleManager: Shutting down and abandoning module NiagaraShader (58)
[2025.12.16-21.57.42:286][748]LogModuleManager: Shutting down and abandoning module PixWinPlugin (56)
[2025.12.16-21.57.42:286][748]LogModuleManager: Shutting down and abandoning module VariantManagerContent (54)
[2025.12.16-21.57.42:286][748]LogModuleManager: Shutting down and abandoning module DatasmithContent (52)
[2025.12.16-21.57.42:287][748]LogModuleManager: Shutting down and abandoning module AISupportModule (50)
[2025.12.16-21.57.42:287][748]LogModuleManager: Shutting down and abandoning module DesktopPlatform (48)
[2025.12.16-21.57.42:287][748]LogModuleManager: Shutting down and abandoning module PythonScriptPluginPreload (46)
[2025.12.16-21.57.42:287][748]LogModuleManager: Shutting down and abandoning module PlatformCryptoOpenSSL (44)
[2025.12.16-21.57.42:287][748]LogModuleManager: Shutting down and abandoning module PlatformCryptoTypes (42)
[2025.12.16-21.57.42:287][748]LogModuleManager: Shutting down and abandoning module PlatformCrypto (40)
[2025.12.16-21.57.42:288][748]LogModuleManager: Shutting down and abandoning module OodleDataCompressionFormat (38)
[2025.12.16-21.57.42:288][748]LogModuleManager: Shutting down and abandoning module XGEController (36)
[2025.12.16-21.57.42:288][748]LogModuleManager: Shutting down and abandoning module AnimationModifiers (34)
[2025.12.16-21.57.42:288][748]LogModuleManager: Shutting down and abandoning module AudioEditor (32)
[2025.12.16-21.57.42:288][748]LogModuleManager: Shutting down and abandoning module PropertyEditor (31)
[2025.12.16-21.57.42:288][748]LogModuleManager: Shutting down and abandoning module TextureCompressor (28)
[2025.12.16-21.57.42:288][748]LogModuleManager: Shutting down and abandoning module RenderCore (26)
[2025.12.16-21.57.42:288][748]LogModuleManager: Shutting down and abandoning module Landscape (24)
[2025.12.16-21.57.42:288][748]LogModuleManager: Shutting down and abandoning module SlateRHIRenderer (22)
[2025.12.16-21.57.42:290][748]LogModuleManager: Shutting down and abandoning module AnimGraphRuntime (20)
[2025.12.16-21.57.42:290][748]LogModuleManager: Shutting down and abandoning module Renderer (18)
[2025.12.16-21.57.42:290][748]LogModuleManager: Shutting down and abandoning module Engine (16)
[2025.12.16-21.57.42:290][748]LogModuleManager: Shutting down and abandoning module CoreUObject (14)
[2025.12.16-21.57.42:290][748]LogModuleManager: Shutting down and abandoning module NetworkFile (12)
[2025.12.16-21.57.42:290][748]LogModuleManager: Shutting down and abandoning module CookedIterativeFile (10)
[2025.12.16-21.57.42:290][748]LogModuleManager: Shutting down and abandoning module StreamingFile (8)
[2025.12.16-21.57.42:290][748]LogModuleManager: Shutting down and abandoning module SandboxFile (6)
[2025.12.16-21.57.42:290][748]LogModuleManager: Shutting down and abandoning module PakFile (4)
[2025.12.16-21.57.42:290][748]LogModuleManager: Shutting down and abandoning module RSA (3)
[2025.12.16-21.57.42:290][748]LogContentStreaming: Display: There are 1 unreleased StreamingManagers
[2025.12.16-21.57.42:403][748]LogD3D11RHI: Shutdown
[2025.12.16-21.57.42:403][748]LogD3D11RHI: CleanupD3DDevice
[2025.12.16-21.57.42:421][748]LogD3D11RHI: Intel Extensions Framework unloaded
[2025.12.16-21.57.42:424][748]LogD3D11RHI: [IntelMetricsDiscovery] Stopped
[2025.12.16-21.57.42:424][748]LogExit: Exiting.
[2025.12.16-21.57.42:442][748]Log file closed, 12/16/25 22:57:42
