Log file open, 12/16/25 21:27:49
LogWindows: Failed to load 'aqProf.dll' (GetLastError=126)
LogWindows: File 'aqProf.dll' does not exist
LogWindows: Failed to load 'VtuneApi.dll' (GetLastError=126)
LogWindows: File 'VtuneApi.dll' does not exist
LogWindows: Failed to load 'VtuneApi32e.dll' (GetLastError=126)
LogWindows: File 'VtuneApi32e.dll' does not exist
LogConsoleResponse: Display: Failed to find resolution value strings in scalability ini. Falling back to default.
LogConsoleResponse: Display: Failed to find resolution value strings in scalability ini. Falling back to default.
LogInit: Display: Running engine for game: MarsMarine
LogPlatformFile: Not using cached read wrapper
LogTaskGraph: Started task graph with 5 named threads and 35 total threads with 3 sets of task threads.
LogStats: Stats thread started at 0.491336
LogICUInternationalization: ICU TimeZone Detection - Raw Offset: +1:00, Platform Override: ''
LogInit: Display: Loading text-based GConfig....
LogPluginManager: Mounting plugin MeshPainting
LogPluginManager: Mounting plugin XGEController
LogPluginManager: Mounting plugin Paper2D
LogPluginManager: Mounting plugin AISupport
LogPluginManager: Mounting plugin EnvironmentQueryEditor
LogPluginManager: Mounting plugin LiveLink
LogPluginManager: Mounting plugin LightPropagationVolume
LogPluginManager: Mounting plugin AnimationSharing
LogPluginManager: Mounting plugin CLionSourceCodeAccess
LogPluginManager: Mounting plugin NullSourceCodeAccess
LogPluginManager: Mounting plugin GitSourceControl
LogPluginManager: Mounting plugin CodeLiteSourceCodeAccess
LogPluginManager: Mounting plugin PlasticSourceControl
LogPluginManager: Mounting plugin PluginUtils
LogPluginManager: Mounting plugin RiderSourceCodeAccess
LogPluginManager: Mounting plugin KDevelopSourceCodeAccess
LogPluginManager: Mounting plugin PropertyAccessNode
LogPluginManager: Mounting plugin PerforceSourceControl
LogPluginManager: Mounting plugin PixWinPlugin
LogPluginManager: Mounting plugin TextureFormatOodle
LogPluginManager: Mounting plugin SubversionSourceControl
LogPluginManager: Mounting plugin UObjectPlugin
LogPluginManager: Mounting plugin OodleNetwork
LogPluginManager: Mounting plugin CameraShakePreviewer
LogPluginManager: Mounting plugin VisualStudioCodeSourceCodeAccess
LogPluginManager: Mounting plugin OodleData
LogPluginManager: Mounting plugin XCodeSourceCodeAccess
LogPluginManager: Mounting plugin VisualStudioSourceCodeAccess
LogPluginManager: Mounting plugin GameplayCameras
LogPluginManager: Mounting plugin DatasmithContent
LogPluginManager: Mounting plugin AssetManagerEditor
LogPluginManager: Mounting plugin DataValidation
LogPluginManager: Mounting plugin FacialAnimation
LogPluginManager: Mounting plugin CryptoKeys
LogPluginManager: Mounting plugin VariantManagerContent
LogPluginManager: Mounting plugin CurveEditorTools
LogPluginManager: Mounting plugin GeometryMode
LogPluginManager: Mounting plugin MacGraphicsSwitching
LogPluginManager: Mounting plugin MaterialAnalyzer
LogPluginManager: Mounting plugin GameplayTagsEditor
LogPluginManager: Mounting plugin MobileLauncherProfileWizard
LogPluginManager: Mounting plugin Niagara
LogPluginManager: Mounting plugin PluginBrowser
LogPluginManager: Mounting plugin SpeedTreeImporter
LogPluginManager: Mounting plugin LuminPlatformFeatures
LogPluginManager: Mounting plugin MagicLeap
LogPluginManager: Mounting plugin MagicLeapMedia
LogPluginManager: Mounting plugin MagicLeapLightEstimation
LogPluginManager: Mounting plugin MagicLeapPassableWorld
LogPluginManager: Mounting plugin AlembicImporter
LogPluginManager: Mounting plugin MLSDK
LogPluginManager: Mounting plugin AutomationUtils
LogPluginManager: Mounting plugin ChaosClothEditor
LogPluginManager: Mounting plugin ChaosCloth
LogPluginManager: Mounting plugin BackChannel
LogPluginManager: Mounting plugin ChaosEditor
LogPluginManager: Mounting plugin ChaosSolverPlugin
LogPluginManager: Mounting plugin ChaosNiagara
LogPluginManager: Mounting plugin CharacterAI
LogPluginManager: Mounting plugin GeometryCache
LogPluginManager: Mounting plugin GeometryCollectionPlugin
LogPluginManager: Mounting plugin GeometryProcessing
LogPluginManager: Mounting plugin MotoSynth
LogPluginManager: Mounting plugin PlanarCut
LogPluginManager: Mounting plugin OpenImageDenoise
LogPluginManager: Mounting plugin ProxyLODPlugin
LogPluginManager: Mounting plugin PlatformCrypto
LogPluginManager: Mounting plugin SkeletalReduction
LogPluginManager: Mounting plugin PythonScriptPlugin
LogPluginManager: Mounting plugin UdpMessaging
LogPluginManager: Mounting plugin TcpMessaging
LogPluginManager: Mounting plugin ActorSequence
LogPluginManager: Mounting plugin LevelSequenceEditor
LogPluginManager: Mounting plugin MatineeToLevelSequence
LogPluginManager: Mounting plugin TemplateSequence
LogPluginManager: Mounting plugin AndroidMedia
LogPluginManager: Mounting plugin AvfMedia
LogPluginManager: Mounting plugin ImgMedia
LogPluginManager: Mounting plugin MediaCompositing
LogPluginManager: Mounting plugin MediaPlayerEditor
LogPluginManager: Mounting plugin WebMMedia
LogPluginManager: Mounting plugin WmfMedia
LogPluginManager: Mounting plugin OnlineSubsystem
LogPluginManager: Mounting plugin OnlineSubsystemNull
LogPluginManager: Mounting plugin ActorLayerUtilities
LogPluginManager: Mounting plugin OnlineSubsystemUtils
LogPluginManager: Mounting plugin LauncherChunkInstaller
LogPluginManager: Mounting plugin AndroidDeviceProfileSelector
LogPluginManager: Mounting plugin AndroidMoviePlayer
LogPluginManager: Mounting plugin AndroidPermission
LogPluginManager: Mounting plugin AppleImageUtils
LogPluginManager: Mounting plugin AppleMoviePlayer
LogPluginManager: Mounting plugin AudioCapture
LogPluginManager: Mounting plugin ArchVisCharacter
LogPluginManager: Mounting plugin AssetTags
LogPluginManager: Mounting plugin CableComponent
LogPluginManager: Mounting plugin ChunkDownloader
LogPluginManager: Mounting plugin AudioSynesthesia
LogPluginManager: Mounting plugin CustomMeshComponent
LogPluginManager: Mounting plugin EditableMesh
LogPluginManager: Mounting plugin ExampleDeviceProfileSelector
LogPluginManager: Mounting plugin ScreenshotTools
LogPluginManager: Mounting plugin GooglePAD
LogPluginManager: Mounting plugin GoogleCloudMessaging
LogPluginManager: Mounting plugin LinuxDeviceProfileSelector
LogPluginManager: Mounting plugin IOSDeviceProfileSelector
LogPluginManager: Mounting plugin LocationServicesBPLibrary
LogPluginManager: Mounting plugin OpenXREyeTracker
LogPluginManager: Mounting plugin OpenXR
LogPluginManager: Mounting plugin MobilePatchingUtils
LogPluginManager: Mounting plugin OpenXRHandTracking
LogPluginManager: Mounting plugin PhysXVehicles
LogPluginManager: Mounting plugin PostSplashScreen
LogPluginManager: Mounting plugin PropertyAccessEditor
LogPluginManager: Mounting plugin ProceduralMeshComponent
LogPluginManager: Mounting plugin RuntimePhysXCooking
LogPluginManager: Mounting plugin SignificanceManager
LogPluginManager: Mounting plugin SoundFields
LogPluginManager: Mounting plugin Synthesis
LogPluginManager: Mounting plugin Takes
LogPluginManager: Mounting plugin WebMMoviePlayer
LogPluginManager: Mounting plugin WindowsMoviePlayer
LogPluginManager: Mounting plugin ContentBrowserAssetDataSource
LogPluginManager: Mounting plugin ContentBrowserFileDataSource
LogPluginManager: Mounting plugin ContentBrowserClassDataSource
LogPluginManager: Mounting plugin OnlineSubsystemGooglePlay
LogPluginManager: Mounting plugin OnlineSubsystemIOS
LogPluginManager: Mounting plugin OculusVR
LogPluginManager: Mounting plugin SteamVR
PixWinPlugin: PIX capture plugin failed to initialize! Check that the process is launched from PIX.
LogInit: Using libcurl 7.55.1-DEV
LogInit:  - built for x86_64-pc-win32
LogInit:  - supports SSL with OpenSSL/1.1.1
LogInit:  - supports HTTP deflate (compression) using libz 1.2.8
LogInit:  - other features:
LogInit:      CURL_VERSION_SSL
LogInit:      CURL_VERSION_LIBZ
LogInit:      CURL_VERSION_IPV6
LogInit:      CURL_VERSION_ASYNCHDNS
LogInit:      CURL_VERSION_LARGEFILE
LogInit:      CURL_VERSION_IDN
LogInit:  CurlRequestOptions (configurable via config and command line):
LogInit:  - bVerifyPeer = true  - Libcurl will verify peer certificate
LogInit:  - bUseHttpProxy = false  - Libcurl will NOT use HTTP proxy
LogInit:  - bDontReuseConnections = false  - Libcurl will reuse connections
LogInit:  - MaxHostConnections = 16  - Libcurl will limit the number of connections to a host
LogInit:  - LocalHostAddr = Default
LogInit:  - BufferSize = 65536
LogOnline: OSS: Creating online subsystem instance for: NULL
LogInit: WinSock: version 1.1 (2.2), MaxSocks=32767, MaxUdp=65467
LogOnline: OSS: TryLoadSubsystemAndSetDefault: Loaded subsystem for module [NULL]
LogOculusPluginWrapper: OculusPlugin initialized successfully
LogHMD: Failed initializing OVRPlugin 1.59.0
LogInit: Build: ++UE4+Release-4.27-CL-18319896
LogInit: Engine Version: 4.27.2-18319896+++UE4+Release-4.27
LogInit: Compatible Engine Version: 4.27.0-17155196+++UE4+Release-4.27
LogInit: Net CL: 17155196
LogInit: OS: Windows 10 (Release 2009) (), CPU: 12th Gen Intel(R) Core(TM) i5-1245U, GPU: Intel(R) Iris(R) Xe Graphics
LogInit: Compiled (64-bit): Nov 30 2021 07:12:08
LogInit: Compiled with Visual C++: 19.24.28315.00
LogInit: Build Configuration: Development
LogInit: Branch Name: ++UE4+Release-4.27
LogInit: Command Line:  -AUTH_LOGIN=unused -AUTH_PASSWORD=9b85862b387c47f69d55b17c35fc972b -AUTH_TYPE=exchangecode -epicapp=UE_4.27 -epicenv=Prod -EpicPortal -epicusername=cirarula -epicuserid=460cba60c5e74658afe364f0ea51f614 -epiclocale=pl -epicsandboxid=ue
LogInit: Base Directory: C:/Program Files/Epic Games/UE_4.27/Engine/Binaries/Win64/
LogInit: Allocator: TBB
LogInit: Installed Engine Build: 1
LogDevObjectVersion: Number of dev versions registered: 29
LogDevObjectVersion:   Dev-Blueprints (B0D832E4-1F89-4F0D-ACCF-7EB736FD4AA2): 10
LogDevObjectVersion:   Dev-Build (E1C64328-A22C-4D53-A36C-8E866417BD8C): 0
LogDevObjectVersion:   Dev-Core (375EC13C-06E4-48FB-B500-84F0262A717E): 4
LogDevObjectVersion:   Dev-Editor (E4B068ED-F494-42E9-A231-DA0B2E46BB41): 40
LogDevObjectVersion:   Dev-Framework (CFFC743F-43B0-4480-9391-14DF171D2073): 37
LogDevObjectVersion:   Dev-Mobile (B02B49B5-BB20-44E9-A304-32B752E40360): 3
LogDevObjectVersion:   Dev-Networking (A4E4105C-59A1-49B5-A7C5-40C4547EDFEE): 0
LogDevObjectVersion:   Dev-Online (39C831C9-5AE6-47DC-9A44-9C173E1C8E7C): 0
LogDevObjectVersion:   Dev-Physics (78F01B33-EBEA-4F98-B9B4-84EACCB95AA2): 14
LogDevObjectVersion:   Dev-Platform (6631380F-2D4D-43E0-8009-CF276956A95A): 0
LogDevObjectVersion:   Dev-Rendering (12F88B9F-8875-4AFC-A67C-D90C383ABD29): 45
LogDevObjectVersion:   Dev-Sequencer (7B5AE74C-D270-4C10-A958-57980B212A5A): 13
LogDevObjectVersion:   Dev-VR (D7296918-1DD6-4BDD-9DE2-64A83CC13884): 3
LogDevObjectVersion:   Dev-LoadTimes (C2A15278-BFE7-4AFE-6C17-90FF531DF755): 1
LogDevObjectVersion:   Private-Geometry (6EACA3D4-40EC-4CC1-B786-8BED09428FC5): 3
LogDevObjectVersion:   Dev-AnimPhys (29E575DD-E0A3-4627-9D10-D276232CDCEA): 17
LogDevObjectVersion:   Dev-Anim (AF43A65D-7FD3-4947-9873-3E8ED9C1BB05): 15
LogDevObjectVersion:   Dev-ReflectionCapture (6B266CEC-1EC7-4B8F-A30B-E4D90942FC07): 1
LogDevObjectVersion:   Dev-Automation (0DF73D61-A23F-47EA-B727-89E90C41499A): 1
LogDevObjectVersion:   FortniteMain (601D1886-AC64-4F84-AA16-D3DE0DEAC7D6): 47
LogDevObjectVersion:   FortniteRelease (E7086368-6B23-4C58-8439-1B7016265E91): 1
LogDevObjectVersion:   Dev-Enterprise (9DFFBCD6-494F-0158-E221-12823C92A888): 10
LogDevObjectVersion:   Dev-Niagara (F2AED0AC-9AFE-416F-8664-AA7FFA26D6FC): 1
LogDevObjectVersion:   Dev-Destruction (174F1F0B-B4C6-45A5-B13F-2EE8D0FB917D): 10
LogDevObjectVersion:   Dev-Physics-Ext (35F94A83-E258-406C-A318-09F59610247C): 41
LogDevObjectVersion:   Dev-PhysicsMaterial-Chaos (B68FC16E-8B1B-42E2-B453-215C058844FE): 1
LogDevObjectVersion:   Dev-CineCamera (B2E18506-4273-CFC2-A54E-F4BB758BBA07): 1
LogDevObjectVersion:   Dev-VirtualProduction (64F58936-FD1B-42BA-BA96-7289D5D0FA4E): 1
LogDevObjectVersion:   Dev-MediaFramework (6F0ED827-A609-4895-9C91-998D90180EA4): 2
LogInit: Presizing for max 25165824 objects, including 0 objects not considered by GC, pre-allocating 0 bytes for permanent pool.
LogConfig: Applying CVar settings from Section [/Script/Engine.StreamingSettings] File [C:/Rzeczy/gry/rok 2/MARIN/03_MarsMarine 4.27 — kopia/03_MarsMarine 4.27/Saved/Config/Windows/Engine.ini]
LogConfig: Setting CVar [[s.MinBulkDataSizeForAsyncLoading:131072]]
LogConfig: Setting CVar [[s.AsyncLoadingThreadEnabled:0]]
LogConfig: Setting CVar [[s.EventDrivenLoaderEnabled:1]]
LogConfig: Setting CVar [[s.WarnIfTimeLimitExceeded:0]]
LogConfig: Setting CVar [[s.TimeLimitExceededMultiplier:1.5]]
LogConfig: Setting CVar [[s.TimeLimitExceededMinTime:0.005]]
LogConfig: Setting CVar [[s.UseBackgroundLevelStreaming:1]]
LogConfig: Setting CVar [[s.PriorityAsyncLoadingExtraTime:15.0]]
LogConfig: Setting CVar [[s.LevelStreamingActorsUpdateTimeLimit:5.0]]
LogConfig: Setting CVar [[s.PriorityLevelStreamingActorsUpdateExtraTime:5.0]]
LogConfig: Setting CVar [[s.LevelStreamingComponentsRegistrationGranularity:10]]
LogConfig: Setting CVar [[s.UnregisterComponentsTimeLimit:1.0]]
LogConfig: Setting CVar [[s.LevelStreamingComponentsUnregistrationGranularity:5]]
LogConfig: Setting CVar [[s.FlushStreamingOnExit:1]]
LogInit: Object subsystem initialized
LogConfig: Setting CVar [[con.DebugEarlyDefault:1]]
LogConfig: Setting CVar [[r.setres:1280x720]]
[2025.12.16-20.27.50:159][  0]LogConfig: Setting CVar [[r.VSync:0]]
[2025.12.16-20.27.50:159][  0]LogConfig: Setting CVar [[r.RHICmdBypass:0]]
[2025.12.16-20.27.50:159][  0]LogConfig: Applying CVar settings from Section [/Script/Engine.RendererSettings] File [C:/Rzeczy/gry/rok 2/MARIN/03_MarsMarine 4.27 — kopia/03_MarsMarine 4.27/Saved/Config/Windows/Engine.ini]
[2025.12.16-20.27.50:159][  0]LogConfig: Setting CVar [[r.GPUCrashDebugging:0]]
[2025.12.16-20.27.50:159][  0]LogConfig: Applying CVar settings from Section [/Script/Engine.RendererOverrideSettings] File [C:/Rzeczy/gry/rok 2/MARIN/03_MarsMarine 4.27 — kopia/03_MarsMarine 4.27/Saved/Config/Windows/Engine.ini]
[2025.12.16-20.27.50:159][  0]LogConfig: Applying CVar settings from Section [/Script/Engine.StreamingSettings] File [C:/Rzeczy/gry/rok 2/MARIN/03_MarsMarine 4.27 — kopia/03_MarsMarine 4.27/Saved/Config/Windows/Engine.ini]
[2025.12.16-20.27.50:159][  0]LogConfig: Setting CVar [[s.MinBulkDataSizeForAsyncLoading:131072]]
[2025.12.16-20.27.50:159][  0]LogConfig: Setting CVar [[s.AsyncLoadingThreadEnabled:0]]
[2025.12.16-20.27.50:159][  0]LogConfig: Setting CVar [[s.EventDrivenLoaderEnabled:1]]
[2025.12.16-20.27.50:159][  0]LogConfig: Setting CVar [[s.WarnIfTimeLimitExceeded:0]]
[2025.12.16-20.27.50:159][  0]LogConfig: Setting CVar [[s.TimeLimitExceededMultiplier:1.5]]
[2025.12.16-20.27.50:159][  0]LogConfig: Setting CVar [[s.TimeLimitExceededMinTime:0.005]]
[2025.12.16-20.27.50:159][  0]LogConfig: Setting CVar [[s.UseBackgroundLevelStreaming:1]]
[2025.12.16-20.27.50:159][  0]LogConfig: Setting CVar [[s.PriorityAsyncLoadingExtraTime:15.0]]
[2025.12.16-20.27.50:159][  0]LogConfig: Setting CVar [[s.LevelStreamingActorsUpdateTimeLimit:5.0]]
[2025.12.16-20.27.50:159][  0]LogConfig: Setting CVar [[s.PriorityLevelStreamingActorsUpdateExtraTime:5.0]]
[2025.12.16-20.27.50:159][  0]LogConfig: Setting CVar [[s.LevelStreamingComponentsRegistrationGranularity:10]]
[2025.12.16-20.27.50:159][  0]LogConfig: Setting CVar [[s.UnregisterComponentsTimeLimit:1.0]]
[2025.12.16-20.27.50:159][  0]LogConfig: Setting CVar [[s.LevelStreamingComponentsUnregistrationGranularity:5]]
[2025.12.16-20.27.50:159][  0]LogConfig: Setting CVar [[s.FlushStreamingOnExit:1]]
[2025.12.16-20.27.50:159][  0]LogConfig: Applying CVar settings from Section [/Script/Engine.GarbageCollectionSettings] File [C:/Rzeczy/gry/rok 2/MARIN/03_MarsMarine 4.27 — kopia/03_MarsMarine 4.27/Saved/Config/Windows/Engine.ini]
[2025.12.16-20.27.50:159][  0]LogConfig: Setting CVar [[gc.MaxObjectsNotConsideredByGC:1]]
[2025.12.16-20.27.50:159][  0]LogConfig: Setting CVar [[gc.SizeOfPermanentObjectPool:0]]
[2025.12.16-20.27.50:160][  0]LogConfig: Setting CVar [[gc.FlushStreamingOnGC:0]]
[2025.12.16-20.27.50:160][  0]LogConfig: Setting CVar [[gc.NumRetriesBeforeForcingGC:10]]
[2025.12.16-20.27.50:160][  0]LogConfig: Setting CVar [[gc.AllowParallelGC:1]]
[2025.12.16-20.27.50:160][  0]LogConfig: Setting CVar [[gc.TimeBetweenPurgingPendingKillObjects:61.1]]
[2025.12.16-20.27.50:160][  0]LogConfig: Setting CVar [[gc.MaxObjectsInEditor:25165824]]
[2025.12.16-20.27.50:160][  0]LogConfig: Setting CVar [[gc.IncrementalBeginDestroyEnabled:1]]
[2025.12.16-20.27.50:160][  0]LogConfig: Setting CVar [[gc.CreateGCClusters:1]]
[2025.12.16-20.27.50:160][  0]LogConfig: Setting CVar [[gc.MinGCClusterSize:5]]
[2025.12.16-20.27.50:160][  0]LogConfig: Setting CVar [[gc.ActorClusteringEnabled:0]]
[2025.12.16-20.27.50:160][  0]LogConfig: Setting CVar [[gc.BlueprintClusteringEnabled:0]]
[2025.12.16-20.27.50:160][  0]LogConfig: Setting CVar [[gc.UseDisregardForGCOnDedicatedServers:0]]
[2025.12.16-20.27.50:160][  0]LogConfig: Setting CVar [[gc.MultithreadedDestructionEnabled:1]]
[2025.12.16-20.27.50:160][  0]LogConfig: Applying CVar settings from Section [/Script/Engine.NetworkSettings] File [C:/Rzeczy/gry/rok 2/MARIN/03_MarsMarine 4.27 — kopia/03_MarsMarine 4.27/Saved/Config/Windows/Engine.ini]
[2025.12.16-20.27.50:160][  0]LogConfig: Applying CVar settings from Section [/Script/UnrealEd.CookerSettings] File [C:/Rzeczy/gry/rok 2/MARIN/03_MarsMarine 4.27 — kopia/03_MarsMarine 4.27/Saved/Config/Windows/Engine.ini]
[2025.12.16-20.27.50:169][  0]LogConfig: Applying CVar settings from Section [ViewDistanceQuality@3] File [C:/Rzeczy/gry/rok 2/MARIN/03_MarsMarine 4.27 — kopia/03_MarsMarine 4.27/Saved/Config/Windows/Scalability.ini]
[2025.12.16-20.27.50:169][  0]LogConfig: Setting CVar [[r.SkeletalMeshLODBias:0]]
[2025.12.16-20.27.50:169][  0]LogConfig: Setting CVar [[r.ViewDistanceScale:1.0]]
[2025.12.16-20.27.50:170][  0]LogConfig: Applying CVar settings from Section [AntiAliasingQuality@3] File [C:/Rzeczy/gry/rok 2/MARIN/03_MarsMarine 4.27 — kopia/03_MarsMarine 4.27/Saved/Config/Windows/Scalability.ini]
[2025.12.16-20.27.50:170][  0]LogConfig: Setting CVar [[r.PostProcessAAQuality:4]]
[2025.12.16-20.27.50:170][  0]LogConfig: Applying CVar settings from Section [ShadowQuality@3] File [C:/Rzeczy/gry/rok 2/MARIN/03_MarsMarine 4.27 — kopia/03_MarsMarine 4.27/Saved/Config/Windows/Scalability.ini]
[2025.12.16-20.27.50:170][  0]LogConfig: Setting CVar [[r.LightFunctionQuality:1]]
[2025.12.16-20.27.50:170][  0]LogConfig: Setting CVar [[r.ShadowQuality:5]]
[2025.12.16-20.27.50:170][  0]LogConfig: Setting CVar [[r.Shadow.CSM.MaxCascades:10]]
[2025.12.16-20.27.50:170][  0]LogConfig: Setting CVar [[r.Shadow.MaxResolution:2048]]
[2025.12.16-20.27.50:170][  0]LogConfig: Setting CVar [[r.Shadow.MaxCSMResolution:2048]]
[2025.12.16-20.27.50:170][  0]LogConfig: Setting CVar [[r.Shadow.RadiusThreshold:0.01]]
[2025.12.16-20.27.50:170][  0]LogConfig: Setting CVar [[r.Shadow.DistanceScale:1.0]]
[2025.12.16-20.27.50:170][  0]LogConfig: Setting CVar [[r.Shadow.CSM.TransitionScale:1.0]]
[2025.12.16-20.27.50:170][  0]LogConfig: Setting CVar [[r.Shadow.PreShadowResolutionFactor:1.0]]
[2025.12.16-20.27.50:170][  0]LogConfig: Setting CVar [[r.DistanceFieldShadowing:1]]
[2025.12.16-20.27.50:170][  0]LogConfig: Setting CVar [[r.DistanceFieldAO:1]]
[2025.12.16-20.27.50:170][  0]LogConfig: Setting CVar [[r.AOQuality:2]]
[2025.12.16-20.27.50:170][  0]LogConfig: Setting CVar [[r.VolumetricFog:1]]
[2025.12.16-20.27.50:170][  0]LogConfig: Setting CVar [[r.VolumetricFog.GridPixelSize:8]]
[2025.12.16-20.27.50:170][  0]LogConfig: Setting CVar [[r.VolumetricFog.GridSizeZ:128]]
[2025.12.16-20.27.50:170][  0]LogConfig: Setting CVar [[r.VolumetricFog.HistoryMissSupersampleCount:4]]
[2025.12.16-20.27.50:170][  0]LogConfig: Setting CVar [[r.LightMaxDrawDistanceScale:1]]
[2025.12.16-20.27.50:170][  0]LogConfig: Setting CVar [[r.CapsuleShadows:1]]
[2025.12.16-20.27.50:170][  0]LogConfig: Applying CVar settings from Section [PostProcessQuality@3] File [C:/Rzeczy/gry/rok 2/MARIN/03_MarsMarine 4.27 — kopia/03_MarsMarine 4.27/Saved/Config/Windows/Scalability.ini]
[2025.12.16-20.27.50:170][  0]LogConfig: Setting CVar [[r.MotionBlurQuality:4]]
[2025.12.16-20.27.50:170][  0]LogConfig: Setting CVar [[r.AmbientOcclusionMipLevelFactor:0.4]]
[2025.12.16-20.27.50:170][  0]LogConfig: Setting CVar [[r.AmbientOcclusionMaxQuality:100]]
[2025.12.16-20.27.50:170][  0]LogConfig: Setting CVar [[r.AmbientOcclusionLevels:-1]]
[2025.12.16-20.27.50:170][  0]LogConfig: Setting CVar [[r.AmbientOcclusionRadiusScale:1.0]]
[2025.12.16-20.27.50:170][  0]LogConfig: Setting CVar [[r.DepthOfFieldQuality:2]]
[2025.12.16-20.27.50:170][  0]LogConfig: Setting CVar [[r.RenderTargetPoolMin:400]]
[2025.12.16-20.27.50:170][  0]LogConfig: Setting CVar [[r.LensFlareQuality:2]]
[2025.12.16-20.27.50:170][  0]LogConfig: Setting CVar [[r.SceneColorFringeQuality:1]]
[2025.12.16-20.27.50:170][  0]LogConfig: Setting CVar [[r.EyeAdaptationQuality:2]]
[2025.12.16-20.27.50:170][  0]LogConfig: Setting CVar [[r.BloomQuality:5]]
[2025.12.16-20.27.50:170][  0]LogConfig: Setting CVar [[r.FastBlurThreshold:100]]
[2025.12.16-20.27.50:170][  0]LogConfig: Setting CVar [[r.Upscale.Quality:3]]
[2025.12.16-20.27.50:170][  0]LogConfig: Setting CVar [[r.Tonemapper.GrainQuantization:1]]
[2025.12.16-20.27.50:170][  0]LogConfig: Setting CVar [[r.LightShaftQuality:1]]
[2025.12.16-20.27.50:170][  0]LogConfig: Setting CVar [[r.Filter.SizeScale:1]]
[2025.12.16-20.27.50:170][  0]LogConfig: Setting CVar [[r.Tonemapper.Quality:5]]
[2025.12.16-20.27.50:170][  0]LogConfig: Setting CVar [[r.DOF.Gather.AccumulatorQuality:1        ; higher gathering accumulator quality]]
[2025.12.16-20.27.50:170][  0]LogConfig: Setting CVar [[r.DOF.Gather.PostfilterMethod:1          ; Median3x3 postfilering method]]
[2025.12.16-20.27.50:170][  0]LogConfig: Setting CVar [[r.DOF.Gather.EnableBokehSettings:0       ; no bokeh simulation when gathering]]
[2025.12.16-20.27.50:170][  0]LogConfig: Setting CVar [[r.DOF.Gather.RingCount:4                 ; medium number of samples when gathering]]
[2025.12.16-20.27.50:170][  0]LogConfig: Setting CVar [[r.DOF.Scatter.ForegroundCompositing:1    ; additive foreground scattering]]
[2025.12.16-20.27.50:170][  0]LogConfig: Setting CVar [[r.DOF.Scatter.BackgroundCompositing:2    ; additive background scattering]]
[2025.12.16-20.27.50:170][  0]LogConfig: Setting CVar [[r.DOF.Scatter.EnableBokehSettings:1      ; bokeh simulation when scattering]]
[2025.12.16-20.27.50:170][  0]LogConfig: Setting CVar [[r.DOF.Scatter.MaxSpriteRatio:0.1         ; only a maximum of 10% of scattered bokeh]]
[2025.12.16-20.27.50:170][  0]LogConfig: Setting CVar [[r.DOF.Recombine.Quality:1                ; cheap slight out of focus]]
[2025.12.16-20.27.50:170][  0]LogConfig: Setting CVar [[r.DOF.Recombine.EnableBokehSettings:0    ; no bokeh simulation on slight out of focus]]
[2025.12.16-20.27.50:170][  0]LogConfig: Setting CVar [[r.DOF.TemporalAAQuality:1                ; more stable temporal accumulation]]
[2025.12.16-20.27.50:170][  0]LogConfig: Setting CVar [[r.DOF.Kernel.MaxForegroundRadius:0.025]]
[2025.12.16-20.27.50:170][  0]LogConfig: Setting CVar [[r.DOF.Kernel.MaxBackgroundRadius:0.025]]
[2025.12.16-20.27.50:170][  0]LogConfig: Applying CVar settings from Section [TextureQuality@3] File [C:/Rzeczy/gry/rok 2/MARIN/03_MarsMarine 4.27 — kopia/03_MarsMarine 4.27/Saved/Config/Windows/Scalability.ini]
[2025.12.16-20.27.50:170][  0]LogConfig: Setting CVar [[r.Streaming.MipBias:0]]
[2025.12.16-20.27.50:170][  0]LogConfig: Setting CVar [[r.Streaming.AmortizeCPUToGPUCopy:0]]
[2025.12.16-20.27.50:170][  0]LogConfig: Setting CVar [[r.Streaming.MaxNumTexturesToStreamPerFrame:0]]
[2025.12.16-20.27.50:170][  0]LogConfig: Setting CVar [[r.Streaming.Boost:1]]
[2025.12.16-20.27.50:170][  0]LogConfig: Setting CVar [[r.MaxAnisotropy:8]]
[2025.12.16-20.27.50:170][  0]LogConfig: Setting CVar [[r.VT.MaxAnisotropy:8]]
[2025.12.16-20.27.50:170][  0]LogConfig: Setting CVar [[r.Streaming.LimitPoolSizeToVRAM:0]]
[2025.12.16-20.27.50:171][  0]LogConfig: Setting CVar [[r.Streaming.PoolSize:1000]]
[2025.12.16-20.27.50:171][  0]LogConfig: Setting CVar [[r.Streaming.MaxEffectiveScreenSize:0]]
[2025.12.16-20.27.50:171][  0]LogConfig: Applying CVar settings from Section [EffectsQuality@3] File [C:/Rzeczy/gry/rok 2/MARIN/03_MarsMarine 4.27 — kopia/03_MarsMarine 4.27/Saved/Config/Windows/Scalability.ini]
[2025.12.16-20.27.50:171][  0]LogConfig: Setting CVar [[r.TranslucencyLightingVolumeDim:64]]
[2025.12.16-20.27.50:171][  0]LogConfig: Setting CVar [[r.RefractionQuality:2]]
[2025.12.16-20.27.50:171][  0]LogConfig: Setting CVar [[r.SSR.Quality:3]]
[2025.12.16-20.27.50:171][  0]LogConfig: Setting CVar [[r.SSR.HalfResSceneColor:0]]
[2025.12.16-20.27.50:171][  0]LogConfig: Setting CVar [[r.SceneColorFormat:4]]
[2025.12.16-20.27.50:171][  0]LogConfig: Setting CVar [[r.DetailMode:2]]
[2025.12.16-20.27.50:171][  0]LogConfig: Setting CVar [[r.TranslucencyVolumeBlur:1]]
[2025.12.16-20.27.50:171][  0]LogConfig: Setting CVar [[r.MaterialQualityLevel:1 ; High quality]]
[2025.12.16-20.27.50:171][  0]LogConfig: Setting CVar [[r.AnisotropicMaterials:1]]
[2025.12.16-20.27.50:171][  0]LogConfig: Setting CVar [[r.SSS.Scale:1]]
[2025.12.16-20.27.50:171][  0]LogConfig: Setting CVar [[r.SSS.SampleSet:2]]
[2025.12.16-20.27.50:171][  0]LogConfig: Setting CVar [[r.SSS.Quality:1]]
[2025.12.16-20.27.50:171][  0]LogConfig: Setting CVar [[r.SSS.HalfRes:0]]
[2025.12.16-20.27.50:171][  0]LogConfig: Setting CVar [[r.SSGI.Quality:3]]
[2025.12.16-20.27.50:171][  0]LogConfig: Setting CVar [[r.EmitterSpawnRateScale:1.0]]
[2025.12.16-20.27.50:171][  0]LogConfig: Setting CVar [[r.ParticleLightQuality:2]]
[2025.12.16-20.27.50:171][  0]LogConfig: Setting CVar [[r.SkyAtmosphere.AerialPerspectiveLUT.FastApplyOnOpaque:1 ; Always have FastSkyLUT 1 in this case to avoid wrong sky]]
[2025.12.16-20.27.50:171][  0]LogConfig: Setting CVar [[r.SkyAtmosphere.AerialPerspectiveLUT.SampleCountMaxPerSlice:4]]
[2025.12.16-20.27.50:171][  0]LogConfig: Setting CVar [[r.SkyAtmosphere.AerialPerspectiveLUT.DepthResolution:16.0]]
[2025.12.16-20.27.50:171][  0]LogConfig: Setting CVar [[r.SkyAtmosphere.FastSkyLUT:1]]
[2025.12.16-20.27.50:171][  0]LogConfig: Setting CVar [[r.SkyAtmosphere.FastSkyLUT.SampleCountMin:4.0]]
[2025.12.16-20.27.50:171][  0]LogConfig: Setting CVar [[r.SkyAtmosphere.FastSkyLUT.SampleCountMax:128.0]]
[2025.12.16-20.27.50:171][  0]LogConfig: Setting CVar [[r.SkyAtmosphere.SampleCountMin:4.0]]
[2025.12.16-20.27.50:171][  0]LogConfig: Setting CVar [[r.SkyAtmosphere.SampleCountMax:128.0]]
[2025.12.16-20.27.50:171][  0]LogConfig: Setting CVar [[r.SkyAtmosphere.TransmittanceLUT.UseSmallFormat:0]]
[2025.12.16-20.27.50:171][  0]LogConfig: Setting CVar [[r.SkyAtmosphere.TransmittanceLUT.SampleCount:10.0]]
[2025.12.16-20.27.50:171][  0]LogConfig: Setting CVar [[r.SkyAtmosphere.MultiScatteringLUT.SampleCount:15.0]]
[2025.12.16-20.27.50:171][  0]LogConfig: Setting CVar [[r.SkyLight.RealTimeReflectionCapture:1]]
[2025.12.16-20.27.50:171][  0]LogConfig: Applying CVar settings from Section [FoliageQuality@3] File [C:/Rzeczy/gry/rok 2/MARIN/03_MarsMarine 4.27 — kopia/03_MarsMarine 4.27/Saved/Config/Windows/Scalability.ini]
[2025.12.16-20.27.50:171][  0]LogConfig: Setting CVar [[foliage.DensityScale:1.0]]
[2025.12.16-20.27.50:171][  0]LogConfig: Setting CVar [[grass.DensityScale:1.0]]
[2025.12.16-20.27.50:171][  0]LogConfig: Applying CVar settings from Section [ShadingQuality@3] File [C:/Rzeczy/gry/rok 2/MARIN/03_MarsMarine 4.27 — kopia/03_MarsMarine 4.27/Saved/Config/Windows/Scalability.ini]
[2025.12.16-20.27.50:171][  0]LogConfig: Setting CVar [[r.HairStrands.SkyLighting.IntegrationType:2]]
[2025.12.16-20.27.50:171][  0]LogConfig: Setting CVar [[r.HairStrands.SkyAO.SampleCount:4]]
[2025.12.16-20.27.50:171][  0]LogConfig: Setting CVar [[r.HairStrands.Visibility.MSAA.SamplePerPixel:4]]
[2025.12.16-20.27.50:171][  0]LogInit: Selected Device Profile: [Windows]
[2025.12.16-20.27.50:171][  0]LogInit: Applying CVar settings loaded from the selected device profile: [Windows]
[2025.12.16-20.27.50:171][  0]LogHAL: Display: Platform has ~ 16 GB [16849256448 / 17179869184 / 16], which maps to Larger [LargestMinGB=32, LargerMinGB=12, DefaultMinGB=8, SmallerMinGB=6, SmallestMinGB=0)
[2025.12.16-20.27.50:171][  0]LogInit: Going up to parent DeviceProfile []
[2025.12.16-20.27.50:171][  0]LogConfig: Applying CVar settings from Section [ViewDistanceQuality@3] File [C:/Rzeczy/gry/rok 2/MARIN/03_MarsMarine 4.27 — kopia/03_MarsMarine 4.27/Saved/Config/Windows/Scalability.ini]
[2025.12.16-20.27.50:171][  0]LogConfig: Setting CVar [[r.SkeletalMeshLODBias:0]]
[2025.12.16-20.27.50:171][  0]LogConfig: Setting CVar [[r.ViewDistanceScale:1.0]]
[2025.12.16-20.27.50:171][  0]LogConfig: Applying CVar settings from Section [AntiAliasingQuality@3] File [C:/Rzeczy/gry/rok 2/MARIN/03_MarsMarine 4.27 — kopia/03_MarsMarine 4.27/Saved/Config/Windows/Scalability.ini]
[2025.12.16-20.27.50:171][  0]LogConfig: Setting CVar [[r.PostProcessAAQuality:4]]
[2025.12.16-20.27.50:171][  0]LogConfig: Applying CVar settings from Section [ShadowQuality@3] File [C:/Rzeczy/gry/rok 2/MARIN/03_MarsMarine 4.27 — kopia/03_MarsMarine 4.27/Saved/Config/Windows/Scalability.ini]
[2025.12.16-20.27.50:171][  0]LogConfig: Setting CVar [[r.LightFunctionQuality:1]]
[2025.12.16-20.27.50:171][  0]LogConfig: Setting CVar [[r.ShadowQuality:5]]
[2025.12.16-20.27.50:172][  0]LogConfig: Setting CVar [[r.Shadow.CSM.MaxCascades:10]]
[2025.12.16-20.27.50:172][  0]LogConfig: Setting CVar [[r.Shadow.MaxResolution:2048]]
[2025.12.16-20.27.50:172][  0]LogConfig: Setting CVar [[r.Shadow.MaxCSMResolution:2048]]
[2025.12.16-20.27.50:172][  0]LogConfig: Setting CVar [[r.Shadow.RadiusThreshold:0.01]]
[2025.12.16-20.27.50:172][  0]LogConfig: Setting CVar [[r.Shadow.DistanceScale:1.0]]
[2025.12.16-20.27.50:172][  0]LogConfig: Setting CVar [[r.Shadow.CSM.TransitionScale:1.0]]
[2025.12.16-20.27.50:172][  0]LogConfig: Setting CVar [[r.Shadow.PreShadowResolutionFactor:1.0]]
[2025.12.16-20.27.50:172][  0]LogConfig: Setting CVar [[r.DistanceFieldShadowing:1]]
[2025.12.16-20.27.50:172][  0]LogConfig: Setting CVar [[r.DistanceFieldAO:1]]
[2025.12.16-20.27.50:172][  0]LogConfig: Setting CVar [[r.AOQuality:2]]
[2025.12.16-20.27.50:172][  0]LogConfig: Setting CVar [[r.VolumetricFog:1]]
[2025.12.16-20.27.50:172][  0]LogConfig: Setting CVar [[r.VolumetricFog.GridPixelSize:8]]
[2025.12.16-20.27.50:172][  0]LogConfig: Setting CVar [[r.VolumetricFog.GridSizeZ:128]]
[2025.12.16-20.27.50:172][  0]LogConfig: Setting CVar [[r.VolumetricFog.HistoryMissSupersampleCount:4]]
[2025.12.16-20.27.50:172][  0]LogConfig: Setting CVar [[r.LightMaxDrawDistanceScale:1]]
[2025.12.16-20.27.50:172][  0]LogConfig: Setting CVar [[r.CapsuleShadows:1]]
[2025.12.16-20.27.50:172][  0]LogConfig: Applying CVar settings from Section [PostProcessQuality@3] File [C:/Rzeczy/gry/rok 2/MARIN/03_MarsMarine 4.27 — kopia/03_MarsMarine 4.27/Saved/Config/Windows/Scalability.ini]
[2025.12.16-20.27.50:172][  0]LogConfig: Setting CVar [[r.MotionBlurQuality:4]]
[2025.12.16-20.27.50:172][  0]LogConfig: Setting CVar [[r.AmbientOcclusionMipLevelFactor:0.4]]
[2025.12.16-20.27.50:172][  0]LogConfig: Setting CVar [[r.AmbientOcclusionMaxQuality:100]]
[2025.12.16-20.27.50:172][  0]LogConfig: Setting CVar [[r.AmbientOcclusionLevels:-1]]
[2025.12.16-20.27.50:172][  0]LogConfig: Setting CVar [[r.AmbientOcclusionRadiusScale:1.0]]
[2025.12.16-20.27.50:172][  0]LogConfig: Setting CVar [[r.DepthOfFieldQuality:2]]
[2025.12.16-20.27.50:172][  0]LogConfig: Setting CVar [[r.RenderTargetPoolMin:400]]
[2025.12.16-20.27.50:172][  0]LogConfig: Setting CVar [[r.LensFlareQuality:2]]
[2025.12.16-20.27.50:172][  0]LogConfig: Setting CVar [[r.SceneColorFringeQuality:1]]
[2025.12.16-20.27.50:172][  0]LogConfig: Setting CVar [[r.EyeAdaptationQuality:2]]
[2025.12.16-20.27.50:172][  0]LogConfig: Setting CVar [[r.BloomQuality:5]]
[2025.12.16-20.27.50:172][  0]LogConfig: Setting CVar [[r.FastBlurThreshold:100]]
[2025.12.16-20.27.50:172][  0]LogConfig: Setting CVar [[r.Upscale.Quality:3]]
[2025.12.16-20.27.50:172][  0]LogConfig: Setting CVar [[r.Tonemapper.GrainQuantization:1]]
[2025.12.16-20.27.50:172][  0]LogConfig: Setting CVar [[r.LightShaftQuality:1]]
[2025.12.16-20.27.50:172][  0]LogConfig: Setting CVar [[r.Filter.SizeScale:1]]
[2025.12.16-20.27.50:172][  0]LogConfig: Setting CVar [[r.Tonemapper.Quality:5]]
[2025.12.16-20.27.50:172][  0]LogConfig: Setting CVar [[r.DOF.Gather.AccumulatorQuality:1        ; higher gathering accumulator quality]]
[2025.12.16-20.27.50:172][  0]LogConfig: Setting CVar [[r.DOF.Gather.PostfilterMethod:1          ; Median3x3 postfilering method]]
[2025.12.16-20.27.50:172][  0]LogConfig: Setting CVar [[r.DOF.Gather.EnableBokehSettings:0       ; no bokeh simulation when gathering]]
[2025.12.16-20.27.50:172][  0]LogConfig: Setting CVar [[r.DOF.Gather.RingCount:4                 ; medium number of samples when gathering]]
[2025.12.16-20.27.50:172][  0]LogConfig: Setting CVar [[r.DOF.Scatter.ForegroundCompositing:1    ; additive foreground scattering]]
[2025.12.16-20.27.50:172][  0]LogConfig: Setting CVar [[r.DOF.Scatter.BackgroundCompositing:2    ; additive background scattering]]
[2025.12.16-20.27.50:173][  0]LogConfig: Setting CVar [[r.DOF.Scatter.EnableBokehSettings:1      ; bokeh simulation when scattering]]
[2025.12.16-20.27.50:173][  0]LogConfig: Setting CVar [[r.DOF.Scatter.MaxSpriteRatio:0.1         ; only a maximum of 10% of scattered bokeh]]
[2025.12.16-20.27.50:173][  0]LogConfig: Setting CVar [[r.DOF.Recombine.Quality:1                ; cheap slight out of focus]]
[2025.12.16-20.27.50:173][  0]LogConfig: Setting CVar [[r.DOF.Recombine.EnableBokehSettings:0    ; no bokeh simulation on slight out of focus]]
[2025.12.16-20.27.50:173][  0]LogConfig: Setting CVar [[r.DOF.TemporalAAQuality:1                ; more stable temporal accumulation]]
[2025.12.16-20.27.50:173][  0]LogConfig: Setting CVar [[r.DOF.Kernel.MaxForegroundRadius:0.025]]
[2025.12.16-20.27.50:173][  0]LogConfig: Setting CVar [[r.DOF.Kernel.MaxBackgroundRadius:0.025]]
[2025.12.16-20.27.50:173][  0]LogConfig: Applying CVar settings from Section [TextureQuality@3] File [C:/Rzeczy/gry/rok 2/MARIN/03_MarsMarine 4.27 — kopia/03_MarsMarine 4.27/Saved/Config/Windows/Scalability.ini]
[2025.12.16-20.27.50:173][  0]LogConfig: Setting CVar [[r.Streaming.MipBias:0]]
[2025.12.16-20.27.50:173][  0]LogConfig: Setting CVar [[r.Streaming.AmortizeCPUToGPUCopy:0]]
[2025.12.16-20.27.50:173][  0]LogConfig: Setting CVar [[r.Streaming.MaxNumTexturesToStreamPerFrame:0]]
[2025.12.16-20.27.50:173][  0]LogConfig: Setting CVar [[r.Streaming.Boost:1]]
[2025.12.16-20.27.50:173][  0]LogConfig: Setting CVar [[r.MaxAnisotropy:8]]
[2025.12.16-20.27.50:173][  0]LogConfig: Setting CVar [[r.VT.MaxAnisotropy:8]]
[2025.12.16-20.27.50:173][  0]LogConfig: Setting CVar [[r.Streaming.LimitPoolSizeToVRAM:0]]
[2025.12.16-20.27.50:173][  0]LogConfig: Setting CVar [[r.Streaming.PoolSize:1000]]
[2025.12.16-20.27.50:173][  0]LogConfig: Setting CVar [[r.Streaming.MaxEffectiveScreenSize:0]]
[2025.12.16-20.27.50:173][  0]LogConfig: Applying CVar settings from Section [EffectsQuality@3] File [C:/Rzeczy/gry/rok 2/MARIN/03_MarsMarine 4.27 — kopia/03_MarsMarine 4.27/Saved/Config/Windows/Scalability.ini]
[2025.12.16-20.27.50:173][  0]LogConfig: Setting CVar [[r.TranslucencyLightingVolumeDim:64]]
[2025.12.16-20.27.50:173][  0]LogConfig: Setting CVar [[r.RefractionQuality:2]]
[2025.12.16-20.27.50:173][  0]LogConfig: Setting CVar [[r.SSR.Quality:3]]
[2025.12.16-20.27.50:173][  0]LogConfig: Setting CVar [[r.SSR.HalfResSceneColor:0]]
[2025.12.16-20.27.50:173][  0]LogConfig: Setting CVar [[r.SceneColorFormat:4]]
[2025.12.16-20.27.50:173][  0]LogConfig: Setting CVar [[r.DetailMode:2]]
[2025.12.16-20.27.50:173][  0]LogConfig: Setting CVar [[r.TranslucencyVolumeBlur:1]]
[2025.12.16-20.27.50:173][  0]LogConfig: Setting CVar [[r.MaterialQualityLevel:1 ; High quality]]
[2025.12.16-20.27.50:173][  0]LogConfig: Setting CVar [[r.AnisotropicMaterials:1]]
[2025.12.16-20.27.50:173][  0]LogConfig: Setting CVar [[r.SSS.Scale:1]]
[2025.12.16-20.27.50:173][  0]LogConfig: Setting CVar [[r.SSS.SampleSet:2]]
[2025.12.16-20.27.50:173][  0]LogConfig: Setting CVar [[r.SSS.Quality:1]]
[2025.12.16-20.27.50:173][  0]LogConfig: Setting CVar [[r.SSS.HalfRes:0]]
[2025.12.16-20.27.50:173][  0]LogConfig: Setting CVar [[r.SSGI.Quality:3]]
[2025.12.16-20.27.50:173][  0]LogConfig: Setting CVar [[r.EmitterSpawnRateScale:1.0]]
[2025.12.16-20.27.50:173][  0]LogConfig: Setting CVar [[r.ParticleLightQuality:2]]
[2025.12.16-20.27.50:173][  0]LogConfig: Setting CVar [[r.SkyAtmosphere.AerialPerspectiveLUT.FastApplyOnOpaque:1 ; Always have FastSkyLUT 1 in this case to avoid wrong sky]]
[2025.12.16-20.27.50:173][  0]LogConfig: Setting CVar [[r.SkyAtmosphere.AerialPerspectiveLUT.SampleCountMaxPerSlice:4]]
[2025.12.16-20.27.50:173][  0]LogConfig: Setting CVar [[r.SkyAtmosphere.AerialPerspectiveLUT.DepthResolution:16.0]]
[2025.12.16-20.27.50:173][  0]LogConfig: Setting CVar [[r.SkyAtmosphere.FastSkyLUT:1]]
[2025.12.16-20.27.50:173][  0]LogConfig: Setting CVar [[r.SkyAtmosphere.FastSkyLUT.SampleCountMin:4.0]]
[2025.12.16-20.27.50:173][  0]LogConfig: Setting CVar [[r.SkyAtmosphere.FastSkyLUT.SampleCountMax:128.0]]
[2025.12.16-20.27.50:173][  0]LogConfig: Setting CVar [[r.SkyAtmosphere.SampleCountMin:4.0]]
[2025.12.16-20.27.50:173][  0]LogConfig: Setting CVar [[r.SkyAtmosphere.SampleCountMax:128.0]]
[2025.12.16-20.27.50:173][  0]LogConfig: Setting CVar [[r.SkyAtmosphere.TransmittanceLUT.UseSmallFormat:0]]
[2025.12.16-20.27.50:173][  0]LogConfig: Setting CVar [[r.SkyAtmosphere.TransmittanceLUT.SampleCount:10.0]]
[2025.12.16-20.27.50:173][  0]LogConfig: Setting CVar [[r.SkyAtmosphere.MultiScatteringLUT.SampleCount:15.0]]
[2025.12.16-20.27.50:173][  0]LogConfig: Setting CVar [[r.SkyLight.RealTimeReflectionCapture:1]]
[2025.12.16-20.27.50:173][  0]LogConfig: Applying CVar settings from Section [FoliageQuality@3] File [C:/Rzeczy/gry/rok 2/MARIN/03_MarsMarine 4.27 — kopia/03_MarsMarine 4.27/Saved/Config/Windows/Scalability.ini]
[2025.12.16-20.27.50:173][  0]LogConfig: Setting CVar [[foliage.DensityScale:1.0]]
[2025.12.16-20.27.50:173][  0]LogConfig: Setting CVar [[grass.DensityScale:1.0]]
[2025.12.16-20.27.50:173][  0]LogConfig: Applying CVar settings from Section [ShadingQuality@3] File [C:/Rzeczy/gry/rok 2/MARIN/03_MarsMarine 4.27 — kopia/03_MarsMarine 4.27/Saved/Config/Windows/Scalability.ini]
[2025.12.16-20.27.50:173][  0]LogConfig: Setting CVar [[r.HairStrands.SkyLighting.IntegrationType:2]]
[2025.12.16-20.27.50:173][  0]LogConfig: Setting CVar [[r.HairStrands.SkyAO.SampleCount:4]]
[2025.12.16-20.27.50:173][  0]LogConfig: Setting CVar [[r.HairStrands.Visibility.MSAA.SamplePerPixel:4]]
[2025.12.16-20.27.50:173][  0]LogConfig: Applying CVar settings from Section [Startup] File [../../../Engine/Config/ConsoleVariables.ini]
[2025.12.16-20.27.50:174][  0]LogConfig: Setting CVar [[net.UseAdaptiveNetUpdateFrequency:0]]
[2025.12.16-20.27.50:174][  0]LogConfig: Setting CVar [[p.chaos.AllowCreatePhysxBodies:1]]
[2025.12.16-20.27.50:174][  0]LogConfig: Setting CVar [[fx.SkipVectorVMBackendOptimizations:1]]
[2025.12.16-20.27.50:174][  0]LogConfig: Applying CVar settings from Section [ConsoleVariables] File [C:/Rzeczy/gry/rok 2/MARIN/03_MarsMarine 4.27 — kopia/03_MarsMarine 4.27/Saved/Config/Windows/Engine.ini]
[2025.12.16-20.27.50:174][  0]LogConfig: Applying CVar settings from Section [ConsoleVariables] File [C:/Rzeczy/gry/rok 2/MARIN/03_MarsMarine 4.27 — kopia/03_MarsMarine 4.27/Saved/Config/Windows/Editor.ini]
[2025.12.16-20.27.50:174][  0]LogInit: Computer: DESKTOP-QAAO9HT
[2025.12.16-20.27.50:174][  0]LogInit: User: DELL
[2025.12.16-20.27.50:174][  0]LogInit: CPU Page size=4096, Cores=10
[2025.12.16-20.27.50:174][  0]LogInit: High frequency timer resolution =10.000000 MHz
[2025.12.16-20.27.50:174][  0]LogMemory: Memory total: Physical=15.7GB (16GB approx)
[2025.12.16-20.27.50:174][  0]LogMemory: Platform Memory Stats for Windows
[2025.12.16-20.27.50:174][  0]LogMemory: Process Physical Memory: 145.23 MB used, 145.23 MB peak
[2025.12.16-20.27.50:174][  0]LogMemory: Process Virtual Memory: 146.16 MB used, 146.16 MB peak
[2025.12.16-20.27.50:174][  0]LogMemory: Physical Memory: 10611.45 MB used,  5457.25 MB free, 16068.70 MB total
[2025.12.16-20.27.50:174][  0]LogMemory: Virtual Memory: 134211864.00 MB used,  5862.98 MB free, 134217728.00 MB total
[2025.12.16-20.27.50:184][  0]LogWindows: WindowsPlatformFeatures enabled
[2025.12.16-20.27.50:220][  0]LogInit: Physics initialised using underlying interface: PhysX
[2025.12.16-20.27.50:222][  0]LogInit: Using OS detected language (pl-PL).
[2025.12.16-20.27.50:222][  0]LogInit: Using OS detected locale (pl-PL).
[2025.12.16-20.27.50:228][  0]LogTextLocalizationManager: No specific localization for 'pl-PL' exists, so the 'pl' localization will be used.
[2025.12.16-20.27.50:229][  0]LogTextLocalizationResource: LocRes '../../../Engine/Content/Localization/Editor/pl/Editor.locres' could not be opened for reading!
[2025.12.16-20.27.50:229][  0]LogTextLocalizationResource: LocRes '../../../Engine/Content/Localization/EditorTutorials/pl/EditorTutorials.locres' could not be opened for reading!
[2025.12.16-20.27.50:229][  0]LogTextLocalizationResource: LocRes '../../../Engine/Content/Localization/Keywords/pl/Keywords.locres' could not be opened for reading!
[2025.12.16-20.27.50:229][  0]LogTextLocalizationResource: LocRes '../../../Engine/Content/Localization/Category/pl/Category.locres' could not be opened for reading!
[2025.12.16-20.27.50:229][  0]LogTextLocalizationResource: LocRes '../../../Engine/Content/Localization/ToolTips/pl/ToolTips.locres' could not be opened for reading!
[2025.12.16-20.27.50:229][  0]LogTextLocalizationResource: LocRes '../../../Engine/Content/Localization/PropertyNames/pl/PropertyNames.locres' could not be opened for reading!
[2025.12.16-20.27.50:230][  0]LogTextLocalizationResource: LocRes '../../../Engine/Content/Localization/Engine/pl/Engine.locres' could not be opened for reading!
[2025.12.16-20.27.50:231][  0]LogInit: Setting process to per monitor DPI aware
[2025.12.16-20.27.50:325][  0]LogWindowsTextInputMethodSystem: Display: IME system deactivated.
[2025.12.16-20.27.50:353][  0]LogSlate: New Slate User Created.  User Index 0, Is Virtual User: 0
[2025.12.16-20.27.50:353][  0]LogSlate: Slate User Registered.  User Index 0, Is Virtual User: 0
[2025.12.16-20.27.50:547][  0]LogD3D11RHI: Loaded GFSDK_Aftermath_Lib.x64.dll
[2025.12.16-20.27.50:554][  0]LogHMD: Failed to initialize OpenVR with code 110
[2025.12.16-20.27.50:554][  0]LogD3D11RHI: D3D11 min allowed feature level: 11_0
[2025.12.16-20.27.50:554][  0]LogD3D11RHI: D3D11 max allowed feature level: 11_0
[2025.12.16-20.27.50:554][  0]LogD3D11RHI: D3D11 adapters:
[2025.12.16-20.27.50:925][  0]LogD3D11RHI:    0. 'Intel(R) Iris(R) Xe Graphics' (Feature Level 11_0)
[2025.12.16-20.27.50:925][  0]LogD3D11RHI:       128/0/8034 MB DedicatedVideo/DedicatedSystem/SharedSystem, Outputs:1, VendorId:0x8086
[2025.12.16-20.27.50:930][  0]LogD3D11RHI:    1. 'Microsoft Basic Render Driver' (Feature Level 11_0)
[2025.12.16-20.27.50:930][  0]LogD3D11RHI:       0/0/8034 MB DedicatedVideo/DedicatedSystem/SharedSystem, Outputs:0, VendorId:0x1414
[2025.12.16-20.27.50:930][  0]LogD3D11RHI: Chosen D3D11 Adapter:
[2025.12.16-20.27.50:930][  0]LogD3D11RHI:     Description : Intel(R) Iris(R) Xe Graphics
[2025.12.16-20.27.50:930][  0]LogD3D11RHI:     VendorId    : 8086
[2025.12.16-20.27.50:930][  0]LogD3D11RHI:     DeviceId    : 46a8
[2025.12.16-20.27.50:930][  0]LogD3D11RHI:     SubSysId    : b031028
[2025.12.16-20.27.50:930][  0]LogD3D11RHI:     Revision    : 000c
[2025.12.16-20.27.50:930][  0]LogD3D11RHI:     DedicatedVideoMemory : 134217728 bytes
[2025.12.16-20.27.50:930][  0]LogD3D11RHI:     DedicatedSystemMemory : 0 bytes
[2025.12.16-20.27.50:930][  0]LogD3D11RHI:     SharedSystemMemory : 8424628224 bytes
[2025.12.16-20.27.50:930][  0]LogD3D11RHI:     AdapterLuid : 0 88711
[2025.12.16-20.27.50:943][  0]LogD3D11RHI: Creating new Direct3DDevice
[2025.12.16-20.27.50:943][  0]LogD3D11RHI:     GPU DeviceId: 0x46a8 (for the marketing name, search the web for "GPU Device Id")
[2025.12.16-20.27.50:943][  0]LogWindows: EnumDisplayDevices:
[2025.12.16-20.27.50:943][  0]LogWindows:    0. 'Intel(R) Iris(R) Xe Graphics' (P:1 D:1)
[2025.12.16-20.27.50:943][  0]LogWindows:    1. 'Intel(R) Iris(R) Xe Graphics' (P:0 D:0)
[2025.12.16-20.27.50:944][  0]LogWindows:    2. 'Intel(R) Iris(R) Xe Graphics' (P:0 D:0)
[2025.12.16-20.27.50:944][  0]LogWindows:    3. 'Intel(R) Iris(R) Xe Graphics' (P:0 D:0)
[2025.12.16-20.27.50:944][  0]LogWindows: DebugString: FoundDriverCount:4 
[2025.12.16-20.27.50:944][  0]LogD3D11RHI:     Adapter Name: Intel(R) Iris(R) Xe Graphics
[2025.12.16-20.27.50:944][  0]LogD3D11RHI:   Driver Version: 32.0.101.7077 (internal:32.0.101.7077, unified:32.0.101.7077)
[2025.12.16-20.27.50:944][  0]LogD3D11RHI:      Driver Date: 9-16-2025
[2025.12.16-20.27.50:944][  0]LogRHI: Texture pool is 1523 MB (70% of 2176 MB)
[2025.12.16-20.27.50:956][  0]LogD3D11RHI: Creating D3DDevice using adapter:
[2025.12.16-20.27.50:956][  0]LogD3D11RHI:     Description : Intel(R) Iris(R) Xe Graphics
[2025.12.16-20.27.50:956][  0]LogD3D11RHI:     VendorId    : 8086
[2025.12.16-20.27.50:956][  0]LogD3D11RHI:     DeviceId    : 46a8
[2025.12.16-20.27.50:956][  0]LogD3D11RHI:     SubSysId    : b031028
[2025.12.16-20.27.50:956][  0]LogD3D11RHI:     Revision    : 000c
[2025.12.16-20.27.50:956][  0]LogD3D11RHI:     DedicatedVideoMemory : 134217728 bytes
[2025.12.16-20.27.50:956][  0]LogD3D11RHI:     DedicatedSystemMemory : 0 bytes
[2025.12.16-20.27.50:956][  0]LogD3D11RHI:     SharedSystemMemory : 8424628224 bytes
[2025.12.16-20.27.50:956][  0]LogD3D11RHI:     AdapterLuid : 0 88711
[2025.12.16-20.27.51:071][  0]LogD3D11RHI: RHI does not have support for 64 bit atomics
[2025.12.16-20.27.51:109][  0]LogD3D11RHI: Intel Extensions support version Full=16777216, Major=1, Minor=0, Revision=0
[2025.12.16-20.27.51:109][  0]LogD3D11RHI: Intel Extensions support version Full=16777217, Major=1, Minor=0, Revision=1
[2025.12.16-20.27.51:111][  0]LogD3D11RHI: Intel Extensions Framework enabled
[2025.12.16-20.27.51:112][  0]LogD3D11RHI: [IntelMetricsDiscovery] Started
[2025.12.16-20.27.51:112][  0]LogD3D11RHI: Async texture creation enabled
[2025.12.16-20.27.51:112][  0]LogD3D11RHI: Array index from any shader is supported
[2025.12.16-20.27.51:134][  0]LogD3D11RHI: GPU Timing Frequency: 19.200000 (Debug: 2 0)
[2025.12.16-20.27.51:847][  0]LogTargetPlatformManager: Display: Loaded TargetPlatform 'AllDesktop'
[2025.12.16-20.27.51:905][  0]LogTargetPlatformManager: Display: Loaded TargetPlatform 'Android'
[2025.12.16-20.27.51:905][  0]LogTargetPlatformManager: Display: Loaded TargetPlatform 'Android_ASTC'
[2025.12.16-20.27.51:905][  0]LogTargetPlatformManager: Display: Loaded TargetPlatform 'Android_DXT'
[2025.12.16-20.27.51:905][  0]LogTargetPlatformManager: Display: Loaded TargetPlatform 'Android_ETC2'
[2025.12.16-20.27.51:905][  0]LogTargetPlatformManager: Display: Loaded TargetPlatform 'AndroidClient'
[2025.12.16-20.27.51:905][  0]LogTargetPlatformManager: Display: Loaded TargetPlatform 'Android_ASTCClient'
[2025.12.16-20.27.51:905][  0]LogTargetPlatformManager: Display: Loaded TargetPlatform 'Android_DXTClient'
[2025.12.16-20.27.51:905][  0]LogTargetPlatformManager: Display: Loaded TargetPlatform 'Android_ETC2Client'
[2025.12.16-20.27.51:905][  0]LogTargetPlatformManager: Display: Loaded TargetPlatform 'Android_Multi'
[2025.12.16-20.27.51:905][  0]LogTargetPlatformManager: Display: Loaded TargetPlatform 'Android_MultiClient'
[2025.12.16-20.27.51:958][  0]LogTargetPlatformManager: Display: Loaded TargetPlatform 'IOSClient'
[2025.12.16-20.27.51:958][  0]LogTargetPlatformManager: Display: Loaded TargetPlatform 'IOS'
[2025.12.16-20.27.51:984][  0]LogTargetPlatformManager: Display: Loaded TargetPlatform 'Linux'
[2025.12.16-20.27.51:997][  0]LogTargetPlatformManager: Display: Loaded TargetPlatform 'LinuxNoEditor'
[2025.12.16-20.27.52:009][  0]LogTargetPlatformManager: Display: Loaded TargetPlatform 'LinuxClient'
[2025.12.16-20.27.52:020][  0]LogTargetPlatformManager: Display: Loaded TargetPlatform 'LinuxServer'
[2025.12.16-20.27.52:043][  0]LogTargetPlatformManager: Display: Loaded TargetPlatform 'LinuxAArch64NoEditor'
[2025.12.16-20.27.52:054][  0]LogTargetPlatformManager: Display: Loaded TargetPlatform 'LinuxAArch64Client'
[2025.12.16-20.27.52:068][  0]LogTargetPlatformManager: Display: Loaded TargetPlatform 'LinuxAArch64Server'
[2025.12.16-20.27.52:122][  0]LogTargetPlatformManager: Display: Loaded TargetPlatform 'Lumin'
[2025.12.16-20.27.52:122][  0]LogTargetPlatformManager: Display: Loaded TargetPlatform 'LuminClient'
[2025.12.16-20.27.52:140][  0]LogTargetPlatformManager: Display: Loaded TargetPlatform 'MacNoEditor'
[2025.12.16-20.27.52:150][  0]LogTargetPlatformManager: Display: Loaded TargetPlatform 'Mac'
[2025.12.16-20.27.52:161][  0]LogTargetPlatformManager: Display: Loaded TargetPlatform 'MacClient'
[2025.12.16-20.27.52:172][  0]LogTargetPlatformManager: Display: Loaded TargetPlatform 'MacServer'
[2025.12.16-20.27.52:196][  0]LogTargetPlatformManager: Display: Loaded TargetPlatform 'TVOSClient'
[2025.12.16-20.27.52:197][  0]LogTargetPlatformManager: Display: Loaded TargetPlatform 'TVOS'
[2025.12.16-20.27.52:221][  0]LogTargetPlatformManager: Display: Loaded TargetPlatform 'WindowsNoEditor'
[2025.12.16-20.27.52:234][  0]LogTargetPlatformManager: Display: Loaded TargetPlatform 'Windows'
[2025.12.16-20.27.52:246][  0]LogTargetPlatformManager: Display: Loaded TargetPlatform 'WindowsClient'
[2025.12.16-20.27.52:258][  0]LogTargetPlatformManager: Display: Loaded TargetPlatform 'WindowsServer'
[2025.12.16-20.27.52:258][  0]LogTargetPlatformManager: Display: Building Assets For Windows
[2025.12.16-20.27.52:282][  0]LogAudioDebug: Display: Lib vorbis DLL was dynamically loaded.
[2025.12.16-20.27.52:368][  0]LogTextureFormatOodle: Display: Oodle Texture 2.9.0 init RDO Off
[2025.12.16-20.27.52:450][  0]LogRendererCore: Ray tracing is disabled. Reason: r.RayTracing=0.
[2025.12.16-20.27.52:451][  0]LogShaderCompilers: Guid format shader working directory is -41 characters bigger than the processId version (../../../../../../Rzeczy/gry/rok 2/MARIN/03_MarsMarine 4.27 — kopia/03_MarsMarine 4.27/Intermediate/Shaders/WorkingDirectory/8032/).
[2025.12.16-20.27.52:451][  0]LogShaderCompilers: Cleaned the shader compiler working directory 'C:/Users/DELL/AppData/Local/Temp/UnrealShaderWorkingDir/359DB00D442B2CB10BC71CBC524AC97B/'.
[2025.12.16-20.27.52:451][  0]LogXGEController: Cannot use XGE Controller as Incredibuild is not installed on this machine.
[2025.12.16-20.27.52:451][  0]LogShaderCompilers: Cannot use XGE Shader Compiler as Incredibuild is not installed on this machine.
[2025.12.16-20.27.52:451][  0]LogShaderCompilers: Display: Using Local Shader Compiler.
[2025.12.16-20.27.55:301][  0]LogDerivedDataCache: Display: Max Cache Size: 512 MB
[2025.12.16-20.27.55:418][  0]LogDerivedDataCache: Loaded boot cache 0.12s 94MB C:/Users/DELL/AppData/Local/UnrealEngine/4.27/DerivedDataCache/Boot.ddc.
[2025.12.16-20.27.55:418][  0]LogDerivedDataCache: Display: Loaded Boot cache: C:/Users/DELL/AppData/Local/UnrealEngine/4.27/DerivedDataCache/Boot.ddc
[2025.12.16-20.27.55:418][  0]LogDerivedDataCache: FDerivedDataBackendGraph:  Pak pak cache file ../../../../../../Rzeczy/gry/rok 2/MARIN/03_MarsMarine 4.27 — kopia/03_MarsMarine 4.27/DerivedDataCache/DDC.ddp not found, will not use a pak cache.
[2025.12.16-20.27.55:418][  0]LogDerivedDataCache: Unable to find inner node Pak for hierarchical cache Hierarchy.
[2025.12.16-20.27.55:418][  0]LogDerivedDataCache: FDerivedDataBackendGraph:  CompressedPak pak cache file ../../../../../../Rzeczy/gry/rok 2/MARIN/03_MarsMarine 4.27 — kopia/03_MarsMarine 4.27/DerivedDataCache/Compressed.ddp not found, will not use a pak cache.
[2025.12.16-20.27.55:419][  0]LogDerivedDataCache: Unable to find inner node CompressedPak for hierarchical cache Hierarchy.
[2025.12.16-20.27.55:456][  0]LogDerivedDataCache: Display: Pak cache opened for reading ../../../Engine/DerivedDataCache/Compressed.ddp.
[2025.12.16-20.27.55:456][  0]LogDerivedDataCache: FDerivedDataBackendGraph:  EnterprisePak pak cache file ../../../Enterprise/DerivedDataCache/Compressed.ddp not found, will not use a pak cache.
[2025.12.16-20.27.55:456][  0]LogDerivedDataCache: Unable to find inner node EnterprisePak for hierarchical cache Hierarchy.
[2025.12.16-20.27.55:470][  0]LogDerivedDataCache: Speed tests for C:/Users/DELL/AppData/Local/UnrealEngine/Common/DerivedDataCache took 0.01 seconds
[2025.12.16-20.27.55:470][  0]LogDerivedDataCache: Display: Performance to C:/Users/DELL/AppData/Local/UnrealEngine/Common/DerivedDataCache: Latency=0.04ms. RandomReadSpeed=672.96MBs, RandomWriteSpeed=76.57MBs. Assigned SpeedClass 'Local'
[2025.12.16-20.27.55:472][  0]LogDerivedDataCache: Using Local data cache path C:/Users/DELL/AppData/Local/UnrealEngine/Common/DerivedDataCache: Writable
[2025.12.16-20.27.55:472][  0]LogDerivedDataCache: Shared data cache path not found in *engine.ini, will not use an Shared cache.
[2025.12.16-20.27.55:472][  0]LogDerivedDataCache: Unable to find inner node Shared for hierarchical cache Hierarchy.
[2025.12.16-20.27.55:568][  0]LogSlate: Using FreeType 2.10.0
[2025.12.16-20.27.55:569][  0]LogSlate: SlateFontServices - WITH_FREETYPE: 1, WITH_HARFBUZZ: 1
[2025.12.16-20.27.55:622][  0]LogAssetRegistry: FAssetRegistry took 0.0053 seconds to start up
[2025.12.16-20.27.56:036][  0]LogInit: Selected Device Profile: [Windows]
[2025.12.16-20.27.56:037][  0]LogInit: Active device profile: [0000024134966D00][000002412C3CBB00 49] Windows
[2025.12.16-20.27.56:037][  0]LogInit: Profiles: [0000024134966D00][000002412C3CBB00 49] Windows, [0000024134791D00][00000241339FA240 49] WindowsNoEditor, [0000024134967C00][00000241339FE500 49] WindowsServer, [0000024134792A00][0000024133A067C0 49] WindowsClient, [0000024134965800][00000241339F6A40 49] IOS, [0000024134791300][00000241325F6CC0 49] iPadAir, [0000024134966500][00000241325FAF80 49] iPadAir2, [0000024134725300][000002412C1C34C0 49] IPadPro, [0000024134725400][000002412C1B3500 49] iPadAir3, [0000024134793A00][000002412C1BB7C0 49] iPadAir4, [0000024134726100][000002412C1B7A80 49] iPadMini2, [0000024134792F00][000002412C1BE1C0 49] iPadMini3, [0000024134726C00][000002412C1E6480 49] iPadMini4, [0000024134791E00][000002412C1EA740 49] iPadMini5, [000002413472CB00][0000024134ABAC40 49] iPhone6, [000002413472CC00][000002412C1EEC80 49] iPodTouch6, [0000024134965A00][0000024134AC7180 49] iPhone7, [0000024134965400][0000024133A031C0 49] iPodTouch7, [0000024134725000][0000024134ABF480 49] iPhone5S, [0000024134724800][000002412C1F3740 49] iPhone6Plus, [000002413472FD00][0000024134AC3A00 49] iPhone6S, [0000024134724D00][0000024134ACA140 49] iPhone6SPlus, [000002413472F600][0000024134AD8400 49] iPhone7Plus, [0000024134726E00][0000024134AE86C0 49] iPhoneSE, [000002413472E100][000002412D930980 49] iPhone8, [0000024134725B00][000002412D93EC40 49] iPhone8Plus, [000002413472E800][0000024134AB6EC0 49] iPhoneX, [0000024134726500][000002412D943140 49] iPhoneXS, [000002413472CE00][000002412D94B400 49] iPhoneXSMax, [0000024134967500][000002412D94F6C0 49] iPhoneXR, [000002413472FE00][000002412D953980 49] iPhone11, [0000024134965F00][000002412D9560C0 49] iPhone11Pro, [000002413472F300][000002412D95A380 49] iPhone11ProMax, [0000024134964100][000002412D95E640 49] iPhoneSE2, [000002413472ED00][00000241339B8900 49] iPhone12Mini, [0000024134964200][00000241339D0BC0 49] iPhone12, [000002413472EF00][00000241339D4E80 49] iPhone12Pro, [0000024134964900][000002412D947100 49] iPhone12ProMax, [000002413472C800][000002412D8F5380 49] iPadPro105, [0000024134964B00][000002412D8FD640 49] iPadPro129, [000002413472C700][00000241339E1900 49] iPadPro97, [0000024134966000][00000241339E9BC0 49] iPadPro2_129, [000002413472D700][00000241339EC300 49] iPad5, [0000024134967600][0000024134D965C0 49] iPad6, [000002413472CF00][000002412C1C6880 49] iPad7, [0000024134965E00][000002412C1CAB40 49] iPad8, [000002413472F800][000002412C1CEE00 49] iPadPro11, [0000024134964D00][000002412C1D30C0 49] iPadPro2_11, [000002413472F400][000002412D8F9340 49] iPadPro3_129, [0000024134964F00][00000241339F15C0 49] iPadPro4_129, [000002413472C500][000002412C1E3880 49] AppleTV, [0000024134966900][0000024134A91B40 49] AppleTV4K, [000002413472D600][0000024134A94280 49] TVOS, [0000024134965700][0000024134A98540 49] Mac, [000002413472C300][0000024134A9C800 49] MacClient, [0000024134964800][000002412C174AC0 49] MacNoEditor, [000002413472FA00][0000024133A0AD80 49] MacServer, [0000024134966B00][0000024134AA1040 49] Linux, [000002413472D400][0000024134AA5300 49] LinuxAArch64, [0000024134964A00][00000241339E5580 49] LinuxNoEditor, [000002413472CA00][0000024134AAD840 49] LinuxAArch64NoEditor, [0000024134965500][0000024134AB1B00 49] LinuxClient, [000002413472EE00][0000024134D9A240 49] LinuxAArch64Client, [0000024134965000][0000024134D9E500 49] LinuxServer, [000002413472E500][0000024134DA27C0 49] LinuxAArch64Server, [0000024134967700][0000024134DA6A80 49] Android, [000002413472FF00][0000024134DAAD40 49] Android_Low, [0000024134965B00][0000024134DAF000 49] Android_Mid, [000002413472E400][0000024134DB32C0 49] Android_High, [0000024134967400][0000024134AA9540 49] Android_Default, [000002413472D800][0000024134DB77C0 49] Android_Adreno4xx, [0000024134964400][0000024134DBFA80 49] Android_Adreno5xx_Low, [000002413472EC00][0000024134A201C0 49] Android_Adreno5xx, [0000024134725800][0000024134A24480 49] Android_Adreno6xx, [0000024134790300][0000024134A28740 49] Android_Adreno6xx_Vulkan, [0000024134725100][0000024134A2CA00 49] Android_Mali_T6xx, [0000024134792500][0000024134A30CC0 49] Android_Mali_T7xx, [0000024134727700][0000024134A34F80 49] Android_Mali_T8xx, [0000024134790600][0000024134A39240 49] Android_Mali_G71, [0000024134727200][0000024134A3D500 49] Android_Mali_G72, [0000024134792800][0000024134DBB780 49] Android_Mali_G72_Vulkan, [0000024134726900][0000024134A41A00 49] Android_Mali_G76, [0000024134793B00][0000024134A48140 49] Android_Mali_G76_Vulkan, [0000024134726000][0000024134A4C400 49] Android_Mali_G77, [0000024134793100][0000024134A506C0 49] Android_Mali_G77_Vulkan, [0000024134725E00][0000024134A54980 49] Android_Mali_G78, [0000024134792900][0000024134A58C40 49] Android_Mali_G78_Vulkan, [0000024134724F00][0000024134A5CF00 49] Android_Mali_G710, [0000024134792E00][0000024134A611C0 49] Android_Mali_G710_Vulkan, [0000024134727100][0000024134A65480 49] Android_Vulkan_SM5, [0000024134791800][0000024134A69740 49] Android_PowerVR_G6xxx, [0000024134725A00][0000024134A459C0 49] Android_PowerVR_GT7xxx, [0000024134790900][0000024134A6C0C0 49] Android_PowerVR_GE8xxx, [0000024134725F00][0000024134A74380 49] Android_PowerVR_GM9xxx, [0000024134791600][0000024134A78640 49] Android_PowerVR_GM9xxx_Vulkan, [0000024134725D00][0000024134A7C900 49] Android_TegraK1, [0000024134790C00][0000024134A80BC0 49] Android_Unknown_Vulkan, [0000024134724C00][0000024134A84E80 49] Lumin, [0000024134793700][0000024134A89140 49] Lumin_Desktop, [0000024134727900][0000024134A8D400 49] HoloLens, 
[2025.12.16-20.27.56:232][  0]LogMeshReduction: Using QuadricMeshReduction for automatic static mesh reduction
[2025.12.16-20.27.56:232][  0]LogMeshReduction: Using SimplygonMeshReduction for automatic skeletal mesh reduction
[2025.12.16-20.27.56:232][  0]LogMeshReduction: Using ProxyLODMeshReduction for automatic mesh merging
[2025.12.16-20.27.56:232][  0]LogMeshReduction: No distributed automatic mesh merging module available
[2025.12.16-20.27.56:232][  0]LogMeshMerging: No distributed automatic mesh merging module available
[2025.12.16-20.27.56:252][  0]LogNetVersion: MarsMarine 1.0.0, NetCL: 17155196, EngineNetVer: 17, GameNetVer: 0 (Checksum: 4288930687)
[2025.12.16-20.27.56:845][  0]LogTexture: Default maximum texture size for cubemaps generated from long-lat sources has been changed from 512 to unlimited. In order to preserve old behaiour for '/Engine/MapTemplates/Sky/DaylightAmbientCubemap.DaylightAmbientCubemap', its maximum texture size has been explicitly set to 512.
[2025.12.16-20.27.56:923][  0]LogHMD: PokeAHoleMaterial loaded successfully
[2025.12.16-20.27.56:930][  0]LogUObjectArray: 17178 objects as part of root set at end of initial load.
[2025.12.16-20.27.56:930][  0]LogUObjectAllocator: 4302048 out of 0 bytes used by permanent object pool.
[2025.12.16-20.27.56:930][  0]LogUObjectArray: CloseDisregardForGC: 0/0 objects in disregard for GC pool
[2025.12.16-20.27.57:305][  0]LogNiagaraDebuggerClient: Niagara Debugger Client Initialized | Session: 763988C34E948A738CF1CA95222CEA02 | Instance: 03B979634B1FD7607D32B2B5E8E4814A (DESKTOP-QAAO9HT-8032).
[2025.12.16-20.27.57:463][  0]LogPython: Using Python 3.7.7
[2025.12.16-20.27.58:062][  0]LogUdpMessaging: Initializing bridge on interface 0.0.0.0:0 to multicast group 230.0.0.1:6666.
[2025.12.16-20.27.58:071][  0]LogTcpMessaging: Initializing TcpMessaging bridge
[2025.12.16-20.27.58:282][  0]SourceControl: Source control is disabled
[2025.12.16-20.27.58:282][  0]SourceControl: Source control is disabled
[2025.12.16-20.27.58:286][  0]SourceControl: Source control is disabled
[2025.12.16-20.27.58:300][  0]SourceControl: Source control is disabled
[2025.12.16-20.27.58:305][  0]SourceControl: Source control is disabled
[2025.12.16-20.27.58:319][  0]LogUProjectInfo: Found projects:
[2025.12.16-20.27.58:330][  0]LogVSAccessor: Display: Unable to create Visual Studio setup instance: 80040154
[2025.12.16-20.27.58:332][  0]LogVSAccessor: Display: Unable to create Visual Studio setup instance: 80040154
[2025.12.16-20.27.58:333][  0]LogVSAccessor: Display: Unable to create Visual Studio setup instance: 80040154
[2025.12.16-20.27.58:640][  0]LogOpenImageDenoise: OIDN starting up
[2025.12.16-20.27.58:678][  0]LogAndroidPermission: UAndroidPermissionCallbackProxy::GetInstance
[2025.12.16-20.27.58:695][  0]LogAudioCaptureCore: Display: No Audio Capture implementations found. Audio input will be silent.
[2025.12.16-20.27.58:695][  0]LogAudioCaptureCore: Display: No Audio Capture implementations found. Audio input will be silent.
[2025.12.16-20.27.58:864][  0]LogCollectionManager: Loaded 0 collections in 0.002413 seconds
[2025.12.16-20.27.58:898][  0]LogFileCache: Scanning file cache for directory 'C:/Rzeczy/gry/rok 2/MARIN/03_MarsMarine 4.27 — kopia/03_MarsMarine 4.27/Saved/Collections/' took 0.00s
[2025.12.16-20.27.58:898][  0]LogFileCache: Scanning file cache for directory 'C:/Rzeczy/gry/rok 2/MARIN/03_MarsMarine 4.27 — kopia/03_MarsMarine 4.27/Content/Developers/DELL/Collections/' took 0.00s
[2025.12.16-20.27.58:898][  0]LogFileCache: Scanning file cache for directory 'C:/Rzeczy/gry/rok 2/MARIN/03_MarsMarine 4.27 — kopia/03_MarsMarine 4.27/Content/Collections/' took 0.00s
[2025.12.16-20.27.58:898][  0]LogOcInput: OculusInput pre-init called
[2025.12.16-20.27.59:328][  0]LogEngine: Initializing Engine...
[2025.12.16-20.27.59:332][  0]LogHMD: Failed to enumerate extensions. Please check that you have a valid OpenXR runtime installed.
[2025.12.16-20.27.59:332][  0]LogHMD: Failed to initialize OpenVR with code 110
[2025.12.16-20.27.59:332][  0]LogMagicLeap: Warning: VR disabled because ZI is not enabled.  To enable, in the editor, Edit -> Project Settings -> Plugins -> Magic Leap Plugin -> Enable Zero Iteration
[2025.12.16-20.27.59:333][  0]LogStats: UGameplayTagsManager::InitializeManager -  0.000 s
[2025.12.16-20.27.59:537][  0]LogInit: Initializing FReadOnlyCVARCache
[2025.12.16-20.27.59:547][  0]LogAIModule: Creating AISystem for world Untitled
[2025.12.16-20.27.59:548][  0]LogAudio: Display: Initializing Audio Device Manager...
[2025.12.16-20.27.59:553][  0]LogAudio: Display: Loading Default Audio Settings Objects...
[2025.12.16-20.27.59:554][  0]LogAudio: Display: No default SoundConcurrencyObject specified (or failed to load).
[2025.12.16-20.27.59:554][  0]LogAudio: Display: Audio Device Manager Initialized
[2025.12.16-20.27.59:554][  0]LogAudio: Display: Creating Audio Device:                 Id: 1, Scope: Shared, Realtime: True
[2025.12.16-20.27.59:554][  0]LogAudioMixer: Display: Audio Mixer Platform Settings:
[2025.12.16-20.27.59:554][  0]LogAudioMixer: Display: 	Sample Rate:						  48000
[2025.12.16-20.27.59:554][  0]LogAudioMixer: Display: 	Callback Buffer Frame Size Requested: 1024
[2025.12.16-20.27.59:554][  0]LogAudioMixer: Display: 	Callback Buffer Frame Size To Use:	  1024
[2025.12.16-20.27.59:554][  0]LogAudioMixer: Display: 	Number of buffers to queue:			  2
[2025.12.16-20.27.59:554][  0]LogAudioMixer: Display: 	Max Channels (voices):				  32
[2025.12.16-20.27.59:554][  0]LogAudioMixer: Display: 	Number of Async Source Workers:		  0
[2025.12.16-20.27.59:554][  0]LogAudio: Display: AudioDevice MaxSources: 32
[2025.12.16-20.27.59:555][  0]LogAudio: Display: Audio Spatialization Plugin: None (built-in).
[2025.12.16-20.27.59:555][  0]LogAudio: Display: Audio Reverb Plugin: None (built-in).
[2025.12.16-20.27.59:555][  0]LogAudio: Display: Audio Occlusion Plugin: None (built-in).
[2025.12.16-20.27.59:555][  0]LogAudioMixer: Display: Initializing audio mixer.
[2025.12.16-20.27.59:572][  0]LogAudioMixer: Display: 0: FrontLeft
[2025.12.16-20.27.59:572][  0]LogAudioMixer: Display: 1: FrontRight
[2025.12.16-20.28.00:379][  0]LogAudioMixer: Display: Using Audio Device Głośniki (Realtek(R) Audio)
[2025.12.16-20.28.00:380][  0]LogAudioMixer: Display: Initializing Sound Submixes...
[2025.12.16-20.28.00:385][  0]LogAudioMixer: Display: Creating Master Submix 'MasterSubmixDefault'
[2025.12.16-20.28.00:385][  0]LogAudioMixer: Display: Creating Master Submix 'MasterReverbSubmixDefault'
[2025.12.16-20.28.00:388][  0]LogAudioMixer: Display: Creating Master Submix 'MasterEQSubmixDefault'
[2025.12.16-20.28.00:388][  0]LogAudioMixer: FMixerPlatformXAudio2::StartAudioStream() called
[2025.12.16-20.28.00:388][  0]LogAudioMixer: Display: Output buffers initialized: Frames=1024, Channels=2, Samples=2048
[2025.12.16-20.28.00:391][  0]LogAudioMixer: Display: Starting AudioMixerPlatformInterface::RunInternal()
[2025.12.16-20.28.00:391][  0]LogAudioMixer: Display: FMixerPlatformXAudio2::SubmitBuffer() called for the first time
[2025.12.16-20.28.00:391][  0]LogInit: FAudioDevice initialized.
[2025.12.16-20.28.00:392][  0]LogAudio: Display: Audio Device (ID: 1) registered with world 'Untitled'.
[2025.12.16-20.28.00:392][  0]LogNetVersion: Set ProjectVersion to 1.0.0.0. Version Checksum will be recalculated on next use.
[2025.12.16-20.28.00:485][  0]LogDerivedDataCache: Saved boot cache 0.09s 94MB C:/Users/DELL/AppData/Local/UnrealEngine/4.27/DerivedDataCache/Boot.ddc.
[2025.12.16-20.28.00:485][  0]LogInit: Texture streaming: Enabled
[2025.12.16-20.28.00:500][  0]LogAnalytics: Display: [UEEditor.Rocket.Release] APIServer = https://datarouter.ol.epicgames.com/. AppVersion = 4.27.2-18319896+++UE4+Release-4.27
[2025.12.16-20.28.00:504][  0]LogEngineSessionManager: EngineSessionManager initialized
[2025.12.16-20.28.00:504][  0]LogEditorSessionSummary: Verbose: Initializing EditorSessionSummaryWriter for editor session tracking
[2025.12.16-20.28.00:506][  0]LogEditorSessionSummary: EditorSessionSummaryWriter initialized
[2025.12.16-20.28.00:531][  0]LogInit: Transaction tracking system initialized
[2025.12.16-20.28.00:556][  0]BlueprintLog: New page: Editor Load
[2025.12.16-20.28.00:625][  0]LocalizationService: Localization service is disabled
[2025.12.16-20.28.00:653][  0]TimingProfiler: Initialize
[2025.12.16-20.28.00:653][  0]TimingProfiler: OnSessionChanged
[2025.12.16-20.28.00:653][  0]LoadingProfiler: Initialize
[2025.12.16-20.28.00:653][  0]LoadingProfiler: OnSessionChanged
[2025.12.16-20.28.00:653][  0]NetworkingProfiler: Initialize
[2025.12.16-20.28.00:653][  0]NetworkingProfiler: OnSessionChanged
[2025.12.16-20.28.00:653][  0]MemoryProfiler: Initialize
[2025.12.16-20.28.00:653][  0]MemoryProfiler: OnSessionChanged
[2025.12.16-20.28.00:717][  0]LogVSAccessor: Display: Unable to create Visual Studio setup instance: 80040154
[2025.12.16-20.28.00:717][  0]LogVSAccessor: Display: Unable to create Visual Studio setup instance: 80040154
[2025.12.16-20.28.00:718][  0]LogVSAccessor: Display: Unable to create Visual Studio setup instance: 80040154
[2025.12.16-20.28.00:822][  0]LogCook: Display: CookSettings for Memory: MemoryMaxUsedVirtual 0MiB, MemoryMaxUsedPhysical 16384MiB, MemoryMinFreeVirtual 0MiB, MemoryMinFreePhysical 1024MiB
[2025.12.16-20.28.00:823][  0]LogCook: Display: Mobile HDR setting 1
[2025.12.16-20.28.01:086][  0]LogFileCache: Scanning file cache for directory 'C:/Rzeczy/gry/rok 2/MARIN/03_MarsMarine 4.27 — kopia/03_MarsMarine 4.27/Content/' took 0.01s
[2025.12.16-20.28.01:459][  0]LogInit: Display: Engine is initialized. Leaving FEngineLoop::Init()
[2025.12.16-20.28.01:463][  0]SourceControl: Source control is disabled
[2025.12.16-20.28.01:463][  0]LogUnrealEdMisc: Loading editor; pre map load, took 13.867
[2025.12.16-20.28.01:463][  0]Cmd: MAP LOAD FILE="../../../../../../Rzeczy/gry/rok 2/MARIN/03_MarsMarine 4.27 — kopia/03_MarsMarine 4.27/Content/Levels/Mars.umap" TEMPLATE=0 SHOWPROGRESS=1 FEATURELEVEL=3
[2025.12.16-20.28.01:463][  0]LightingResults: New page: Lighting Build
[2025.12.16-20.28.01:465][  0]LogWorld: UWorld::CleanupWorld for Untitled, bSessionEnded=true, bCleanupResources=true
[2025.12.16-20.28.01:465][  0]LogSlate: InvalidateAllWidgets triggered.  All widgets were invalidated
[2025.12.16-20.28.01:465][  0]MapCheck: New page: Map Check
[2025.12.16-20.28.01:465][  0]LightingResults: New page: Lighting Build
[2025.12.16-20.28.01:478][  0]LogAudio: Display: Audio Device unregistered from world 'None'.
[2025.12.16-20.28.01:483][  0]LogUObjectHash: Compacting FUObjectHashTables data took   1.08ms
[2025.12.16-20.28.01:884][  0]LogSkeletalMesh: Display: [AssetLog] C:\Rzeczy\gry\rok 2\MARIN\03_MarsMarine 4.27 — kopia\03_MarsMarine 4.27\Content\Weapons\Rifle.uasset: Find and fix some bad tangent! please re-import this skeletal mesh asset to fix the issue. The shading of the skeletal mesh will be bad and faceted.
[2025.12.16-20.28.01:907][  0]LogAudio: Display: Audio Device (ID: 1) registered with world 'Mars'.
[2025.12.16-20.28.01:908][  0]LogAIModule: Creating AISystem for world Mars
[2025.12.16-20.28.01:933][  0]LogEditorServer: Finished looking for orphan Actors (0.000 secs)
[2025.12.16-20.28.01:975][  0]LogUObjectHash: Compacting FUObjectHashTables data took   1.78ms
[2025.12.16-20.28.01:975][  0]Cmd: MAP CHECKDEP NOCLEARLOG
[2025.12.16-20.28.01:976][  0]MapCheck: Map check complete: 0 Error(s), 0 Warning(s), took 0,283ms to complete.
[2025.12.16-20.28.01:976][  0]LogFileHelpers: Loading map 'Mars' took 0.513
[2025.12.16-20.28.01:980][  0]LogUnrealEdMisc: Total Editor Startup Time, took 14.384
[2025.12.16-20.28.02:661][  0]LogSlate: Only BGRA pngs, bmps or icos are supported in by External Image Picker
[2025.12.16-20.28.02:778][  0]LogSlate: Updating window title bar state: overlay mode, drag disabled, window buttons hidden, title bar hidden
[2025.12.16-20.28.02:787][  0]LogSlate: Updating window title bar state: overlay mode, drag disabled, window buttons hidden, title bar hidden
[2025.12.16-20.28.02:796][  0]LogSlate: Updating window title bar state: overlay mode, drag disabled, window buttons hidden, title bar hidden
[2025.12.16-20.28.02:805][  0]LogSlate: Updating window title bar state: overlay mode, drag disabled, window buttons hidden, title bar hidden
[2025.12.16-20.28.02:825][  0]LogNativeClassHierarchy: Verbose: Native class hierarchy populated in 0.0134 seconds. Added 3822 classes and 928 folders.
[2025.12.16-20.28.02:828][  0]LogNativeClassHierarchy: Verbose: Native class hierarchy updated for 'WidgetCarousel' in 0.0003 seconds. Added 0 classes and 0 folders.
[2025.12.16-20.28.02:831][  0]LogPakFile: PakFile PrimaryIndexSize=187
[2025.12.16-20.28.02:831][  0]LogPakFile: PakFile PathHashIndexSize=101
[2025.12.16-20.28.02:831][  0]LogPakFile: PakFile FullDirectoryIndexSize=148
[2025.12.16-20.28.02:831][  0]LogShaderLibrary: Display: ShaderCodeLibraryPakFileMountedCallback: PakFile 'C:/Program Files/Epic Games/UE_4.27/FeaturePacks/FP_FirstPerson.upack' (chunk index -1, root 'root:/') mounted
[2025.12.16-20.28.02:831][  0]LogShaderLibrary: Display: ShaderCodeLibraryPakFileMountedCallback: pending pak file info (ChunkID:-1 Root:root:/ File:C:/Program Files/Epic Games/UE_4.27/FeaturePacks/FP_FirstPerson.upack)
[2025.12.16-20.28.02:831][  0]LogPakFile: OnPakFileMounted2Time == 0.000080
[2025.12.16-20.28.02:832][  0]LogPakFile: PakFile PrimaryIndexSize=189
[2025.12.16-20.28.02:832][  0]LogPakFile: PakFile PathHashIndexSize=101
[2025.12.16-20.28.02:832][  0]LogPakFile: PakFile FullDirectoryIndexSize=152
[2025.12.16-20.28.02:832][  0]LogShaderLibrary: Display: ShaderCodeLibraryPakFileMountedCallback: PakFile 'C:/Program Files/Epic Games/UE_4.27/FeaturePacks/FP_FirstPersonBP.upack' (chunk index -1, root 'root:/') mounted
[2025.12.16-20.28.02:832][  0]LogShaderLibrary: Display: ShaderCodeLibraryPakFileMountedCallback: pending pak file info (ChunkID:-1 Root:root:/ File:C:/Program Files/Epic Games/UE_4.27/FeaturePacks/FP_FirstPersonBP.upack)
[2025.12.16-20.28.02:832][  0]LogPakFile: OnPakFileMounted2Time == 0.000051
[2025.12.16-20.28.02:832][  0]LogPakFile: PakFile PrimaryIndexSize=191
[2025.12.16-20.28.02:832][  0]LogPakFile: PakFile PathHashIndexSize=101
[2025.12.16-20.28.02:832][  0]LogPakFile: PakFile FullDirectoryIndexSize=160
[2025.12.16-20.28.02:832][  0]LogShaderLibrary: Display: ShaderCodeLibraryPakFileMountedCallback: PakFile 'C:/Program Files/Epic Games/UE_4.27/FeaturePacks/MobileStarterContent.upack' (chunk index -1, root 'root:/') mounted
[2025.12.16-20.28.02:832][  0]LogShaderLibrary: Display: ShaderCodeLibraryPakFileMountedCallback: pending pak file info (ChunkID:-1 Root:root:/ File:C:/Program Files/Epic Games/UE_4.27/FeaturePacks/MobileStarterContent.upack)
[2025.12.16-20.28.02:832][  0]LogPakFile: OnPakFileMounted2Time == 0.000049
[2025.12.16-20.28.02:834][  0]LogPakFile: PakFile PrimaryIndexSize=185
[2025.12.16-20.28.02:834][  0]LogPakFile: PakFile PathHashIndexSize=101
[2025.12.16-20.28.02:834][  0]LogPakFile: PakFile FullDirectoryIndexSize=148
[2025.12.16-20.28.02:834][  0]LogShaderLibrary: Display: ShaderCodeLibraryPakFileMountedCallback: PakFile 'C:/Program Files/Epic Games/UE_4.27/FeaturePacks/StarterContent.upack' (chunk index -1, root 'root:/') mounted
[2025.12.16-20.28.02:834][  0]LogShaderLibrary: Display: ShaderCodeLibraryPakFileMountedCallback: pending pak file info (ChunkID:-1 Root:root:/ File:C:/Program Files/Epic Games/UE_4.27/FeaturePacks/StarterContent.upack)
[2025.12.16-20.28.02:834][  0]LogPakFile: OnPakFileMounted2Time == 0.000047
[2025.12.16-20.28.02:834][  0]LogPakFile: PakFile PrimaryIndexSize=190
[2025.12.16-20.28.02:834][  0]LogPakFile: PakFile PathHashIndexSize=101
[2025.12.16-20.28.02:834][  0]LogPakFile: PakFile FullDirectoryIndexSize=154
[2025.12.16-20.28.02:834][  0]LogShaderLibrary: Display: ShaderCodeLibraryPakFileMountedCallback: PakFile 'C:/Program Files/Epic Games/UE_4.27/FeaturePacks/TP_2DSideScroller.upack' (chunk index -1, root 'root:/') mounted
[2025.12.16-20.28.02:834][  0]LogShaderLibrary: Display: ShaderCodeLibraryPakFileMountedCallback: pending pak file info (ChunkID:-1 Root:root:/ File:C:/Program Files/Epic Games/UE_4.27/FeaturePacks/TP_2DSideScroller.upack)
[2025.12.16-20.28.02:834][  0]LogPakFile: OnPakFileMounted2Time == 0.000048
[2025.12.16-20.28.02:835][  0]LogPakFile: PakFile PrimaryIndexSize=192
[2025.12.16-20.28.02:835][  0]LogPakFile: PakFile PathHashIndexSize=101
[2025.12.16-20.28.02:835][  0]LogPakFile: PakFile FullDirectoryIndexSize=158
[2025.12.16-20.28.02:835][  0]LogShaderLibrary: Display: ShaderCodeLibraryPakFileMountedCallback: PakFile 'C:/Program Files/Epic Games/UE_4.27/FeaturePacks/TP_2DSideScrollerBP.upack' (chunk index -1, root 'root:/') mounted
[2025.12.16-20.28.02:835][  0]LogShaderLibrary: Display: ShaderCodeLibraryPakFileMountedCallback: pending pak file info (ChunkID:-1 Root:root:/ File:C:/Program Files/Epic Games/UE_4.27/FeaturePacks/TP_2DSideScrollerBP.upack)
[2025.12.16-20.28.02:835][  0]LogPakFile: OnPakFileMounted2Time == 0.000045
[2025.12.16-20.28.02:836][  0]LogPakFile: PakFile PrimaryIndexSize=182
[2025.12.16-20.28.02:836][  0]LogPakFile: PakFile PathHashIndexSize=101
[2025.12.16-20.28.02:836][  0]LogPakFile: PakFile FullDirectoryIndexSize=138
[2025.12.16-20.28.02:836][  0]LogShaderLibrary: Display: ShaderCodeLibraryPakFileMountedCallback: PakFile 'C:/Program Files/Epic Games/UE_4.27/FeaturePacks/TP_Flying.upack' (chunk index -1, root 'root:/') mounted
[2025.12.16-20.28.02:836][  0]LogShaderLibrary: Display: ShaderCodeLibraryPakFileMountedCallback: pending pak file info (ChunkID:-1 Root:root:/ File:C:/Program Files/Epic Games/UE_4.27/FeaturePacks/TP_Flying.upack)
[2025.12.16-20.28.02:836][  0]LogPakFile: OnPakFileMounted2Time == 0.000055
[2025.12.16-20.28.02:836][  0]LogPakFile: PakFile PrimaryIndexSize=184
[2025.12.16-20.28.02:836][  0]LogPakFile: PakFile PathHashIndexSize=101
[2025.12.16-20.28.02:836][  0]LogPakFile: PakFile FullDirectoryIndexSize=142
[2025.12.16-20.28.02:836][  0]LogShaderLibrary: Display: ShaderCodeLibraryPakFileMountedCallback: PakFile 'C:/Program Files/Epic Games/UE_4.27/FeaturePacks/TP_FlyingBP.upack' (chunk index -1, root 'root:/') mounted
[2025.12.16-20.28.02:836][  0]LogShaderLibrary: Display: ShaderCodeLibraryPakFileMountedCallback: pending pak file info (ChunkID:-1 Root:root:/ File:C:/Program Files/Epic Games/UE_4.27/FeaturePacks/TP_FlyingBP.upack)
[2025.12.16-20.28.02:836][  0]LogPakFile: OnPakFileMounted2Time == 0.000047
[2025.12.16-20.28.02:837][  0]LogPakFile: PakFile PrimaryIndexSize=188
[2025.12.16-20.28.02:837][  0]LogPakFile: PakFile PathHashIndexSize=101
[2025.12.16-20.28.02:837][  0]LogPakFile: PakFile FullDirectoryIndexSize=150
[2025.12.16-20.28.02:837][  0]LogShaderLibrary: Display: ShaderCodeLibraryPakFileMountedCallback: PakFile 'C:/Program Files/Epic Games/UE_4.27/FeaturePacks/TP_HandheldARBP.upack' (chunk index -1, root 'root:/') mounted
[2025.12.16-20.28.02:837][  0]LogShaderLibrary: Display: ShaderCodeLibraryPakFileMountedCallback: pending pak file info (ChunkID:-1 Root:root:/ File:C:/Program Files/Epic Games/UE_4.27/FeaturePacks/TP_HandheldARBP.upack)
[2025.12.16-20.28.02:837][  0]LogPakFile: OnPakFileMounted2Time == 0.000052
[2025.12.16-20.28.02:838][  0]LogPakFile: PakFile PrimaryIndexSize=182
[2025.12.16-20.28.02:838][  0]LogPakFile: PakFile PathHashIndexSize=101
[2025.12.16-20.28.02:838][  0]LogPakFile: PakFile FullDirectoryIndexSize=138
[2025.12.16-20.28.02:838][  0]LogShaderLibrary: Display: ShaderCodeLibraryPakFileMountedCallback: PakFile 'C:/Program Files/Epic Games/UE_4.27/FeaturePacks/TP_Puzzle.upack' (chunk index -1, root 'root:/') mounted
[2025.12.16-20.28.02:838][  0]LogShaderLibrary: Display: ShaderCodeLibraryPakFileMountedCallback: pending pak file info (ChunkID:-1 Root:root:/ File:C:/Program Files/Epic Games/UE_4.27/FeaturePacks/TP_Puzzle.upack)
[2025.12.16-20.28.02:838][  0]LogPakFile: OnPakFileMounted2Time == 0.000050
[2025.12.16-20.28.02:838][  0]LogPakFile: PakFile PrimaryIndexSize=184
[2025.12.16-20.28.02:838][  0]LogPakFile: PakFile PathHashIndexSize=101
[2025.12.16-20.28.02:838][  0]LogPakFile: PakFile FullDirectoryIndexSize=142
[2025.12.16-20.28.02:838][  0]LogShaderLibrary: Display: ShaderCodeLibraryPakFileMountedCallback: PakFile 'C:/Program Files/Epic Games/UE_4.27/FeaturePacks/TP_PuzzleBP.upack' (chunk index -1, root 'root:/') mounted
[2025.12.16-20.28.02:838][  0]LogShaderLibrary: Display: ShaderCodeLibraryPakFileMountedCallback: pending pak file info (ChunkID:-1 Root:root:/ File:C:/Program Files/Epic Games/UE_4.27/FeaturePacks/TP_PuzzleBP.upack)
[2025.12.16-20.28.02:838][  0]LogPakFile: OnPakFileMounted2Time == 0.000043
[2025.12.16-20.28.02:839][  0]LogPakFile: PakFile PrimaryIndexSize=183
[2025.12.16-20.28.02:839][  0]LogPakFile: PakFile PathHashIndexSize=101
[2025.12.16-20.28.02:839][  0]LogPakFile: PakFile FullDirectoryIndexSize=140
[2025.12.16-20.28.02:839][  0]LogShaderLibrary: Display: ShaderCodeLibraryPakFileMountedCallback: PakFile 'C:/Program Files/Epic Games/UE_4.27/FeaturePacks/TP_Rolling.upack' (chunk index -1, root 'root:/') mounted
[2025.12.16-20.28.02:839][  0]LogShaderLibrary: Display: ShaderCodeLibraryPakFileMountedCallback: pending pak file info (ChunkID:-1 Root:root:/ File:C:/Program Files/Epic Games/UE_4.27/FeaturePacks/TP_Rolling.upack)
[2025.12.16-20.28.02:839][  0]LogPakFile: OnPakFileMounted2Time == 0.000048
[2025.12.16-20.28.02:839][  0]LogPakFile: PakFile PrimaryIndexSize=185
[2025.12.16-20.28.02:839][  0]LogPakFile: PakFile PathHashIndexSize=101
[2025.12.16-20.28.02:839][  0]LogPakFile: PakFile FullDirectoryIndexSize=144
[2025.12.16-20.28.02:839][  0]LogShaderLibrary: Display: ShaderCodeLibraryPakFileMountedCallback: PakFile 'C:/Program Files/Epic Games/UE_4.27/FeaturePacks/TP_RollingBP.upack' (chunk index -1, root 'root:/') mounted
[2025.12.16-20.28.02:839][  0]LogShaderLibrary: Display: ShaderCodeLibraryPakFileMountedCallback: pending pak file info (ChunkID:-1 Root:root:/ File:C:/Program Files/Epic Games/UE_4.27/FeaturePacks/TP_RollingBP.upack)
[2025.12.16-20.28.02:839][  0]LogPakFile: OnPakFileMounted2Time == 0.000114
[2025.12.16-20.28.02:840][  0]LogPakFile: PakFile PrimaryIndexSize=188
[2025.12.16-20.28.02:840][  0]LogPakFile: PakFile PathHashIndexSize=101
[2025.12.16-20.28.02:840][  0]LogPakFile: PakFile FullDirectoryIndexSize=150
[2025.12.16-20.28.02:840][  0]LogShaderLibrary: Display: ShaderCodeLibraryPakFileMountedCallback: PakFile 'C:/Program Files/Epic Games/UE_4.27/FeaturePacks/TP_SideScroller.upack' (chunk index -1, root 'root:/') mounted
[2025.12.16-20.28.02:840][  0]LogShaderLibrary: Display: ShaderCodeLibraryPakFileMountedCallback: pending pak file info (ChunkID:-1 Root:root:/ File:C:/Program Files/Epic Games/UE_4.27/FeaturePacks/TP_SideScroller.upack)
[2025.12.16-20.28.02:840][  0]LogPakFile: OnPakFileMounted2Time == 0.000042
[2025.12.16-20.28.02:840][  0]LogPakFile: PakFile PrimaryIndexSize=190
[2025.12.16-20.28.02:840][  0]LogPakFile: PakFile PathHashIndexSize=101
[2025.12.16-20.28.02:840][  0]LogPakFile: PakFile FullDirectoryIndexSize=154
[2025.12.16-20.28.02:841][  0]LogShaderLibrary: Display: ShaderCodeLibraryPakFileMountedCallback: PakFile 'C:/Program Files/Epic Games/UE_4.27/FeaturePacks/TP_SideScrollerBP.upack' (chunk index -1, root 'root:/') mounted
[2025.12.16-20.28.02:841][  0]LogShaderLibrary: Display: ShaderCodeLibraryPakFileMountedCallback: pending pak file info (ChunkID:-1 Root:root:/ File:C:/Program Files/Epic Games/UE_4.27/FeaturePacks/TP_SideScrollerBP.upack)
[2025.12.16-20.28.02:841][  0]LogPakFile: OnPakFileMounted2Time == 0.000042
[2025.12.16-20.28.02:841][  0]LogPakFile: PakFile PrimaryIndexSize=187
[2025.12.16-20.28.02:841][  0]LogPakFile: PakFile PathHashIndexSize=101
[2025.12.16-20.28.02:841][  0]LogPakFile: PakFile FullDirectoryIndexSize=148
[2025.12.16-20.28.02:841][  0]LogShaderLibrary: Display: ShaderCodeLibraryPakFileMountedCallback: PakFile 'C:/Program Files/Epic Games/UE_4.27/FeaturePacks/TP_ThirdPerson.upack' (chunk index -1, root 'root:/') mounted
[2025.12.16-20.28.02:841][  0]LogShaderLibrary: Display: ShaderCodeLibraryPakFileMountedCallback: pending pak file info (ChunkID:-1 Root:root:/ File:C:/Program Files/Epic Games/UE_4.27/FeaturePacks/TP_ThirdPerson.upack)
[2025.12.16-20.28.02:841][  0]LogPakFile: OnPakFileMounted2Time == 0.000041
[2025.12.16-20.28.02:842][  0]LogPakFile: PakFile PrimaryIndexSize=189
[2025.12.16-20.28.02:842][  0]LogPakFile: PakFile PathHashIndexSize=101
[2025.12.16-20.28.02:842][  0]LogPakFile: PakFile FullDirectoryIndexSize=152
[2025.12.16-20.28.02:842][  0]LogShaderLibrary: Display: ShaderCodeLibraryPakFileMountedCallback: PakFile 'C:/Program Files/Epic Games/UE_4.27/FeaturePacks/TP_ThirdPersonBP.upack' (chunk index -1, root 'root:/') mounted
[2025.12.16-20.28.02:842][  0]LogShaderLibrary: Display: ShaderCodeLibraryPakFileMountedCallback: pending pak file info (ChunkID:-1 Root:root:/ File:C:/Program Files/Epic Games/UE_4.27/FeaturePacks/TP_ThirdPersonBP.upack)
[2025.12.16-20.28.02:842][  0]LogPakFile: OnPakFileMounted2Time == 0.000044
[2025.12.16-20.28.02:842][  0]LogPakFile: PakFile PrimaryIndexSize=183
[2025.12.16-20.28.02:842][  0]LogPakFile: PakFile PathHashIndexSize=101
[2025.12.16-20.28.02:842][  0]LogPakFile: PakFile FullDirectoryIndexSize=140
[2025.12.16-20.28.02:842][  0]LogShaderLibrary: Display: ShaderCodeLibraryPakFileMountedCallback: PakFile 'C:/Program Files/Epic Games/UE_4.27/FeaturePacks/TP_TopDown.upack' (chunk index -1, root 'root:/') mounted
[2025.12.16-20.28.02:842][  0]LogShaderLibrary: Display: ShaderCodeLibraryPakFileMountedCallback: pending pak file info (ChunkID:-1 Root:root:/ File:C:/Program Files/Epic Games/UE_4.27/FeaturePacks/TP_TopDown.upack)
[2025.12.16-20.28.02:842][  0]LogPakFile: OnPakFileMounted2Time == 0.000053
[2025.12.16-20.28.02:843][  0]LogPakFile: PakFile PrimaryIndexSize=185
[2025.12.16-20.28.02:843][  0]LogPakFile: PakFile PathHashIndexSize=101
[2025.12.16-20.28.02:843][  0]LogPakFile: PakFile FullDirectoryIndexSize=144
[2025.12.16-20.28.02:843][  0]LogShaderLibrary: Display: ShaderCodeLibraryPakFileMountedCallback: PakFile 'C:/Program Files/Epic Games/UE_4.27/FeaturePacks/TP_TopDownBP.upack' (chunk index -1, root 'root:/') mounted
[2025.12.16-20.28.02:843][  0]LogShaderLibrary: Display: ShaderCodeLibraryPakFileMountedCallback: pending pak file info (ChunkID:-1 Root:root:/ File:C:/Program Files/Epic Games/UE_4.27/FeaturePacks/TP_TopDownBP.upack)
[2025.12.16-20.28.02:843][  0]LogPakFile: OnPakFileMounted2Time == 0.000048
[2025.12.16-20.28.02:843][  0]LogPakFile: PakFile PrimaryIndexSize=185
[2025.12.16-20.28.02:843][  0]LogPakFile: PakFile PathHashIndexSize=101
[2025.12.16-20.28.02:843][  0]LogPakFile: PakFile FullDirectoryIndexSize=144
[2025.12.16-20.28.02:843][  0]LogShaderLibrary: Display: ShaderCodeLibraryPakFileMountedCallback: PakFile 'C:/Program Files/Epic Games/UE_4.27/FeaturePacks/TP_TwinStick.upack' (chunk index -1, root 'root:/') mounted
[2025.12.16-20.28.02:843][  0]LogShaderLibrary: Display: ShaderCodeLibraryPakFileMountedCallback: pending pak file info (ChunkID:-1 Root:root:/ File:C:/Program Files/Epic Games/UE_4.27/FeaturePacks/TP_TwinStick.upack)
[2025.12.16-20.28.02:843][  0]LogPakFile: OnPakFileMounted2Time == 0.000041
[2025.12.16-20.28.02:844][  0]LogPakFile: PakFile PrimaryIndexSize=187
[2025.12.16-20.28.02:844][  0]LogPakFile: PakFile PathHashIndexSize=101
[2025.12.16-20.28.02:844][  0]LogPakFile: PakFile FullDirectoryIndexSize=148
[2025.12.16-20.28.02:844][  0]LogShaderLibrary: Display: ShaderCodeLibraryPakFileMountedCallback: PakFile 'C:/Program Files/Epic Games/UE_4.27/FeaturePacks/TP_TwinStickBP.upack' (chunk index -1, root 'root:/') mounted
[2025.12.16-20.28.02:844][  0]LogShaderLibrary: Display: ShaderCodeLibraryPakFileMountedCallback: pending pak file info (ChunkID:-1 Root:root:/ File:C:/Program Files/Epic Games/UE_4.27/FeaturePacks/TP_TwinStickBP.upack)
[2025.12.16-20.28.02:844][  0]LogPakFile: OnPakFileMounted2Time == 0.000045
[2025.12.16-20.28.02:845][  0]LogPakFile: PakFile PrimaryIndexSize=183
[2025.12.16-20.28.02:845][  0]LogPakFile: PakFile PathHashIndexSize=101
[2025.12.16-20.28.02:845][  0]LogPakFile: PakFile FullDirectoryIndexSize=140
[2025.12.16-20.28.02:845][  0]LogShaderLibrary: Display: ShaderCodeLibraryPakFileMountedCallback: PakFile 'C:/Program Files/Epic Games/UE_4.27/FeaturePacks/TP_Vehicle.upack' (chunk index -1, root 'root:/') mounted
[2025.12.16-20.28.02:845][  0]LogShaderLibrary: Display: ShaderCodeLibraryPakFileMountedCallback: pending pak file info (ChunkID:-1 Root:root:/ File:C:/Program Files/Epic Games/UE_4.27/FeaturePacks/TP_Vehicle.upack)
[2025.12.16-20.28.02:845][  0]LogPakFile: OnPakFileMounted2Time == 0.000041
[2025.12.16-20.28.02:845][  0]LogPakFile: PakFile PrimaryIndexSize=186
[2025.12.16-20.28.02:845][  0]LogPakFile: PakFile PathHashIndexSize=101
[2025.12.16-20.28.02:845][  0]LogPakFile: PakFile FullDirectoryIndexSize=146
[2025.12.16-20.28.02:845][  0]LogShaderLibrary: Display: ShaderCodeLibraryPakFileMountedCallback: PakFile 'C:/Program Files/Epic Games/UE_4.27/FeaturePacks/TP_VehicleAdv.upack' (chunk index -1, root 'root:/') mounted
[2025.12.16-20.28.02:845][  0]LogShaderLibrary: Display: ShaderCodeLibraryPakFileMountedCallback: pending pak file info (ChunkID:-1 Root:root:/ File:C:/Program Files/Epic Games/UE_4.27/FeaturePacks/TP_VehicleAdv.upack)
[2025.12.16-20.28.02:845][  0]LogPakFile: OnPakFileMounted2Time == 0.000041
[2025.12.16-20.28.02:846][  0]LogPakFile: PakFile PrimaryIndexSize=188
[2025.12.16-20.28.02:846][  0]LogPakFile: PakFile PathHashIndexSize=101
[2025.12.16-20.28.02:846][  0]LogPakFile: PakFile FullDirectoryIndexSize=150
[2025.12.16-20.28.02:846][  0]LogShaderLibrary: Display: ShaderCodeLibraryPakFileMountedCallback: PakFile 'C:/Program Files/Epic Games/UE_4.27/FeaturePacks/TP_VehicleAdvBP.upack' (chunk index -1, root 'root:/') mounted
[2025.12.16-20.28.02:846][  0]LogShaderLibrary: Display: ShaderCodeLibraryPakFileMountedCallback: pending pak file info (ChunkID:-1 Root:root:/ File:C:/Program Files/Epic Games/UE_4.27/FeaturePacks/TP_VehicleAdvBP.upack)
[2025.12.16-20.28.02:846][  0]LogPakFile: OnPakFileMounted2Time == 0.000043
[2025.12.16-20.28.02:846][  0]LogPakFile: PakFile PrimaryIndexSize=185
[2025.12.16-20.28.02:846][  0]LogPakFile: PakFile PathHashIndexSize=101
[2025.12.16-20.28.02:846][  0]LogPakFile: PakFile FullDirectoryIndexSize=144
[2025.12.16-20.28.02:846][  0]LogShaderLibrary: Display: ShaderCodeLibraryPakFileMountedCallback: PakFile 'C:/Program Files/Epic Games/UE_4.27/FeaturePacks/TP_VehicleBP.upack' (chunk index -1, root 'root:/') mounted
[2025.12.16-20.28.02:846][  0]LogShaderLibrary: Display: ShaderCodeLibraryPakFileMountedCallback: pending pak file info (ChunkID:-1 Root:root:/ File:C:/Program Files/Epic Games/UE_4.27/FeaturePacks/TP_VehicleBP.upack)
[2025.12.16-20.28.02:846][  0]LogPakFile: OnPakFileMounted2Time == 0.000041
[2025.12.16-20.28.02:847][  0]LogPakFile: PakFile PrimaryIndexSize=192
[2025.12.16-20.28.02:847][  0]LogPakFile: PakFile PathHashIndexSize=101
[2025.12.16-20.28.02:847][  0]LogPakFile: PakFile FullDirectoryIndexSize=158
[2025.12.16-20.28.02:847][  0]LogShaderLibrary: Display: ShaderCodeLibraryPakFileMountedCallback: PakFile 'C:/Program Files/Epic Games/UE_4.27/FeaturePacks/TP_VirtualRealityBP.upack' (chunk index -1, root 'root:/') mounted
[2025.12.16-20.28.02:847][  0]LogShaderLibrary: Display: ShaderCodeLibraryPakFileMountedCallback: pending pak file info (ChunkID:-1 Root:root:/ File:C:/Program Files/Epic Games/UE_4.27/FeaturePacks/TP_VirtualRealityBP.upack)
[2025.12.16-20.28.02:847][  0]LogPakFile: OnPakFileMounted2Time == 0.000049
[2025.12.16-20.28.02:906][  0]LogNativeClassHierarchy: Verbose: Native class hierarchy updated for 'AddContentDialog' in 0.0003 seconds. Added 0 classes and 0 folders.
[2025.12.16-20.28.02:908][  0]LogNativeClassHierarchy: Verbose: Native class hierarchy updated for 'SceneOutliner' in 0.0003 seconds. Added 2 classes and 0 folders.
[2025.12.16-20.28.02:985][  0]LogSlate: Took 0.000235 seconds to synchronously load lazily loaded font '../../../Engine/Content/Slate/Fonts/Roboto-Regular.ttf' (155K)
[2025.12.16-20.28.02:987][  0]LogSlate: Took 0.000226 seconds to synchronously load lazily loaded font '../../../Engine/Content/Editor/Slate/Fonts/FontAwesome.ttf' (139K)
[2025.12.16-20.28.02:988][  0]LogSlate: Took 0.000286 seconds to synchronously load lazily loaded font '../../../Engine/Content/Slate/Fonts/Roboto-Bold.ttf' (160K)
[2025.12.16-20.28.03:110][  0]LogRenderer: Reallocating scene render targets to support 724x340 Format 10 NumSamples 1 (Frame:1).
[2025.12.16-20.28.03:255][  0]LogNativeClassHierarchy: Verbose: Native class hierarchy updated for 'HierarchicalLODOutliner' in 0.0004 seconds. Added 0 classes and 0 folders.
[2025.12.16-20.28.03:255][  0]LogLoad: (Engine Initialization) Total time: 15.66 seconds
[2025.12.16-20.28.03:255][  0]LogLoad: (Engine Initialization) Total Blueprint compile time: 0.00 seconds
[2025.12.16-20.28.03:433][  0]LogContentStreaming: Texture pool size now 1000 MB
[2025.12.16-20.28.03:451][  1]LogFileCache: Retrieving MD5 hashes for directory 'C:/Rzeczy/gry/rok 2/MARIN/03_MarsMarine 4.27 — kopia/03_MarsMarine 4.27/Content/' took 0.17s
[2025.12.16-20.28.03:478][  1]LogAssetRegistry: Asset discovery search completed in 7.8577 seconds
[2025.12.16-20.28.03:490][  1]LogCollectionManager: Fixed up redirectors for 0 collections in 0.000009 seconds (updated 0 objects)
[2025.12.16-20.28.03:548][  2]LogSlate: Took 0.000373 seconds to synchronously load lazily loaded font '../../../Engine/Content/Slate/Fonts/Roboto-Light.ttf' (167K)
[2025.12.16-20.36.56:127][ 57]LogSlate: Took 0.000308 seconds to synchronously load lazily loaded font '../../../Engine/Content/Slate/Fonts/Roboto-Light.ttf' (167K)
[2025.12.16-20.36.56:174][ 57]LogAssetEditorSubsystem: Opening Asset editor for Blueprint /Game/Blueprints/AI/BP_Alien.BP_Alien
[2025.12.16-20.36.56:483][ 57]LogNativeClassHierarchy: Verbose: Native class hierarchy updated for 'BlueprintGraph' in 0.0007 seconds. Added 126 classes and 0 folders.
[2025.12.16-20.36.57:210][ 57]LogSlate: Took 0.000449 seconds to synchronously load lazily loaded font '../../../Engine/Content/Slate/Fonts/Roboto-BoldCondensed.ttf' (158K)
[2025.12.16-20.36.57:270][ 58]LogSlate: Took 0.000234 seconds to synchronously load lazily loaded font '../../../Engine/Content/Slate/Fonts/Roboto-Italic.ttf' (157K)
[2025.12.16-20.37.00:724][270]LogSlate: Window 'BP_Alien' being destroyed
[2025.12.16-20.37.19:881][942]LogAssetEditorSubsystem: Opening Asset editor for Blueprint /Game/Blueprints/Pawns/BP_Marine.BP_Marine
[2025.12.16-20.37.42:788][458]LogBlueprint: Warning: [AssetLog] C:\Rzeczy\gry\rok 2\MARIN\03_MarsMarine 4.27 — kopia\03_MarsMarine 4.27\Content\Blueprints\AI\BP_Alien.uasset: [Compiler] Pasted node  CustomEvent   conflicted with  Event BeginPlay  and was replaced as a Custom Event!
[2025.12.16-20.37.48:177][989]LogEditorClassViewer: Warning: Class /Engine/Tutorial/InWorldBlueprintEditing/TutorialAssets/IWBE_Blutility.IWBE_Blutility_C has parent /Script/Blutility.PlacedEditorUtilityBase, but this parent is not found. The Class will not be shown in ClassViewer.
[2025.12.16-20.37.55:889][723]BlueprintLog: New page: Compile BP_Alien
[2025.12.16-20.37.55:970][723]LogUObjectHash: Compacting FUObjectHashTables data took   3.65ms
[2025.12.16-20.37.56:028][723]LogSlate: Took 0.000272 seconds to synchronously load lazily loaded font '../../../Engine/Content/Slate/Fonts/DroidSansMono.ttf' (77K)
[2025.12.16-20.38.00:150][ 15]LogTemp: Repeating last play command: Selected Viewport
[2025.12.16-20.38.00:164][ 15]LogPlayLevel: PlayLevel: No blueprints needed recompiling
[2025.12.16-20.38.00:166][ 15]PIE: New page: PIE session: Mars (16 gru 2025, 22:38:00)
[2025.12.16-20.38.00:169][ 15]LogOnline: OSS: Creating online subsystem instance for: NULL
[2025.12.16-20.38.00:174][ 15]LogOnline: OSS: TryLoadSubsystemAndSetDefault: Loaded subsystem for module [NULL]
[2025.12.16-20.38.00:174][ 15]LogPlayLevel: Creating play world package: /Game/Levels/UEDPIE_0_Mars
[2025.12.16-20.38.00:239][ 15]LogPlayLevel: PIE: StaticDuplicateObject took: (0.065066s)
[2025.12.16-20.38.00:241][ 15]LogAIModule: Creating AISystem for world Mars
[2025.12.16-20.38.00:242][ 15]LogPlayLevel: PIE: World Init took: (0.002052s)
[2025.12.16-20.38.00:242][ 15]LogPlayLevel: PIE: Created PIE world by copying editor world from /Game/Levels/Mars.Mars to /Game/Levels/UEDPIE_0_Mars.Mars (0.067554s)
[2025.12.16-20.38.00:286][ 15]LogUObjectHash: Compacting FUObjectHashTables data took   4.10ms
[2025.12.16-20.38.00:288][ 15]LogAudio: Display: Creating Audio Device:                 Id: 2, Scope: Unique, Realtime: True
[2025.12.16-20.38.00:288][ 15]LogAudioMixer: Display: Audio Mixer Platform Settings:
[2025.12.16-20.38.00:288][ 15]LogAudioMixer: Display: 	Sample Rate:						  48000
[2025.12.16-20.38.00:288][ 15]LogAudioMixer: Display: 	Callback Buffer Frame Size Requested: 1024
[2025.12.16-20.38.00:288][ 15]LogAudioMixer: Display: 	Callback Buffer Frame Size To Use:	  1024
[2025.12.16-20.38.00:288][ 15]LogAudioMixer: Display: 	Number of buffers to queue:			  2
[2025.12.16-20.38.00:288][ 15]LogAudioMixer: Display: 	Max Channels (voices):				  32
[2025.12.16-20.38.00:288][ 15]LogAudioMixer: Display: 	Number of Async Source Workers:		  0
[2025.12.16-20.38.00:288][ 15]LogAudio: Display: AudioDevice MaxSources: 32
[2025.12.16-20.38.00:288][ 15]LogAudio: Display: Audio Spatialization Plugin: None (built-in).
[2025.12.16-20.38.00:288][ 15]LogAudio: Display: Audio Reverb Plugin: None (built-in).
[2025.12.16-20.38.00:288][ 15]LogAudio: Display: Audio Occlusion Plugin: None (built-in).
[2025.12.16-20.38.00:288][ 15]LogAudioMixer: Display: Initializing audio mixer.
[2025.12.16-20.38.00:297][ 15]LogAudioMixer: Display: 0: FrontLeft
[2025.12.16-20.38.00:297][ 15]LogAudioMixer: Display: 1: FrontRight
[2025.12.16-20.38.00:390][ 15]LogAudioMixer: Display: Using Audio Device Głośniki (Realtek(R) Audio)
[2025.12.16-20.38.00:391][ 15]LogAudioMixer: Display: Initializing Sound Submixes...
[2025.12.16-20.38.00:391][ 15]LogAudioMixer: Display: Creating Master Submix 'MasterSubmixDefault'
[2025.12.16-20.38.00:391][ 15]LogAudioMixer: Display: Creating Master Submix 'MasterReverbSubmixDefault'
[2025.12.16-20.38.00:392][ 15]LogAudioMixer: Display: Creating Master Submix 'MasterEQSubmixDefault'
[2025.12.16-20.38.00:392][ 15]LogAudioMixer: FMixerPlatformXAudio2::StartAudioStream() called
[2025.12.16-20.38.00:392][ 15]LogAudioMixer: Display: Output buffers initialized: Frames=1024, Channels=2, Samples=2048
[2025.12.16-20.38.00:394][ 15]LogInit: FAudioDevice initialized.
[2025.12.16-20.38.00:394][ 15]LogAudioMixer: Display: Starting AudioMixerPlatformInterface::RunInternal()
[2025.12.16-20.38.00:394][ 15]LogAudioMixer: Display: FMixerPlatformXAudio2::SubmitBuffer() called for the first time
[2025.12.16-20.38.00:394][ 15]LogAudio: Display: Audio Device (ID: 2) registered with world 'Mars'.
[2025.12.16-20.38.00:406][ 15]LogLoad: Game class is 'BP_MarsMarine_GameMode_C'
[2025.12.16-20.38.00:416][ 15]LogWorld: Bringing World /Game/Levels/UEDPIE_0_Mars.Mars up for play (max tick rate 0) at 2025.12.16-21.38.00
[2025.12.16-20.38.00:418][ 15]LogWorld: Bringing up level for play took: 0.009519
[2025.12.16-20.38.00:419][ 15]LogOnline: OSS: Creating online subsystem instance for: :Context_6
[2025.12.16-20.38.00:427][ 15]LogNativeClassHierarchy: Verbose: Native class hierarchy updated for 'MovieSceneCapture' in 0.0005 seconds. Added 20 classes and 0 folders.
[2025.12.16-20.38.00:432][ 15]PIE: Server logged in
[2025.12.16-20.38.00:434][ 15]PIE: Play in editor total start time 0,27 seconds.
[2025.12.16-20.38.08:613][389]LogSlate: Updating window title bar state: overlay mode, drag disabled, window buttons hidden, title bar hidden
[2025.12.16-20.38.08:614][389]LogWorld: BeginTearingDown for /Game/Levels/UEDPIE_0_Mars
[2025.12.16-20.38.08:614][389]LogWorld: UWorld::CleanupWorld for Mars, bSessionEnded=true, bCleanupResources=true
[2025.12.16-20.38.08:615][389]LogSlate: InvalidateAllWidgets triggered.  All widgets were invalidated
[2025.12.16-20.38.08:633][389]LogPlayLevel: Display: Shutting down PIE online subsystems
[2025.12.16-20.38.08:641][389]LogSlate: InvalidateAllWidgets triggered.  All widgets were invalidated
[2025.12.16-20.38.08:703][389]LogAudio: Display: Audio Device unregistered from world 'None'.
[2025.12.16-20.38.08:703][389]LogAudioMixer: FMixerPlatformXAudio2::StopAudioStream() called
[2025.12.16-20.38.08:706][389]LogAudioMixer: FMixerPlatformXAudio2::StopAudioStream() called
[2025.12.16-20.38.08:713][389]LogSlate: Updating window title bar state: overlay mode, drag disabled, window buttons hidden, title bar hidden
[2025.12.16-20.38.08:754][389]LogUObjectHash: Compacting FUObjectHashTables data took   6.18ms
[2025.12.16-20.38.08:790][390]LogPlayLevel: Display: Destroying online subsystem :Context_6
[2025.12.16-20.38.36:671][557]LogUObjectHash: Compacting FUObjectHashTables data took   7.04ms
[2025.12.16-20.38.36:775][557]LogSavePackage: Moving '../../../../../../Rzeczy/gry/rok 2/MARIN/03_MarsMarine 4.27 — kopia/03_MarsMarine 4.27/Saved/Mars_Auto12D4FA4B044C3E169C6A241AC6D3DDD9F.tmp' to '../../../../../../Rzeczy/gry/rok 2/MARIN/03_MarsMarine 4.27 — kopia/03_MarsMarine 4.27/Saved/Autosaves/Game/Levels/Mars_Auto1.umap'
[2025.12.16-20.38.36:778][557]LogFileHelpers: Editor autosave (incl. external actors) for '/Game/Levels/Mars' took 0.162
[2025.12.16-20.38.36:778][557]LogFileHelpers: Editor autosave (incl. sublevels & external actors) for all levels took 0.162
[2025.12.16-20.38.36:781][557]OBJ SavePackage: Generating thumbnails for [2] asset(s) in package [/Game/Blueprints/AI/BP_Alien] ([2] browsable assets)...
[2025.12.16-20.38.36:834][557]OBJ SavePackage:     Rendered thumbnail for [BlueprintGeneratedClass /Game/Blueprints/AI/BP_Alien.BP_Alien_C]
[2025.12.16-20.38.36:860][557]OBJ SavePackage:     Rendered thumbnail for [Blueprint /Game/Blueprints/AI/BP_Alien.BP_Alien]
[2025.12.16-20.38.36:860][557]OBJ SavePackage: Finished generating thumbnails for package [/Game/Blueprints/AI/BP_Alien]
[2025.12.16-20.38.36:900][557]LogSavePackage: Moving '../../../../../../Rzeczy/gry/rok 2/MARIN/03_MarsMarine 4.27 — kopia/03_MarsMarine 4.27/Saved/BP_Alien_Auto1267072F24B560C2CD443538624141CDB.tmp' to '../../../../../../Rzeczy/gry/rok 2/MARIN/03_MarsMarine 4.27 — kopia/03_MarsMarine 4.27/Saved/Autosaves/Game/Blueprints/AI/BP_Alien_Auto1.uasset'
[2025.12.16-20.38.36:902][557]LogFileHelpers: Auto-saving content packages took 0.124
[2025.12.16-20.39.23:606][ 36]LogSlate: Prevented a slow task dialog from being summoned while a context menu was open
[2025.12.16-20.39.23:626][ 36]LogEditorClassViewer: Warning: Class /Engine/Tutorial/InWorldBlueprintEditing/TutorialAssets/IWBE_Blutility.IWBE_Blutility_C has parent /Script/Blutility.PlacedEditorUtilityBase, but this parent is not found. The Class will not be shown in ClassViewer.
[2025.12.16-20.42.55:464][441]LogAssetEditorSubsystem: Opening Asset editor for WidgetBlueprint /Game/UI/W_PlayerHUD.W_PlayerHUD
[2025.12.16-20.43.20:699][661]LogContentBrowser: Deferred new asset file creation: NewWidgetBlueprint
[2025.12.16-20.43.20:740][661]LogContentBrowser: Creating deferred item: NewWidgetBlueprint
[2025.12.16-20.43.28:611][ 55]LogContentBrowser: Attempting asset rename: NewWidgetBlueprint -> W_Alienek
[2025.12.16-20.43.28:631][ 55]LogContentBrowser: End creating deferred item NewWidgetBlueprint
[2025.12.16-20.43.30:578][142]LogAssetEditorSubsystem: Opening Asset editor for WidgetBlueprint /Game/UI/W_Alienek.W_Alienek
[2025.12.16-20.45.16:031][357]LogSlate: Window 'Color Picker' being destroyed
[2025.12.16-20.45.40:273][764]LogSlate: Last resort fallback font was requested. Font: '<unknown>', Character: '<unknown>'
[2025.12.16-20.45.40:332][764]LogSlate: Took 0.056348 seconds to synchronously load lazily loaded font '../../../Engine/Content/SlateDebug/Fonts/LastResort.ttf' (5269K)
[2025.12.16-20.49.42:117][ 54]LogUObjectHash: Compacting FUObjectHashTables data took   6.56ms
[2025.12.16-20.49.42:118][ 54]LogFileHelpers: Editor autosave (incl. external actors) for '/Game/Levels/Mars' took 0.092
[2025.12.16-20.49.42:119][ 54]OBJ SavePackage: Generating thumbnails for [2] asset(s) in package [/Game/Blueprints/Pawns/BP_Marine] ([2] browsable assets)...
[2025.12.16-20.49.42:180][ 54]OBJ SavePackage:     Rendered thumbnail for [BlueprintGeneratedClass /Game/Blueprints/Pawns/BP_Marine.BP_Marine_C]
[2025.12.16-20.49.42:206][ 54]OBJ SavePackage:     Rendered thumbnail for [Blueprint /Game/Blueprints/Pawns/BP_Marine.BP_Marine]
[2025.12.16-20.49.42:206][ 54]OBJ SavePackage: Finished generating thumbnails for package [/Game/Blueprints/Pawns/BP_Marine]
[2025.12.16-20.49.42:259][ 54]LogSavePackage: Moving '../../../../../../Rzeczy/gry/rok 2/MARIN/03_MarsMarine 4.27 — kopia/03_MarsMarine 4.27/Saved/BP_Marine_Auto2A96831F74425B0B44D0F229E692E7D67.tmp' to '../../../../../../Rzeczy/gry/rok 2/MARIN/03_MarsMarine 4.27 — kopia/03_MarsMarine 4.27/Saved/Autosaves/Game/Blueprints/Pawns/BP_Marine_Auto2.uasset'
[2025.12.16-20.49.42:260][ 54]LogFileHelpers: Auto-saving content packages took 0.143
[2025.12.16-20.53.51:073][673]LogSlate: Took 0.021262 seconds to synchronously load lazily loaded font '../../../Engine/Content/Slate/Fonts/Roboto-BoldCondensedItalic.ttf' (160K)
[2025.12.16-20.55.04:339][762]BlueprintLog: New page: Compile W_Alienek
[2025.12.16-20.55.04:402][762]LogUObjectHash: Compacting FUObjectHashTables data took   6.59ms
[2025.12.16-20.56.15:284][863]BlueprintLog: New page: Compile W_Alienek
[2025.12.16-20.56.15:337][863]LogUObjectHash: Compacting FUObjectHashTables data took   5.21ms
[2025.12.16-20.59.03:111][559]BlueprintLog: New page: Compile W_Alienek
[2025.12.16-20.59.03:168][559]LogUObjectHash: Compacting FUObjectHashTables data took   5.72ms
[2025.12.16-21.01.06:551][681]BlueprintLog: New page: Compile W_Alienek
[2025.12.16-21.01.06:613][681]LogUObjectHash: Compacting FUObjectHashTables data took   5.88ms
[2025.12.16-21.01.07:184][709]Cmd: OBJ SAVEPACKAGE PACKAGE="/Game/UI/W_Alienek" FILE="../../../../../../Rzeczy/gry/rok 2/MARIN/03_MarsMarine 4.27 — kopia/03_MarsMarine 4.27/Content/UI/W_Alienek.uasset" SILENT=true
[2025.12.16-21.01.07:200][709]LogSavePackage: Moving '../../../../../../Rzeczy/gry/rok 2/MARIN/03_MarsMarine 4.27 — kopia/03_MarsMarine 4.27/Saved/W_AlienekEF2F6ADB40EF564B70C75E92C298B68B.tmp' to '../../../../../../Rzeczy/gry/rok 2/MARIN/03_MarsMarine 4.27 — kopia/03_MarsMarine 4.27/Content/UI/W_Alienek.uasset'
[2025.12.16-21.01.07:252][709]AssetCheck: New page: Asset Save: W_Alienek
[2025.12.16-21.01.07:253][709]LogContentValidation: Display: Validating WidgetBlueprint /Game/UI/W_Alienek.W_Alienek
[2025.12.16-21.01.50:797][981]LogRenderer: Reallocating scene render targets to support 724x456 Format 10 NumSamples 1 (Frame:1).
[2025.12.16-21.03.05:371][302]LogUObjectHash: Compacting FUObjectHashTables data took   9.01ms
[2025.12.16-21.03.05:379][302]LogFileHelpers: Editor autosave (incl. external actors) for '/Game/Levels/Mars' took 0.113
[2025.12.16-21.03.05:381][302]OBJ SavePackage: Generating thumbnails for [0] asset(s) in package [/Game/Blueprints/AI/BP_Alien] ([2] browsable assets)...
[2025.12.16-21.03.05:381][302]OBJ SavePackage: Finished generating thumbnails for package [/Game/Blueprints/AI/BP_Alien]
[2025.12.16-21.03.05:411][302]LogSavePackage: Moving '../../../../../../Rzeczy/gry/rok 2/MARIN/03_MarsMarine 4.27 — kopia/03_MarsMarine 4.27/Saved/BP_Alien_Auto38F525D3F4B2920F2E4D99DA84C07C38E.tmp' to '../../../../../../Rzeczy/gry/rok 2/MARIN/03_MarsMarine 4.27 — kopia/03_MarsMarine 4.27/Saved/Autosaves/Game/Blueprints/AI/BP_Alien_Auto3.uasset'
[2025.12.16-21.03.05:417][302]LogFileHelpers: Auto-saving content packages took 0.038
[2025.12.16-21.03.59:428][907]LogPhysics: Warning: Scale for /Engine/Transient.World_3:PersistentLevel.BP_Alien_C_0.s has a component set to zero, which will result in a bad body instance. Scale:X=0.500 Y=0.000 Z=0.000
[2025.12.16-21.03.59:429][907]LogPhysics: Warning: Scale for /Game/Levels/Mars.Mars:PersistentLevel.BP_Alien_8.s has a component set to zero, which will result in a bad body instance. Scale:X=0.500 Y=0.000 Z=0.000
[2025.12.16-21.03.59:430][907]LogPhysics: Warning: Scale for /Engine/Transient.World_3:PersistentLevel.BP_Alien_C_0.s has a component set to zero, which will result in a bad body instance. Scale:X=0.500 Y=0.000 Z=0.000
[2025.12.16-21.03.59:449][908]LogPhysics: Warning: Scale for /Engine/Transient.World_3:PersistentLevel.BP_Alien_C_0.s has a component set to zero, which will result in a bad body instance. Scale:X=0.500 Y=0.000 Z=0.000
[2025.12.16-21.03.59:469][909]LogPhysics: Warning: Scale for /Engine/Transient.World_3:PersistentLevel.BP_Alien_C_0.s has a component set to zero, which will result in a bad body instance. Scale:X=0.500 Y=0.000 Z=0.000
[2025.12.16-21.03.59:673][920]LogPhysics: Warning: Scale for /Engine/Transient.World_3:PersistentLevel.BP_Alien_C_0.s has a component set to zero, which will result in a bad body instance. Scale:X=0.500 Y=0.000 Z=0.000
[2025.12.16-21.03.59:674][920]LogPhysics: Warning: Scale for /Game/Levels/Mars.Mars:PersistentLevel.BP_Alien_8.s has a component set to zero, which will result in a bad body instance. Scale:X=0.500 Y=0.000 Z=0.000
[2025.12.16-21.03.59:674][920]LogPhysics: Warning: Scale for /Engine/Transient.World_3:PersistentLevel.BP_Alien_C_0.s has a component set to zero, which will result in a bad body instance. Scale:X=0.500 Y=0.000 Z=0.000
[2025.12.16-21.03.59:695][921]LogPhysics: Warning: Scale for /Engine/Transient.World_3:PersistentLevel.BP_Alien_C_0.s has a component set to zero, which will result in a bad body instance. Scale:X=0.500 Y=0.000 Z=0.000
[2025.12.16-21.05.22:331][502]LogSlate: Prevented a slow task dialog from being summoned while a context menu was open
[2025.12.16-21.05.22:397][502]LogEditorClassViewer: Warning: Class /Engine/Tutorial/InWorldBlueprintEditing/TutorialAssets/IWBE_Blutility.IWBE_Blutility_C has parent /Script/Blutility.PlacedEditorUtilityBase, but this parent is not found. The Class will not be shown in ClassViewer.
[2025.12.16-21.06.13:815][660]BlueprintLog: New page: Compile BP_Alien
[2025.12.16-21.06.14:009][660]LogUObjectHash: Compacting FUObjectHashTables data took   9.25ms
[2025.12.16-21.06.19:559][967]Cmd: OBJ SAVEPACKAGE PACKAGE="/Game/Blueprints/AI/BP_Alien" FILE="../../../../../../Rzeczy/gry/rok 2/MARIN/03_MarsMarine 4.27 — kopia/03_MarsMarine 4.27/Content/Blueprints/AI/BP_Alien.uasset" SILENT=true
[2025.12.16-21.06.19:610][967]LogSavePackage: Moving '../../../../../../Rzeczy/gry/rok 2/MARIN/03_MarsMarine 4.27 — kopia/03_MarsMarine 4.27/Saved/BP_Alien6583911144033D5AB62D5CA356C8BC85.tmp' to '../../../../../../Rzeczy/gry/rok 2/MARIN/03_MarsMarine 4.27 — kopia/03_MarsMarine 4.27/Content/Blueprints/AI/BP_Alien.uasset'
[2025.12.16-21.06.19:705][967]AssetCheck: New page: Asset Save: BP_Alien
[2025.12.16-21.06.19:705][967]LogContentValidation: Display: Validating Blueprint /Game/Blueprints/AI/BP_Alien.BP_Alien
[2025.12.16-21.06.25:753][198]LogTemp: Repeating last play command: Selected Viewport
[2025.12.16-21.06.25:771][198]LogPlayLevel: PlayLevel: No blueprints needed recompiling
[2025.12.16-21.06.25:771][198]PIE: New page: PIE session: Mars (16 gru 2025, 23:06:25)
[2025.12.16-21.06.25:772][198]LogPlayLevel: Creating play world package: /Game/Levels/UEDPIE_0_Mars
[2025.12.16-21.06.25:850][198]LogPlayLevel: PIE: StaticDuplicateObject took: (0.078036s)
[2025.12.16-21.06.25:851][198]LogAIModule: Creating AISystem for world Mars
[2025.12.16-21.06.25:852][198]LogPlayLevel: PIE: World Init took: (0.002341s)
[2025.12.16-21.06.25:852][198]LogPlayLevel: PIE: Created PIE world by copying editor world from /Game/Levels/Mars.Mars to /Game/Levels/UEDPIE_0_Mars.Mars (0.080761s)
[2025.12.16-21.06.25:941][198]LogUObjectHash: Compacting FUObjectHashTables data took   9.58ms
[2025.12.16-21.06.25:949][198]LogAudio: Display: Creating Audio Device:                 Id: 3, Scope: Unique, Realtime: True
[2025.12.16-21.06.25:949][198]LogAudioMixer: Display: Audio Mixer Platform Settings:
[2025.12.16-21.06.25:949][198]LogAudioMixer: Display: 	Sample Rate:						  48000
[2025.12.16-21.06.25:949][198]LogAudioMixer: Display: 	Callback Buffer Frame Size Requested: 1024
[2025.12.16-21.06.25:949][198]LogAudioMixer: Display: 	Callback Buffer Frame Size To Use:	  1024
[2025.12.16-21.06.25:949][198]LogAudioMixer: Display: 	Number of buffers to queue:			  2
[2025.12.16-21.06.25:950][198]LogAudioMixer: Display: 	Max Channels (voices):				  32
[2025.12.16-21.06.25:950][198]LogAudioMixer: Display: 	Number of Async Source Workers:		  0
[2025.12.16-21.06.25:950][198]LogAudio: Display: AudioDevice MaxSources: 32
[2025.12.16-21.06.25:950][198]LogAudio: Display: Audio Spatialization Plugin: None (built-in).
[2025.12.16-21.06.25:950][198]LogAudio: Display: Audio Reverb Plugin: None (built-in).
[2025.12.16-21.06.25:950][198]LogAudio: Display: Audio Occlusion Plugin: None (built-in).
[2025.12.16-21.06.25:950][198]LogAudioMixer: Display: Initializing audio mixer.
[2025.12.16-21.06.25:964][198]LogAudioMixer: Display: 0: FrontLeft
[2025.12.16-21.06.25:964][198]LogAudioMixer: Display: 1: FrontRight
[2025.12.16-21.06.26:044][198]LogAudioMixer: Display: Using Audio Device Głośniki (Realtek(R) Audio)
[2025.12.16-21.06.26:045][198]LogAudioMixer: Display: Initializing Sound Submixes...
[2025.12.16-21.06.26:045][198]LogAudioMixer: Display: Creating Master Submix 'MasterSubmixDefault'
[2025.12.16-21.06.26:045][198]LogAudioMixer: Display: Creating Master Submix 'MasterReverbSubmixDefault'
[2025.12.16-21.06.26:046][198]LogAudioMixer: Display: Creating Master Submix 'MasterEQSubmixDefault'
[2025.12.16-21.06.26:046][198]LogAudioMixer: FMixerPlatformXAudio2::StartAudioStream() called
[2025.12.16-21.06.26:046][198]LogAudioMixer: Display: Output buffers initialized: Frames=1024, Channels=2, Samples=2048
[2025.12.16-21.06.26:047][198]LogAudioMixer: Display: Starting AudioMixerPlatformInterface::RunInternal()
[2025.12.16-21.06.26:047][198]LogAudioMixer: Display: FMixerPlatformXAudio2::SubmitBuffer() called for the first time
[2025.12.16-21.06.26:047][198]LogInit: FAudioDevice initialized.
[2025.12.16-21.06.26:047][198]LogAudio: Display: Audio Device (ID: 3) registered with world 'Mars'.
[2025.12.16-21.06.26:062][198]LogLoad: Game class is 'BP_MarsMarine_GameMode_C'
[2025.12.16-21.06.26:069][198]LogWorld: Bringing World /Game/Levels/UEDPIE_0_Mars.Mars up for play (max tick rate 60) at 2025.12.16-22.06.26
[2025.12.16-21.06.26:069][198]LogWorld: Bringing up level for play took: 0.005892
[2025.12.16-21.06.26:070][198]LogOnline: OSS: Creating online subsystem instance for: :Context_14
[2025.12.16-21.06.26:080][198]PIE: Server logged in
[2025.12.16-21.06.26:080][198]PIE: Play in editor total start time 0,311 seconds.
[2025.12.16-21.06.26:309][200]LogScript: Warning: Script Msg: Divide by zero detected: 0.000000 / 0
Script call stack:
	Function /Game/UI/W_Alienek.W_Alienek_C:GetPercent_0

[2025.12.16-21.06.26:337][201]LogScript: Warning: Script Msg: Divide by zero detected: 0.000000 / 0
Script call stack:
	Function /Game/UI/W_Alienek.W_Alienek_C:GetPercent_0

[2025.12.16-21.06.26:364][202]LogScript: Warning: Script Msg: Divide by zero detected: 0.000000 / 0
Script call stack:
	Function /Game/UI/W_Alienek.W_Alienek_C:GetPercent_0

[2025.12.16-21.06.26:387][203]LogScript: Warning: Script Msg: Divide by zero detected: 0.000000 / 0
Script call stack:
	Function /Game/UI/W_Alienek.W_Alienek_C:GetPercent_0

[2025.12.16-21.06.26:412][204]LogScript: Warning: Script Msg: Divide by zero detected: 0.000000 / 0
Script call stack:
	Function /Game/UI/W_Alienek.W_Alienek_C:GetPercent_0

[2025.12.16-21.06.26:434][205]LogScript: Warning: Script Msg: Divide by zero detected: 0.000000 / 0
Script call stack:
	Function /Game/UI/W_Alienek.W_Alienek_C:GetPercent_0

[2025.12.16-21.06.26:456][206]LogScript: Warning: Script Msg: Divide by zero detected: 0.000000 / 0
Script call stack:
	Function /Game/UI/W_Alienek.W_Alienek_C:GetPercent_0

[2025.12.16-21.06.26:478][207]LogScript: Warning: Script Msg: Divide by zero detected: 0.000000 / 0
Script call stack:
	Function /Game/UI/W_Alienek.W_Alienek_C:GetPercent_0

[2025.12.16-21.06.26:500][208]LogScript: Warning: Script Msg: Divide by zero detected: 0.000000 / 0
Script call stack:
	Function /Game/UI/W_Alienek.W_Alienek_C:GetPercent_0

[2025.12.16-21.06.26:522][209]LogScript: Warning: Script Msg: Divide by zero detected: 0.000000 / 0
Script call stack:
	Function /Game/UI/W_Alienek.W_Alienek_C:GetPercent_0

[2025.12.16-21.06.26:543][210]LogScript: Warning: Script Msg: Divide by zero detected: 0.000000 / 0
Script call stack:
	Function /Game/UI/W_Alienek.W_Alienek_C:GetPercent_0

[2025.12.16-21.06.26:563][211]LogScript: Warning: Script Msg: Divide by zero detected: 0.000000 / 0
Script call stack:
	Function /Game/UI/W_Alienek.W_Alienek_C:GetPercent_0

[2025.12.16-21.06.26:585][212]LogScript: Warning: Script Msg: Divide by zero detected: 0.000000 / 0
Script call stack:
	Function /Game/UI/W_Alienek.W_Alienek_C:GetPercent_0

[2025.12.16-21.06.26:606][213]LogScript: Warning: Script Msg: Divide by zero detected: 0.000000 / 0
Script call stack:
	Function /Game/UI/W_Alienek.W_Alienek_C:GetPercent_0

[2025.12.16-21.06.26:629][214]LogScript: Warning: Script Msg: Divide by zero detected: 0.000000 / 0
Script call stack:
	Function /Game/UI/W_Alienek.W_Alienek_C:GetPercent_0

[2025.12.16-21.06.26:648][215]LogScript: Warning: Script Msg: Divide by zero detected: 0.000000 / 0
Script call stack:
	Function /Game/UI/W_Alienek.W_Alienek_C:GetPercent_0

[2025.12.16-21.06.26:670][216]LogScript: Warning: Script Msg: Divide by zero detected: 0.000000 / 0
Script call stack:
	Function /Game/UI/W_Alienek.W_Alienek_C:GetPercent_0

[2025.12.16-21.06.26:692][217]LogScript: Warning: Script Msg: Divide by zero detected: 0.000000 / 0
Script call stack:
	Function /Game/UI/W_Alienek.W_Alienek_C:GetPercent_0

[2025.12.16-21.06.26:713][218]LogScript: Warning: Script Msg: Divide by zero detected: 0.000000 / 0
Script call stack:
	Function /Game/UI/W_Alienek.W_Alienek_C:GetPercent_0

[2025.12.16-21.06.26:735][219]LogScript: Warning: Script Msg: Divide by zero detected: 0.000000 / 0
Script call stack:
	Function /Game/UI/W_Alienek.W_Alienek_C:GetPercent_0

[2025.12.16-21.06.26:756][220]LogScript: Warning: Script Msg: Divide by zero detected: 0.000000 / 0
Script call stack:
	Function /Game/UI/W_Alienek.W_Alienek_C:GetPercent_0

[2025.12.16-21.06.26:778][221]LogScript: Warning: Script Msg: Divide by zero detected: 0.000000 / 0
Script call stack:
	Function /Game/UI/W_Alienek.W_Alienek_C:GetPercent_0

[2025.12.16-21.06.26:801][222]LogScript: Warning: Script Msg: Divide by zero detected: 0.000000 / 0
Script call stack:
	Function /Game/UI/W_Alienek.W_Alienek_C:GetPercent_0

[2025.12.16-21.06.26:822][223]LogScript: Warning: Script Msg: Divide by zero detected: 0.000000 / 0
Script call stack:
	Function /Game/UI/W_Alienek.W_Alienek_C:GetPercent_0

[2025.12.16-21.06.26:848][224]LogScript: Warning: Script Msg: Divide by zero detected: 0.000000 / 0
Script call stack:
	Function /Game/UI/W_Alienek.W_Alienek_C:GetPercent_0

[2025.12.16-21.06.26:870][225]LogScript: Warning: Script Msg: Divide by zero detected: 0.000000 / 0
Script call stack:
	Function /Game/UI/W_Alienek.W_Alienek_C:GetPercent_0

[2025.12.16-21.06.26:892][226]LogScript: Warning: Script Msg: Divide by zero detected: 0.000000 / 0
Script call stack:
	Function /Game/UI/W_Alienek.W_Alienek_C:GetPercent_0

[2025.12.16-21.06.26:912][227]LogScript: Warning: Script Msg: Divide by zero detected: 0.000000 / 0
Script call stack:
	Function /Game/UI/W_Alienek.W_Alienek_C:GetPercent_0

[2025.12.16-21.06.26:932][228]LogScript: Warning: Script Msg: Divide by zero detected: 0.000000 / 0
Script call stack:
	Function /Game/UI/W_Alienek.W_Alienek_C:GetPercent_0

[2025.12.16-21.06.26:953][229]LogScript: Warning: Script Msg: Divide by zero detected: 0.000000 / 0
Script call stack:
	Function /Game/UI/W_Alienek.W_Alienek_C:GetPercent_0

[2025.12.16-21.06.26:974][230]LogScript: Warning: Script Msg: Divide by zero detected: 0.000000 / 0
Script call stack:
	Function /Game/UI/W_Alienek.W_Alienek_C:GetPercent_0

[2025.12.16-21.06.26:994][231]LogScript: Warning: Script Msg: Divide by zero detected: 0.000000 / 0
Script call stack:
	Function /Game/UI/W_Alienek.W_Alienek_C:GetPercent_0

[2025.12.16-21.06.27:014][232]LogScript: Warning: Script Msg: Divide by zero detected: 0.000000 / 0
Script call stack:
	Function /Game/UI/W_Alienek.W_Alienek_C:GetPercent_0

[2025.12.16-21.06.27:035][233]LogScript: Warning: Script Msg: Divide by zero detected: 0.000000 / 0
Script call stack:
	Function /Game/UI/W_Alienek.W_Alienek_C:GetPercent_0

[2025.12.16-21.06.27:059][234]LogScript: Warning: Script Msg: Divide by zero detected: 0.000000 / 0
Script call stack:
	Function /Game/UI/W_Alienek.W_Alienek_C:GetPercent_0

[2025.12.16-21.06.27:081][235]LogScript: Warning: Script Msg: Divide by zero detected: 0.000000 / 0
Script call stack:
	Function /Game/UI/W_Alienek.W_Alienek_C:GetPercent_0

[2025.12.16-21.06.27:102][236]LogScript: Warning: Script Msg: Divide by zero detected: 0.000000 / 0
Script call stack:
	Function /Game/UI/W_Alienek.W_Alienek_C:GetPercent_0

[2025.12.16-21.06.27:123][237]LogScript: Warning: Script Msg: Divide by zero detected: 0.000000 / 0
Script call stack:
	Function /Game/UI/W_Alienek.W_Alienek_C:GetPercent_0

[2025.12.16-21.06.27:142][238]LogScript: Warning: Script Msg: Divide by zero detected: 0.000000 / 0
Script call stack:
	Function /Game/UI/W_Alienek.W_Alienek_C:GetPercent_0

[2025.12.16-21.06.27:163][239]LogScript: Warning: Script Msg: Divide by zero detected: 0.000000 / 0
Script call stack:
	Function /Game/UI/W_Alienek.W_Alienek_C:GetPercent_0

[2025.12.16-21.06.27:184][240]LogScript: Warning: Script Msg: Divide by zero detected: 0.000000 / 0
Script call stack:
	Function /Game/UI/W_Alienek.W_Alienek_C:GetPercent_0

[2025.12.16-21.06.27:205][241]LogScript: Warning: Script Msg: Divide by zero detected: 0.000000 / 0
Script call stack:
	Function /Game/UI/W_Alienek.W_Alienek_C:GetPercent_0

[2025.12.16-21.06.27:225][242]LogScript: Warning: Script Msg: Divide by zero detected: 0.000000 / 0
Script call stack:
	Function /Game/UI/W_Alienek.W_Alienek_C:GetPercent_0

[2025.12.16-21.06.27:244][243]LogScript: Warning: Script Msg: Divide by zero detected: 0.000000 / 0
Script call stack:
	Function /Game/UI/W_Alienek.W_Alienek_C:GetPercent_0

[2025.12.16-21.06.27:263][244]LogScript: Warning: Script Msg: Divide by zero detected: 0.000000 / 0
Script call stack:
	Function /Game/UI/W_Alienek.W_Alienek_C:GetPercent_0

[2025.12.16-21.06.27:286][245]LogScript: Warning: Script Msg: Divide by zero detected: 0.000000 / 0
Script call stack:
	Function /Game/UI/W_Alienek.W_Alienek_C:GetPercent_0

[2025.12.16-21.06.27:305][246]LogScript: Warning: Script Msg: Divide by zero detected: 0.000000 / 0
Script call stack:
	Function /Game/UI/W_Alienek.W_Alienek_C:GetPercent_0

[2025.12.16-21.06.27:324][247]LogScript: Warning: Script Msg: Divide by zero detected: 0.000000 / 0
Script call stack:
	Function /Game/UI/W_Alienek.W_Alienek_C:GetPercent_0

[2025.12.16-21.06.27:343][248]LogScript: Warning: Script Msg: Divide by zero detected: 0.000000 / 0
Script call stack:
	Function /Game/UI/W_Alienek.W_Alienek_C:GetPercent_0

[2025.12.16-21.06.27:361][249]LogScript: Warning: Script Msg: Divide by zero detected: 0.000000 / 0
Script call stack:
	Function /Game/UI/W_Alienek.W_Alienek_C:GetPercent_0

[2025.12.16-21.06.27:379][250]LogScript: Warning: Script Msg: Divide by zero detected: 0.000000 / 0
Script call stack:
	Function /Game/UI/W_Alienek.W_Alienek_C:GetPercent_0

[2025.12.16-21.06.27:397][251]LogScript: Warning: Script Msg: Divide by zero detected: 0.000000 / 0
Script call stack:
	Function /Game/UI/W_Alienek.W_Alienek_C:GetPercent_0

[2025.12.16-21.06.27:414][252]LogScript: Warning: Script Msg: Divide by zero detected: 0.000000 / 0
Script call stack:
	Function /Game/UI/W_Alienek.W_Alienek_C:GetPercent_0

[2025.12.16-21.06.27:432][253]LogScript: Warning: Script Msg: Divide by zero detected: 0.000000 / 0
Script call stack:
	Function /Game/UI/W_Alienek.W_Alienek_C:GetPercent_0

[2025.12.16-21.06.27:451][254]LogScript: Warning: Script Msg: Divide by zero detected: 0.000000 / 0
Script call stack:
	Function /Game/UI/W_Alienek.W_Alienek_C:GetPercent_0

[2025.12.16-21.06.27:470][255]LogScript: Warning: Script Msg: Divide by zero detected: 0.000000 / 0
Script call stack:
	Function /Game/UI/W_Alienek.W_Alienek_C:GetPercent_0

[2025.12.16-21.06.27:489][256]LogScript: Warning: Script Msg: Divide by zero detected: 0.000000 / 0
Script call stack:
	Function /Game/UI/W_Alienek.W_Alienek_C:GetPercent_0

[2025.12.16-21.06.27:509][257]LogScript: Warning: Script Msg: Divide by zero detected: 0.000000 / 0
Script call stack:
	Function /Game/UI/W_Alienek.W_Alienek_C:GetPercent_0

[2025.12.16-21.06.27:544][258]LogScript: Warning: Script Msg: Divide by zero detected: 0.000000 / 0
Script call stack:
	Function /Game/UI/W_Alienek.W_Alienek_C:GetPercent_0

[2025.12.16-21.06.27:566][259]LogScript: Warning: Script Msg: Divide by zero detected: 0.000000 / 0
Script call stack:
	Function /Game/UI/W_Alienek.W_Alienek_C:GetPercent_0

[2025.12.16-21.06.27:589][260]LogScript: Warning: Script Msg: Divide by zero detected: 0.000000 / 0
Script call stack:
	Function /Game/UI/W_Alienek.W_Alienek_C:GetPercent_0

[2025.12.16-21.06.27:612][261]LogScript: Warning: Script Msg: Divide by zero detected: 0.000000 / 0
Script call stack:
	Function /Game/UI/W_Alienek.W_Alienek_C:GetPercent_0

[2025.12.16-21.06.27:634][262]LogScript: Warning: Script Msg: Divide by zero detected: 0.000000 / 0
Script call stack:
	Function /Game/UI/W_Alienek.W_Alienek_C:GetPercent_0

[2025.12.16-21.06.27:657][263]LogScript: Warning: Script Msg: Divide by zero detected: 0.000000 / 0
Script call stack:
	Function /Game/UI/W_Alienek.W_Alienek_C:GetPercent_0

[2025.12.16-21.06.27:679][264]LogScript: Warning: Script Msg: Divide by zero detected: 0.000000 / 0
Script call stack:
	Function /Game/UI/W_Alienek.W_Alienek_C:GetPercent_0

[2025.12.16-21.06.27:696][265]LogScript: Warning: Script Msg: Divide by zero detected: 0.000000 / 0
Script call stack:
	Function /Game/UI/W_Alienek.W_Alienek_C:GetPercent_0

[2025.12.16-21.06.27:713][266]LogScript: Warning: Script Msg: Divide by zero detected: 0.000000 / 0
Script call stack:
	Function /Game/UI/W_Alienek.W_Alienek_C:GetPercent_0

[2025.12.16-21.06.27:733][267]LogScript: Warning: Script Msg: Divide by zero detected: 0.000000 / 0
Script call stack:
	Function /Game/UI/W_Alienek.W_Alienek_C:GetPercent_0

[2025.12.16-21.06.27:751][268]LogScript: Warning: Script Msg: Divide by zero detected: 0.000000 / 0
Script call stack:
	Function /Game/UI/W_Alienek.W_Alienek_C:GetPercent_0

[2025.12.16-21.06.27:766][269]LogScript: Warning: Script Msg: Divide by zero detected: 0.000000 / 0
Script call stack:
	Function /Game/UI/W_Alienek.W_Alienek_C:GetPercent_0

[2025.12.16-21.06.27:785][270]LogScript: Warning: Script Msg: Divide by zero detected: 0.000000 / 0
Script call stack:
	Function /Game/UI/W_Alienek.W_Alienek_C:GetPercent_0

[2025.12.16-21.06.27:806][271]LogScript: Warning: Script Msg: Divide by zero detected: 0.000000 / 0
Script call stack:
	Function /Game/UI/W_Alienek.W_Alienek_C:GetPercent_0

[2025.12.16-21.06.27:826][272]LogScript: Warning: Script Msg: Divide by zero detected: 0.000000 / 0
Script call stack:
	Function /Game/UI/W_Alienek.W_Alienek_C:GetPercent_0

[2025.12.16-21.06.27:846][273]LogScript: Warning: Script Msg: Divide by zero detected: 0.000000 / 0
Script call stack:
	Function /Game/UI/W_Alienek.W_Alienek_C:GetPercent_0

[2025.12.16-21.06.27:867][274]LogScript: Warning: Script Msg: Divide by zero detected: 0.000000 / 0
Script call stack:
	Function /Game/UI/W_Alienek.W_Alienek_C:GetPercent_0

[2025.12.16-21.06.27:887][275]LogScript: Warning: Script Msg: Divide by zero detected: 0.000000 / 0
Script call stack:
	Function /Game/UI/W_Alienek.W_Alienek_C:GetPercent_0

[2025.12.16-21.06.27:903][276]LogScript: Warning: Script Msg: Divide by zero detected: 0.000000 / 0
Script call stack:
	Function /Game/UI/W_Alienek.W_Alienek_C:GetPercent_0

[2025.12.16-21.06.27:921][277]LogScript: Warning: Script Msg: Divide by zero detected: 0.000000 / 0
Script call stack:
	Function /Game/UI/W_Alienek.W_Alienek_C:GetPercent_0

[2025.12.16-21.06.27:939][278]LogScript: Warning: Script Msg: Divide by zero detected: 0.000000 / 0
Script call stack:
	Function /Game/UI/W_Alienek.W_Alienek_C:GetPercent_0

[2025.12.16-21.06.27:957][279]LogScript: Warning: Script Msg: Divide by zero detected: 0.000000 / 0
Script call stack:
	Function /Game/UI/W_Alienek.W_Alienek_C:GetPercent_0

[2025.12.16-21.06.27:974][280]LogScript: Warning: Script Msg: Divide by zero detected: 0.000000 / 0
Script call stack:
	Function /Game/UI/W_Alienek.W_Alienek_C:GetPercent_0

[2025.12.16-21.06.27:993][281]LogScript: Warning: Script Msg: Divide by zero detected: 0.000000 / 0
Script call stack:
	Function /Game/UI/W_Alienek.W_Alienek_C:GetPercent_0

[2025.12.16-21.06.28:014][282]LogScript: Warning: Script Msg: Divide by zero detected: 0.000000 / 0
Script call stack:
	Function /Game/UI/W_Alienek.W_Alienek_C:GetPercent_0

[2025.12.16-21.06.28:036][283]LogScript: Warning: Script Msg: Divide by zero detected: 0.000000 / 0
Script call stack:
	Function /Game/UI/W_Alienek.W_Alienek_C:GetPercent_0

[2025.12.16-21.06.28:056][284]LogScript: Warning: Script Msg: Divide by zero detected: 0.000000 / 0
Script call stack:
	Function /Game/UI/W_Alienek.W_Alienek_C:GetPercent_0

[2025.12.16-21.06.28:077][285]LogScript: Warning: Script Msg: Divide by zero detected: 0.000000 / 0
Script call stack:
	Function /Game/UI/W_Alienek.W_Alienek_C:GetPercent_0

[2025.12.16-21.06.28:097][286]LogScript: Warning: Script Msg: Divide by zero detected: 0.000000 / 0
Script call stack:
	Function /Game/UI/W_Alienek.W_Alienek_C:GetPercent_0

[2025.12.16-21.06.28:118][287]LogScript: Warning: Script Msg: Divide by zero detected: 0.000000 / 0
Script call stack:
	Function /Game/UI/W_Alienek.W_Alienek_C:GetPercent_0

[2025.12.16-21.06.28:140][288]LogScript: Warning: Script Msg: Divide by zero detected: 0.000000 / 0
Script call stack:
	Function /Game/UI/W_Alienek.W_Alienek_C:GetPercent_0

[2025.12.16-21.06.28:161][289]LogScript: Warning: Script Msg: Divide by zero detected: 0.000000 / 0
Script call stack:
	Function /Game/UI/W_Alienek.W_Alienek_C:GetPercent_0

[2025.12.16-21.06.28:183][290]LogScript: Warning: Script Msg: Divide by zero detected: 0.000000 / 0
Script call stack:
	Function /Game/UI/W_Alienek.W_Alienek_C:GetPercent_0

[2025.12.16-21.06.28:202][291]LogScript: Warning: Script Msg: Divide by zero detected: 0.000000 / 0
Script call stack:
	Function /Game/UI/W_Alienek.W_Alienek_C:GetPercent_0

[2025.12.16-21.06.28:225][292]LogScript: Warning: Script Msg: Divide by zero detected: 0.000000 / 0
Script call stack:
	Function /Game/UI/W_Alienek.W_Alienek_C:GetPercent_0

[2025.12.16-21.06.28:249][293]LogScript: Warning: Script Msg: Divide by zero detected: 0.000000 / 0
Script call stack:
	Function /Game/UI/W_Alienek.W_Alienek_C:GetPercent_0

[2025.12.16-21.06.28:274][294]LogScript: Warning: Script Msg: Divide by zero detected: 0.000000 / 0
Script call stack:
	Function /Game/UI/W_Alienek.W_Alienek_C:GetPercent_0

[2025.12.16-21.06.28:295][295]LogScript: Warning: Script Msg: Divide by zero detected: 0.000000 / 0
Script call stack:
	Function /Game/UI/W_Alienek.W_Alienek_C:GetPercent_0

[2025.12.16-21.06.28:317][296]LogScript: Warning: Script Msg: Divide by zero detected: 0.000000 / 0
Script call stack:
	Function /Game/UI/W_Alienek.W_Alienek_C:GetPercent_0

[2025.12.16-21.06.28:338][297]LogScript: Warning: Script Msg: Divide by zero detected: 0.000000 / 0
Script call stack:
	Function /Game/UI/W_Alienek.W_Alienek_C:GetPercent_0

[2025.12.16-21.06.28:361][298]LogScript: Warning: Script Msg: Divide by zero detected: 0.000000 / 0
Script call stack:
	Function /Game/UI/W_Alienek.W_Alienek_C:GetPercent_0

[2025.12.16-21.06.28:381][299]LogScript: Warning: Script Msg: Divide by zero detected: 0.000000 / 0
Script call stack:
	Function /Game/UI/W_Alienek.W_Alienek_C:GetPercent_0

[2025.12.16-21.06.28:398][300]LogScript: Warning: Script Msg: Divide by zero detected: 0.000000 / 0
Script call stack:
	Function /Game/UI/W_Alienek.W_Alienek_C:GetPercent_0

[2025.12.16-21.06.28:414][301]LogScript: Warning: Script Msg: Divide by zero detected: 0.000000 / 0
Script call stack:
	Function /Game/UI/W_Alienek.W_Alienek_C:GetPercent_0

[2025.12.16-21.06.28:441][302]LogScript: Warning: Script Msg: Divide by zero detected: 0.000000 / 0
Script call stack:
	Function /Game/UI/W_Alienek.W_Alienek_C:GetPercent_0

[2025.12.16-21.06.28:464][303]LogScript: Warning: Script Msg: Divide by zero detected: 0.000000 / 0
Script call stack:
	Function /Game/UI/W_Alienek.W_Alienek_C:GetPercent_0

[2025.12.16-21.06.28:481][304]LogScript: Warning: Script Msg: Divide by zero detected: 0.000000 / 0
Script call stack:
	Function /Game/UI/W_Alienek.W_Alienek_C:GetPercent_0

[2025.12.16-21.06.28:497][305]LogScript: Warning: Script Msg: Divide by zero detected: 0.000000 / 0
Script call stack:
	Function /Game/UI/W_Alienek.W_Alienek_C:GetPercent_0

[2025.12.16-21.06.28:514][306]LogScript: Warning: Script Msg: Divide by zero detected: 0.000000 / 0
Script call stack:
	Function /Game/UI/W_Alienek.W_Alienek_C:GetPercent_0

[2025.12.16-21.06.28:531][307]LogScript: Warning: Script Msg: Divide by zero detected: 0.000000 / 0
Script call stack:
	Function /Game/UI/W_Alienek.W_Alienek_C:GetPercent_0

[2025.12.16-21.06.28:547][308]LogScript: Warning: Script Msg: Divide by zero detected: 0.000000 / 0
Script call stack:
	Function /Game/UI/W_Alienek.W_Alienek_C:GetPercent_0

[2025.12.16-21.06.28:564][309]LogScript: Warning: Script Msg: Divide by zero detected: 0.000000 / 0
Script call stack:
	Function /Game/UI/W_Alienek.W_Alienek_C:GetPercent_0

[2025.12.16-21.06.28:581][310]LogScript: Warning: Script Msg: Divide by zero detected: 0.000000 / 0
Script call stack:
	Function /Game/UI/W_Alienek.W_Alienek_C:GetPercent_0

[2025.12.16-21.06.28:600][311]LogScript: Warning: Script Msg: Divide by zero detected: 0.000000 / 0
Script call stack:
	Function /Game/UI/W_Alienek.W_Alienek_C:GetPercent_0

[2025.12.16-21.06.28:620][312]LogScript: Warning: Script Msg: Divide by zero detected: 0.000000 / 0
Script call stack:
	Function /Game/UI/W_Alienek.W_Alienek_C:GetPercent_0

[2025.12.16-21.06.28:640][313]LogScript: Warning: Script Msg: Divide by zero detected: 0.000000 / 0
Script call stack:
	Function /Game/UI/W_Alienek.W_Alienek_C:GetPercent_0

[2025.12.16-21.06.28:663][314]LogScript: Warning: Script Msg: Divide by zero detected: 0.000000 / 0
Script call stack:
	Function /Game/UI/W_Alienek.W_Alienek_C:GetPercent_0

[2025.12.16-21.06.28:684][315]LogScript: Warning: Script Msg: Divide by zero detected: 0.000000 / 0
Script call stack:
	Function /Game/UI/W_Alienek.W_Alienek_C:GetPercent_0

[2025.12.16-21.06.28:705][316]LogScript: Warning: Script Msg: Divide by zero detected: 0.000000 / 0
Script call stack:
	Function /Game/UI/W_Alienek.W_Alienek_C:GetPercent_0

[2025.12.16-21.06.28:722][317]LogScript: Warning: Script Msg: Divide by zero detected: 0.000000 / 0
Script call stack:
	Function /Game/UI/W_Alienek.W_Alienek_C:GetPercent_0

[2025.12.16-21.06.28:739][318]LogScript: Warning: Script Msg: Divide by zero detected: 0.000000 / 0
Script call stack:
	Function /Game/UI/W_Alienek.W_Alienek_C:GetPercent_0

[2025.12.16-21.06.28:757][319]LogScript: Warning: Script Msg: Divide by zero detected: 0.000000 / 0
Script call stack:
	Function /Game/UI/W_Alienek.W_Alienek_C:GetPercent_0

[2025.12.16-21.06.28:774][320]LogScript: Warning: Script Msg: Divide by zero detected: 0.000000 / 0
Script call stack:
	Function /Game/UI/W_Alienek.W_Alienek_C:GetPercent_0

[2025.12.16-21.06.28:792][321]LogScript: Warning: Script Msg: Divide by zero detected: 0.000000 / 0
Script call stack:
	Function /Game/UI/W_Alienek.W_Alienek_C:GetPercent_0

[2025.12.16-21.06.28:814][322]LogScript: Warning: Script Msg: Divide by zero detected: 0.000000 / 0
Script call stack:
	Function /Game/UI/W_Alienek.W_Alienek_C:GetPercent_0

[2025.12.16-21.06.28:835][323]LogScript: Warning: Script Msg: Divide by zero detected: 0.000000 / 0
Script call stack:
	Function /Game/UI/W_Alienek.W_Alienek_C:GetPercent_0

[2025.12.16-21.06.28:855][324]LogScript: Warning: Script Msg: Divide by zero detected: 0.000000 / 0
Script call stack:
	Function /Game/UI/W_Alienek.W_Alienek_C:GetPercent_0

[2025.12.16-21.06.28:876][325]LogScript: Warning: Script Msg: Divide by zero detected: 0.000000 / 0
Script call stack:
	Function /Game/UI/W_Alienek.W_Alienek_C:GetPercent_0

[2025.12.16-21.06.28:897][326]LogScript: Warning: Script Msg: Divide by zero detected: 0.000000 / 0
Script call stack:
	Function /Game/UI/W_Alienek.W_Alienek_C:GetPercent_0

[2025.12.16-21.06.28:919][327]LogScript: Warning: Script Msg: Divide by zero detected: 0.000000 / 0
Script call stack:
	Function /Game/UI/W_Alienek.W_Alienek_C:GetPercent_0

[2025.12.16-21.06.28:939][328]LogScript: Warning: Script Msg: Divide by zero detected: 0.000000 / 0
Script call stack:
	Function /Game/UI/W_Alienek.W_Alienek_C:GetPercent_0

[2025.12.16-21.06.28:960][329]LogScript: Warning: Script Msg: Divide by zero detected: 0.000000 / 0
Script call stack:
	Function /Game/UI/W_Alienek.W_Alienek_C:GetPercent_0

[2025.12.16-21.06.28:980][330]LogScript: Warning: Script Msg: Divide by zero detected: 0.000000 / 0
Script call stack:
	Function /Game/UI/W_Alienek.W_Alienek_C:GetPercent_0

[2025.12.16-21.06.29:003][331]LogScript: Warning: Script Msg: Divide by zero detected: 0.000000 / 0
Script call stack:
	Function /Game/UI/W_Alienek.W_Alienek_C:GetPercent_0

[2025.12.16-21.06.29:024][332]LogScript: Warning: Script Msg: Divide by zero detected: 0.000000 / 0
Script call stack:
	Function /Game/UI/W_Alienek.W_Alienek_C:GetPercent_0

[2025.12.16-21.06.29:048][333]LogScript: Warning: Script Msg: Divide by zero detected: 0.000000 / 0
Script call stack:
	Function /Game/UI/W_Alienek.W_Alienek_C:GetPercent_0

[2025.12.16-21.06.29:067][334]LogScript: Warning: Script Msg: Divide by zero detected: 0.000000 / 0
Script call stack:
	Function /Game/UI/W_Alienek.W_Alienek_C:GetPercent_0

[2025.12.16-21.06.29:085][335]LogScript: Warning: Script Msg: Divide by zero detected: 0.000000 / 0
Script call stack:
	Function /Game/UI/W_Alienek.W_Alienek_C:GetPercent_0

[2025.12.16-21.06.29:107][336]LogScript: Warning: Script Msg: Divide by zero detected: 0.000000 / 0
Script call stack:
	Function /Game/UI/W_Alienek.W_Alienek_C:GetPercent_0

[2025.12.16-21.06.29:123][337]LogScript: Warning: Script Msg: Divide by zero detected: 0.000000 / 0
Script call stack:
	Function /Game/UI/W_Alienek.W_Alienek_C:GetPercent_0

[2025.12.16-21.06.29:143][338]LogScript: Warning: Script Msg: Divide by zero detected: 0.000000 / 0
Script call stack:
	Function /Game/UI/W_Alienek.W_Alienek_C:GetPercent_0

[2025.12.16-21.06.29:167][339]LogScript: Warning: Script Msg: Divide by zero detected: 0.000000 / 0
Script call stack:
	Function /Game/UI/W_Alienek.W_Alienek_C:GetPercent_0

[2025.12.16-21.06.29:187][340]LogScript: Warning: Script Msg: Divide by zero detected: 0.000000 / 0
Script call stack:
	Function /Game/UI/W_Alienek.W_Alienek_C:GetPercent_0

[2025.12.16-21.06.29:210][341]LogScript: Warning: Script Msg: Divide by zero detected: 0.000000 / 0
Script call stack:
	Function /Game/UI/W_Alienek.W_Alienek_C:GetPercent_0

[2025.12.16-21.06.29:231][342]LogScript: Warning: Script Msg: Divide by zero detected: 0.000000 / 0
Script call stack:
	Function /Game/UI/W_Alienek.W_Alienek_C:GetPercent_0

[2025.12.16-21.06.29:257][343]LogScript: Warning: Script Msg: Divide by zero detected: 0.000000 / 0
Script call stack:
	Function /Game/UI/W_Alienek.W_Alienek_C:GetPercent_0

[2025.12.16-21.06.29:279][344]LogScript: Warning: Script Msg: Divide by zero detected: 0.000000 / 0
Script call stack:
	Function /Game/UI/W_Alienek.W_Alienek_C:GetPercent_0

[2025.12.16-21.06.29:299][345]LogScript: Warning: Script Msg: Divide by zero detected: 0.000000 / 0
Script call stack:
	Function /Game/UI/W_Alienek.W_Alienek_C:GetPercent_0

[2025.12.16-21.06.29:319][346]LogScript: Warning: Script Msg: Divide by zero detected: 0.000000 / 0
Script call stack:
	Function /Game/UI/W_Alienek.W_Alienek_C:GetPercent_0

[2025.12.16-21.06.29:339][347]LogScript: Warning: Script Msg: Divide by zero detected: 0.000000 / 0
Script call stack:
	Function /Game/UI/W_Alienek.W_Alienek_C:GetPercent_0

[2025.12.16-21.06.29:358][348]LogScript: Warning: Script Msg: Divide by zero detected: 0.000000 / 0
Script call stack:
	Function /Game/UI/W_Alienek.W_Alienek_C:GetPercent_0

[2025.12.16-21.06.29:376][349]LogScript: Warning: Script Msg: Divide by zero detected: 0.000000 / 0
Script call stack:
	Function /Game/UI/W_Alienek.W_Alienek_C:GetPercent_0

[2025.12.16-21.06.29:397][350]LogScript: Warning: Script Msg: Divide by zero detected: 0.000000 / 0
Script call stack:
	Function /Game/UI/W_Alienek.W_Alienek_C:GetPercent_0

[2025.12.16-21.06.29:416][351]LogScript: Warning: Script Msg: Divide by zero detected: 0.000000 / 0
Script call stack:
	Function /Game/UI/W_Alienek.W_Alienek_C:GetPercent_0

[2025.12.16-21.06.29:435][352]LogScript: Warning: Script Msg: Divide by zero detected: 0.000000 / 0
Script call stack:
	Function /Game/UI/W_Alienek.W_Alienek_C:GetPercent_0

[2025.12.16-21.06.29:453][353]LogScript: Warning: Script Msg: Divide by zero detected: 0.000000 / 0
Script call stack:
	Function /Game/UI/W_Alienek.W_Alienek_C:GetPercent_0

[2025.12.16-21.06.29:474][354]LogScript: Warning: Script Msg: Divide by zero detected: 0.000000 / 0
Script call stack:
	Function /Game/UI/W_Alienek.W_Alienek_C:GetPercent_0

[2025.12.16-21.06.29:491][355]LogScript: Warning: Script Msg: Divide by zero detected: 0.000000 / 0
Script call stack:
	Function /Game/UI/W_Alienek.W_Alienek_C:GetPercent_0

[2025.12.16-21.06.29:514][356]LogScript: Warning: Script Msg: Divide by zero detected: 0.000000 / 0
Script call stack:
	Function /Game/UI/W_Alienek.W_Alienek_C:GetPercent_0

[2025.12.16-21.06.29:534][357]LogScript: Warning: Script Msg: Divide by zero detected: 0.000000 / 0
Script call stack:
	Function /Game/UI/W_Alienek.W_Alienek_C:GetPercent_0

[2025.12.16-21.06.29:555][358]LogScript: Warning: Script Msg: Divide by zero detected: 0.000000 / 0
Script call stack:
	Function /Game/UI/W_Alienek.W_Alienek_C:GetPercent_0

[2025.12.16-21.06.29:578][359]LogScript: Warning: Script Msg: Divide by zero detected: 0.000000 / 0
Script call stack:
	Function /Game/UI/W_Alienek.W_Alienek_C:GetPercent_0

[2025.12.16-21.06.29:597][360]LogScript: Warning: Script Msg: Divide by zero detected: 0.000000 / 0
Script call stack:
	Function /Game/UI/W_Alienek.W_Alienek_C:GetPercent_0

[2025.12.16-21.06.29:618][361]LogScript: Warning: Script Msg: Divide by zero detected: 0.000000 / 0
Script call stack:
	Function /Game/UI/W_Alienek.W_Alienek_C:GetPercent_0

[2025.12.16-21.06.29:637][362]LogScript: Warning: Script Msg: Divide by zero detected: 0.000000 / 0
Script call stack:
	Function /Game/UI/W_Alienek.W_Alienek_C:GetPercent_0

[2025.12.16-21.06.29:657][363]LogScript: Warning: Script Msg: Divide by zero detected: 0.000000 / 0
Script call stack:
	Function /Game/UI/W_Alienek.W_Alienek_C:GetPercent_0

[2025.12.16-21.06.29:676][364]LogScript: Warning: Script Msg: Divide by zero detected: 0.000000 / 0
Script call stack:
	Function /Game/UI/W_Alienek.W_Alienek_C:GetPercent_0

[2025.12.16-21.06.29:696][365]LogScript: Warning: Script Msg: Divide by zero detected: 0.000000 / 0
Script call stack:
	Function /Game/UI/W_Alienek.W_Alienek_C:GetPercent_0

[2025.12.16-21.06.29:717][366]LogScript: Warning: Script Msg: Divide by zero detected: 0.000000 / 0
Script call stack:
	Function /Game/UI/W_Alienek.W_Alienek_C:GetPercent_0

[2025.12.16-21.06.29:736][367]LogScript: Warning: Script Msg: Divide by zero detected: 0.000000 / 0
Script call stack:
	Function /Game/UI/W_Alienek.W_Alienek_C:GetPercent_0

[2025.12.16-21.06.29:757][368]LogScript: Warning: Script Msg: Divide by zero detected: 0.000000 / 0
Script call stack:
	Function /Game/UI/W_Alienek.W_Alienek_C:GetPercent_0

[2025.12.16-21.06.29:779][369]LogScript: Warning: Script Msg: Divide by zero detected: 0.000000 / 0
Script call stack:
	Function /Game/UI/W_Alienek.W_Alienek_C:GetPercent_0

[2025.12.16-21.06.29:799][370]LogScript: Warning: Script Msg: Divide by zero detected: 0.000000 / 0
Script call stack:
	Function /Game/UI/W_Alienek.W_Alienek_C:GetPercent_0

[2025.12.16-21.06.29:822][371]LogScript: Warning: Script Msg: Divide by zero detected: 0.000000 / 0
Script call stack:
	Function /Game/UI/W_Alienek.W_Alienek_C:GetPercent_0

[2025.12.16-21.06.29:843][372]LogScript: Warning: Script Msg: Divide by zero detected: 0.000000 / 0
Script call stack:
	Function /Game/UI/W_Alienek.W_Alienek_C:GetPercent_0

[2025.12.16-21.06.29:873][373]LogScript: Warning: Script Msg: Divide by zero detected: 0.000000 / 0
Script call stack:
	Function /Game/UI/W_Alienek.W_Alienek_C:GetPercent_0

[2025.12.16-21.06.29:888][374]LogScript: Warning: Script Msg: Divide by zero detected: 0.000000 / 0
Script call stack:
	Function /Game/UI/W_Alienek.W_Alienek_C:GetPercent_0

[2025.12.16-21.06.29:905][375]LogScript: Warning: Script Msg: Divide by zero detected: 0.000000 / 0
Script call stack:
	Function /Game/UI/W_Alienek.W_Alienek_C:GetPercent_0

[2025.12.16-21.06.29:921][376]LogScript: Warning: Script Msg: Divide by zero detected: 0.000000 / 0
Script call stack:
	Function /Game/UI/W_Alienek.W_Alienek_C:GetPercent_0

[2025.12.16-21.06.29:940][377]LogScript: Warning: Script Msg: Divide by zero detected: 0.000000 / 0
Script call stack:
	Function /Game/UI/W_Alienek.W_Alienek_C:GetPercent_0

[2025.12.16-21.06.29:959][378]LogScript: Warning: Script Msg: Divide by zero detected: 0.000000 / 0
Script call stack:
	Function /Game/UI/W_Alienek.W_Alienek_C:GetPercent_0

[2025.12.16-21.06.29:977][379]LogScript: Warning: Script Msg: Divide by zero detected: 0.000000 / 0
Script call stack:
	Function /Game/UI/W_Alienek.W_Alienek_C:GetPercent_0

[2025.12.16-21.06.29:997][380]LogScript: Warning: Script Msg: Divide by zero detected: 0.000000 / 0
Script call stack:
	Function /Game/UI/W_Alienek.W_Alienek_C:GetPercent_0

[2025.12.16-21.06.30:020][381]LogScript: Warning: Script Msg: Divide by zero detected: 0.000000 / 0
Script call stack:
	Function /Game/UI/W_Alienek.W_Alienek_C:GetPercent_0

[2025.12.16-21.06.30:041][382]LogScript: Warning: Script Msg: Divide by zero detected: 0.000000 / 0
Script call stack:
	Function /Game/UI/W_Alienek.W_Alienek_C:GetPercent_0

[2025.12.16-21.06.30:062][383]LogScript: Warning: Script Msg: Divide by zero detected: 0.000000 / 0
Script call stack:
	Function /Game/UI/W_Alienek.W_Alienek_C:GetPercent_0

[2025.12.16-21.06.30:086][384]LogScript: Warning: Script Msg: Divide by zero detected: 0.000000 / 0
Script call stack:
	Function /Game/UI/W_Alienek.W_Alienek_C:GetPercent_0

[2025.12.16-21.06.30:106][385]LogScript: Warning: Script Msg: Divide by zero detected: 0.000000 / 0
Script call stack:
	Function /Game/UI/W_Alienek.W_Alienek_C:GetPercent_0

[2025.12.16-21.06.30:129][386]LogScript: Warning: Script Msg: Divide by zero detected: 0.000000 / 0
Script call stack:
	Function /Game/UI/W_Alienek.W_Alienek_C:GetPercent_0

[2025.12.16-21.06.30:152][387]LogScript: Warning: Script Msg: Divide by zero detected: 0.000000 / 0
Script call stack:
	Function /Game/UI/W_Alienek.W_Alienek_C:GetPercent_0

[2025.12.16-21.06.30:174][388]LogScript: Warning: Script Msg: Divide by zero detected: 0.000000 / 0
Script call stack:
	Function /Game/UI/W_Alienek.W_Alienek_C:GetPercent_0

[2025.12.16-21.06.30:198][389]LogScript: Warning: Script Msg: Divide by zero detected: 0.000000 / 0
Script call stack:
	Function /Game/UI/W_Alienek.W_Alienek_C:GetPercent_0

[2025.12.16-21.06.30:221][390]LogScript: Warning: Script Msg: Divide by zero detected: 0.000000 / 0
Script call stack:
	Function /Game/UI/W_Alienek.W_Alienek_C:GetPercent_0

[2025.12.16-21.06.30:245][391]LogScript: Warning: Script Msg: Divide by zero detected: 0.000000 / 0
Script call stack:
	Function /Game/UI/W_Alienek.W_Alienek_C:GetPercent_0

[2025.12.16-21.06.30:269][392]LogScript: Warning: Script Msg: Divide by zero detected: 0.000000 / 0
Script call stack:
	Function /Game/UI/W_Alienek.W_Alienek_C:GetPercent_0

[2025.12.16-21.06.30:291][393]LogScript: Warning: Script Msg: Divide by zero detected: 0.000000 / 0
Script call stack:
	Function /Game/UI/W_Alienek.W_Alienek_C:GetPercent_0

[2025.12.16-21.06.30:314][394]LogScript: Warning: Script Msg: Divide by zero detected: 0.000000 / 0
Script call stack:
	Function /Game/UI/W_Alienek.W_Alienek_C:GetPercent_0

[2025.12.16-21.06.30:330][395]LogScript: Warning: Script Msg: Divide by zero detected: 0.000000 / 0
Script call stack:
	Function /Game/UI/W_Alienek.W_Alienek_C:GetPercent_0

[2025.12.16-21.06.30:353][396]LogScript: Warning: Script Msg: Divide by zero detected: 0.000000 / 0
Script call stack:
	Function /Game/UI/W_Alienek.W_Alienek_C:GetPercent_0

[2025.12.16-21.06.30:367][397]LogScript: Warning: Script Msg: Divide by zero detected: 0.000000 / 0
Script call stack:
	Function /Game/UI/W_Alienek.W_Alienek_C:GetPercent_0

[2025.12.16-21.06.30:388][398]LogScript: Warning: Script Msg: Divide by zero detected: 0.000000 / 0
Script call stack:
	Function /Game/UI/W_Alienek.W_Alienek_C:GetPercent_0

[2025.12.16-21.06.30:404][399]LogScript: Warning: Script Msg: Divide by zero detected: 0.000000 / 0
Script call stack:
	Function /Game/UI/W_Alienek.W_Alienek_C:GetPercent_0

[2025.12.16-21.06.30:426][400]LogScript: Warning: Script Msg: Divide by zero detected: 0.000000 / 0
Script call stack:
	Function /Game/UI/W_Alienek.W_Alienek_C:GetPercent_0

[2025.12.16-21.06.30:446][401]LogScript: Warning: Script Msg: Divide by zero detected: 0.000000 / 0
Script call stack:
	Function /Game/UI/W_Alienek.W_Alienek_C:GetPercent_0

[2025.12.16-21.06.30:466][402]LogScript: Warning: Script Msg: Divide by zero detected: 0.000000 / 0
Script call stack:
	Function /Game/UI/W_Alienek.W_Alienek_C:GetPercent_0

[2025.12.16-21.06.30:487][403]LogScript: Warning: Script Msg: Divide by zero detected: 0.000000 / 0
Script call stack:
	Function /Game/UI/W_Alienek.W_Alienek_C:GetPercent_0

[2025.12.16-21.06.30:508][404]LogScript: Warning: Script Msg: Divide by zero detected: 0.000000 / 0
Script call stack:
	Function /Game/UI/W_Alienek.W_Alienek_C:GetPercent_0

[2025.12.16-21.06.30:528][405]LogScript: Warning: Script Msg: Divide by zero detected: 0.000000 / 0
Script call stack:
	Function /Game/UI/W_Alienek.W_Alienek_C:GetPercent_0

[2025.12.16-21.06.30:548][406]LogScript: Warning: Script Msg: Divide by zero detected: 0.000000 / 0
Script call stack:
	Function /Game/UI/W_Alienek.W_Alienek_C:GetPercent_0

[2025.12.16-21.06.30:569][407]LogScript: Warning: Script Msg: Divide by zero detected: 0.000000 / 0
Script call stack:
	Function /Game/UI/W_Alienek.W_Alienek_C:GetPercent_0

[2025.12.16-21.06.30:591][408]LogScript: Warning: Script Msg: Divide by zero detected: 0.000000 / 0
Script call stack:
	Function /Game/UI/W_Alienek.W_Alienek_C:GetPercent_0

[2025.12.16-21.06.30:613][409]LogScript: Warning: Script Msg: Divide by zero detected: 0.000000 / 0
Script call stack:
	Function /Game/UI/W_Alienek.W_Alienek_C:GetPercent_0

[2025.12.16-21.06.30:630][410]LogScript: Warning: Script Msg: Divide by zero detected: 0.000000 / 0
Script call stack:
	Function /Game/UI/W_Alienek.W_Alienek_C:GetPercent_0

[2025.12.16-21.06.30:647][411]LogScript: Warning: Script Msg: Divide by zero detected: 0.000000 / 0
Script call stack:
	Function /Game/UI/W_Alienek.W_Alienek_C:GetPercent_0

[2025.12.16-21.06.30:670][412]LogScript: Warning: Script Msg: Divide by zero detected: 0.000000 / 0
Script call stack:
	Function /Game/UI/W_Alienek.W_Alienek_C:GetPercent_0

[2025.12.16-21.06.30:686][413]LogScript: Warning: Script Msg: Divide by zero detected: 0.000000 / 0
Script call stack:
	Function /Game/UI/W_Alienek.W_Alienek_C:GetPercent_0

[2025.12.16-21.06.30:706][414]LogScript: Warning: Script Msg: Divide by zero detected: 0.000000 / 0
Script call stack:
	Function /Game/UI/W_Alienek.W_Alienek_C:GetPercent_0

[2025.12.16-21.06.30:726][415]LogScript: Warning: Script Msg: Divide by zero detected: 0.000000 / 0
Script call stack:
	Function /Game/UI/W_Alienek.W_Alienek_C:GetPercent_0

[2025.12.16-21.06.30:749][416]LogScript: Warning: Script Msg: Divide by zero detected: 0.000000 / 0
Script call stack:
	Function /Game/UI/W_Alienek.W_Alienek_C:GetPercent_0

[2025.12.16-21.06.30:769][417]LogScript: Warning: Script Msg: Divide by zero detected: 0.000000 / 0
Script call stack:
	Function /Game/UI/W_Alienek.W_Alienek_C:GetPercent_0

[2025.12.16-21.06.30:793][418]LogScript: Warning: Script Msg: Divide by zero detected: 0.000000 / 0
Script call stack:
	Function /Game/UI/W_Alienek.W_Alienek_C:GetPercent_0

[2025.12.16-21.06.30:817][419]LogScript: Warning: Script Msg: Divide by zero detected: 0.000000 / 0
Script call stack:
	Function /Game/UI/W_Alienek.W_Alienek_C:GetPercent_0

[2025.12.16-21.06.30:837][420]LogScript: Warning: Script Msg: Divide by zero detected: 0.000000 / 0
Script call stack:
	Function /Game/UI/W_Alienek.W_Alienek_C:GetPercent_0

[2025.12.16-21.06.30:857][421]LogScript: Warning: Script Msg: Divide by zero detected: 0.000000 / 0
Script call stack:
	Function /Game/UI/W_Alienek.W_Alienek_C:GetPercent_0

[2025.12.16-21.06.30:877][422]LogScript: Warning: Script Msg: Divide by zero detected: 0.000000 / 0
Script call stack:
	Function /Game/UI/W_Alienek.W_Alienek_C:GetPercent_0

[2025.12.16-21.06.30:897][423]LogScript: Warning: Script Msg: Divide by zero detected: 0.000000 / 0
Script call stack:
	Function /Game/UI/W_Alienek.W_Alienek_C:GetPercent_0

[2025.12.16-21.06.30:914][424]LogScript: Warning: Script Msg: Divide by zero detected: 0.000000 / 0
Script call stack:
	Function /Game/UI/W_Alienek.W_Alienek_C:GetPercent_0

[2025.12.16-21.06.30:931][425]LogScript: Warning: Script Msg: Divide by zero detected: 0.000000 / 0
Script call stack:
	Function /Game/UI/W_Alienek.W_Alienek_C:GetPercent_0

[2025.12.16-21.06.30:948][426]LogScript: Warning: Script Msg: Divide by zero detected: 0.000000 / 0
Script call stack:
	Function /Game/UI/W_Alienek.W_Alienek_C:GetPercent_0

[2025.12.16-21.06.30:966][427]LogScript: Warning: Script Msg: Divide by zero detected: 0.000000 / 0
Script call stack:
	Function /Game/UI/W_Alienek.W_Alienek_C:GetPercent_0

[2025.12.16-21.06.30:984][428]LogScript: Warning: Script Msg: Divide by zero detected: 0.000000 / 0
Script call stack:
	Function /Game/UI/W_Alienek.W_Alienek_C:GetPercent_0

[2025.12.16-21.06.31:001][429]LogScript: Warning: Script Msg: Divide by zero detected: 0.000000 / 0
Script call stack:
	Function /Game/UI/W_Alienek.W_Alienek_C:GetPercent_0

[2025.12.16-21.06.31:023][430]LogScript: Warning: Script Msg: Divide by zero detected: 0.000000 / 0
Script call stack:
	Function /Game/UI/W_Alienek.W_Alienek_C:GetPercent_0

[2025.12.16-21.06.31:043][431]LogScript: Warning: Script Msg: Divide by zero detected: 0.000000 / 0
Script call stack:
	Function /Game/UI/W_Alienek.W_Alienek_C:GetPercent_0

[2025.12.16-21.06.31:064][432]LogScript: Warning: Script Msg: Divide by zero detected: 0.000000 / 0
Script call stack:
	Function /Game/UI/W_Alienek.W_Alienek_C:GetPercent_0

[2025.12.16-21.06.31:085][433]LogScript: Warning: Script Msg: Divide by zero detected: 0.000000 / 0
Script call stack:
	Function /Game/UI/W_Alienek.W_Alienek_C:GetPercent_0

[2025.12.16-21.06.31:109][434]LogScript: Warning: Script Msg: Divide by zero detected: 0.000000 / 0
Script call stack:
	Function /Game/UI/W_Alienek.W_Alienek_C:GetPercent_0

[2025.12.16-21.06.31:130][435]LogScript: Warning: Script Msg: Divide by zero detected: 0.000000 / 0
Script call stack:
	Function /Game/UI/W_Alienek.W_Alienek_C:GetPercent_0

[2025.12.16-21.06.31:152][436]LogScript: Warning: Script Msg: Divide by zero detected: 0.000000 / 0
Script call stack:
	Function /Game/UI/W_Alienek.W_Alienek_C:GetPercent_0

[2025.12.16-21.06.31:176][437]LogScript: Warning: Script Msg: Divide by zero detected: 0.000000 / 0
Script call stack:
	Function /Game/UI/W_Alienek.W_Alienek_C:GetPercent_0

[2025.12.16-21.06.31:198][438]LogScript: Warning: Script Msg: Divide by zero detected: 0.000000 / 0
Script call stack:
	Function /Game/UI/W_Alienek.W_Alienek_C:GetPercent_0

[2025.12.16-21.06.31:224][439]LogScript: Warning: Script Msg: Divide by zero detected: 0.000000 / 0
Script call stack:
	Function /Game/UI/W_Alienek.W_Alienek_C:GetPercent_0

[2025.12.16-21.06.31:244][440]LogScript: Warning: Script Msg: Divide by zero detected: 0.000000 / 0
Script call stack:
	Function /Game/UI/W_Alienek.W_Alienek_C:GetPercent_0

[2025.12.16-21.06.31:262][441]LogScript: Warning: Script Msg: Divide by zero detected: 0.000000 / 0
Script call stack:
	Function /Game/UI/W_Alienek.W_Alienek_C:GetPercent_0

[2025.12.16-21.06.31:280][442]LogScript: Warning: Script Msg: Divide by zero detected: 0.000000 / 0
Script call stack:
	Function /Game/UI/W_Alienek.W_Alienek_C:GetPercent_0

[2025.12.16-21.06.31:298][443]LogScript: Warning: Script Msg: Divide by zero detected: 0.000000 / 0
Script call stack:
	Function /Game/UI/W_Alienek.W_Alienek_C:GetPercent_0

[2025.12.16-21.06.31:315][444]LogScript: Warning: Script Msg: Divide by zero detected: 0.000000 / 0
Script call stack:
	Function /Game/UI/W_Alienek.W_Alienek_C:GetPercent_0

[2025.12.16-21.06.31:332][445]LogScript: Warning: Script Msg: Divide by zero detected: 0.000000 / 0
Script call stack:
	Function /Game/UI/W_Alienek.W_Alienek_C:GetPercent_0

[2025.12.16-21.06.31:350][446]LogScript: Warning: Script Msg: Divide by zero detected: 0.000000 / 0
Script call stack:
	Function /Game/UI/W_Alienek.W_Alienek_C:GetPercent_0

[2025.12.16-21.06.31:371][447]LogScript: Warning: Script Msg: Divide by zero detected: 0.000000 / 0
Script call stack:
	Function /Game/UI/W_Alienek.W_Alienek_C:GetPercent_0

[2025.12.16-21.06.31:395][448]LogScript: Warning: Script Msg: Divide by zero detected: 0.000000 / 0
Script call stack:
	Function /Game/UI/W_Alienek.W_Alienek_C:GetPercent_0

[2025.12.16-21.06.31:415][449]LogScript: Warning: Script Msg: Divide by zero detected: 0.000000 / 0
Script call stack:
	Function /Game/UI/W_Alienek.W_Alienek_C:GetPercent_0

[2025.12.16-21.06.31:435][450]LogScript: Warning: Script Msg: Divide by zero detected: 0.000000 / 0
Script call stack:
	Function /Game/UI/W_Alienek.W_Alienek_C:GetPercent_0

[2025.12.16-21.06.31:453][451]LogScript: Warning: Script Msg: Divide by zero detected: 0.000000 / 0
Script call stack:
	Function /Game/UI/W_Alienek.W_Alienek_C:GetPercent_0

[2025.12.16-21.06.31:469][452]LogScript: Warning: Script Msg: Divide by zero detected: 0.000000 / 0
Script call stack:
	Function /Game/UI/W_Alienek.W_Alienek_C:GetPercent_0

[2025.12.16-21.06.31:488][453]LogScript: Warning: Script Msg: Divide by zero detected: 0.000000 / 0
Script call stack:
	Function /Game/UI/W_Alienek.W_Alienek_C:GetPercent_0

[2025.12.16-21.06.31:505][454]LogScript: Warning: Script Msg: Divide by zero detected: 0.000000 / 0
Script call stack:
	Function /Game/UI/W_Alienek.W_Alienek_C:GetPercent_0

[2025.12.16-21.06.31:521][455]LogScript: Warning: Script Msg: Divide by zero detected: 0.000000 / 0
Script call stack:
	Function /Game/UI/W_Alienek.W_Alienek_C:GetPercent_0

[2025.12.16-21.06.31:538][456]LogScript: Warning: Script Msg: Divide by zero detected: 0.000000 / 0
Script call stack:
	Function /Game/UI/W_Alienek.W_Alienek_C:GetPercent_0

[2025.12.16-21.06.31:560][457]LogScript: Warning: Script Msg: Divide by zero detected: 0.000000 / 0
Script call stack:
	Function /Game/UI/W_Alienek.W_Alienek_C:GetPercent_0

[2025.12.16-21.06.31:579][458]LogScript: Warning: Script Msg: Divide by zero detected: 0.000000 / 0
Script call stack:
	Function /Game/UI/W_Alienek.W_Alienek_C:GetPercent_0

[2025.12.16-21.06.31:605][459]LogScript: Warning: Script Msg: Divide by zero detected: 0.000000 / 0
Script call stack:
	Function /Game/UI/W_Alienek.W_Alienek_C:GetPercent_0

[2025.12.16-21.06.31:623][460]LogScript: Warning: Script Msg: Divide by zero detected: 0.000000 / 0
Script call stack:
	Function /Game/UI/W_Alienek.W_Alienek_C:GetPercent_0

[2025.12.16-21.06.31:642][461]LogScript: Warning: Script Msg: Divide by zero detected: 0.000000 / 0
Script call stack:
	Function /Game/UI/W_Alienek.W_Alienek_C:GetPercent_0

[2025.12.16-21.06.31:658][462]LogScript: Warning: Script Msg: Divide by zero detected: 0.000000 / 0
Script call stack:
	Function /Game/UI/W_Alienek.W_Alienek_C:GetPercent_0

[2025.12.16-21.06.31:675][463]LogScript: Warning: Script Msg: Divide by zero detected: 0.000000 / 0
Script call stack:
	Function /Game/UI/W_Alienek.W_Alienek_C:GetPercent_0

[2025.12.16-21.06.31:693][464]LogScript: Warning: Script Msg: Divide by zero detected: 0.000000 / 0
Script call stack:
	Function /Game/UI/W_Alienek.W_Alienek_C:GetPercent_0

[2025.12.16-21.06.31:711][465]LogScript: Warning: Script Msg: Divide by zero detected: 0.000000 / 0
Script call stack:
	Function /Game/UI/W_Alienek.W_Alienek_C:GetPercent_0

[2025.12.16-21.06.31:730][466]LogScript: Warning: Script Msg: Divide by zero detected: 0.000000 / 0
Script call stack:
	Function /Game/UI/W_Alienek.W_Alienek_C:GetPercent_0

[2025.12.16-21.06.31:750][467]LogScript: Warning: Script Msg: Divide by zero detected: 0.000000 / 0
Script call stack:
	Function /Game/UI/W_Alienek.W_Alienek_C:GetPercent_0

[2025.12.16-21.06.31:768][468]LogScript: Warning: Script Msg: Divide by zero detected: 0.000000 / 0
Script call stack:
	Function /Game/UI/W_Alienek.W_Alienek_C:GetPercent_0

[2025.12.16-21.06.31:787][469]LogScript: Warning: Script Msg: Divide by zero detected: 0.000000 / 0
Script call stack:
	Function /Game/UI/W_Alienek.W_Alienek_C:GetPercent_0

[2025.12.16-21.06.31:806][470]LogScript: Warning: Script Msg: Divide by zero detected: 0.000000 / 0
Script call stack:
	Function /Game/UI/W_Alienek.W_Alienek_C:GetPercent_0

[2025.12.16-21.06.31:826][471]LogScript: Warning: Script Msg: Divide by zero detected: 0.000000 / 0
Script call stack:
	Function /Game/UI/W_Alienek.W_Alienek_C:GetPercent_0

[2025.12.16-21.06.31:846][472]LogScript: Warning: Script Msg: Divide by zero detected: 0.000000 / 0
Script call stack:
	Function /Game/UI/W_Alienek.W_Alienek_C:GetPercent_0

[2025.12.16-21.06.31:865][473]LogScript: Warning: Script Msg: Divide by zero detected: 0.000000 / 0
Script call stack:
	Function /Game/UI/W_Alienek.W_Alienek_C:GetPercent_0

[2025.12.16-21.06.31:882][474]LogScript: Warning: Script Msg: Divide by zero detected: 0.000000 / 0
Script call stack:
	Function /Game/UI/W_Alienek.W_Alienek_C:GetPercent_0

[2025.12.16-21.06.31:899][475]LogScript: Warning: Script Msg: Divide by zero detected: 0.000000 / 0
Script call stack:
	Function /Game/UI/W_Alienek.W_Alienek_C:GetPercent_0

[2025.12.16-21.06.31:920][476]LogScript: Warning: Script Msg: Divide by zero detected: 0.000000 / 0
Script call stack:
	Function /Game/UI/W_Alienek.W_Alienek_C:GetPercent_0

[2025.12.16-21.06.31:939][477]LogScript: Warning: Script Msg: Divide by zero detected: 0.000000 / 0
Script call stack:
	Function /Game/UI/W_Alienek.W_Alienek_C:GetPercent_0

[2025.12.16-21.06.31:959][478]LogScript: Warning: Script Msg: Divide by zero detected: 0.000000 / 0
Script call stack:
	Function /Game/UI/W_Alienek.W_Alienek_C:GetPercent_0

[2025.12.16-21.06.31:981][479]LogScript: Warning: Script Msg: Divide by zero detected: 0.000000 / 0
Script call stack:
	Function /Game/UI/W_Alienek.W_Alienek_C:GetPercent_0

[2025.12.16-21.06.32:003][480]LogScript: Warning: Script Msg: Divide by zero detected: 0.000000 / 0
Script call stack:
	Function /Game/UI/W_Alienek.W_Alienek_C:GetPercent_0

[2025.12.16-21.06.32:023][481]LogScript: Warning: Script Msg: Divide by zero detected: 0.000000 / 0
Script call stack:
	Function /Game/UI/W_Alienek.W_Alienek_C:GetPercent_0

[2025.12.16-21.06.32:046][482]LogScript: Warning: Script Msg: Divide by zero detected: 0.000000 / 0
Script call stack:
	Function /Game/UI/W_Alienek.W_Alienek_C:GetPercent_0

[2025.12.16-21.06.32:066][483]LogScript: Warning: Script Msg: Divide by zero detected: 0.000000 / 0
Script call stack:
	Function /Game/UI/W_Alienek.W_Alienek_C:GetPercent_0

[2025.12.16-21.06.32:089][484]LogScript: Warning: Script Msg: Divide by zero detected: 0.000000 / 0
Script call stack:
	Function /Game/UI/W_Alienek.W_Alienek_C:GetPercent_0

[2025.12.16-21.06.32:110][485]LogScript: Warning: Script Msg: Divide by zero detected: 0.000000 / 0
Script call stack:
	Function /Game/UI/W_Alienek.W_Alienek_C:GetPercent_0

[2025.12.16-21.06.32:133][486]LogScript: Warning: Script Msg: Divide by zero detected: 0.000000 / 0
Script call stack:
	Function /Game/UI/W_Alienek.W_Alienek_C:GetPercent_0

[2025.12.16-21.06.32:155][487]LogScript: Warning: Script Msg: Divide by zero detected: 0.000000 / 0
Script call stack:
	Function /Game/UI/W_Alienek.W_Alienek_C:GetPercent_0

[2025.12.16-21.06.32:181][488]LogScript: Warning: Script Msg: Divide by zero detected: 0.000000 / 0
Script call stack:
	Function /Game/UI/W_Alienek.W_Alienek_C:GetPercent_0

[2025.12.16-21.06.32:206][489]LogScript: Warning: Script Msg: Divide by zero detected: 0.000000 / 0
Script call stack:
	Function /Game/UI/W_Alienek.W_Alienek_C:GetPercent_0

[2025.12.16-21.06.32:231][490]LogScript: Warning: Script Msg: Divide by zero detected: 0.000000 / 0
Script call stack:
	Function /Game/UI/W_Alienek.W_Alienek_C:GetPercent_0

[2025.12.16-21.06.32:258][491]LogScript: Warning: Script Msg: Divide by zero detected: 0.000000 / 0
Script call stack:
	Function /Game/UI/W_Alienek.W_Alienek_C:GetPercent_0

[2025.12.16-21.06.32:285][492]LogScript: Warning: Script Msg: Divide by zero detected: 0.000000 / 0
Script call stack:
	Function /Game/UI/W_Alienek.W_Alienek_C:GetPercent_0

[2025.12.16-21.06.32:311][493]LogScript: Warning: Script Msg: Divide by zero detected: 0.000000 / 0
Script call stack:
	Function /Game/UI/W_Alienek.W_Alienek_C:GetPercent_0

[2025.12.16-21.06.32:340][494]LogScript: Warning: Script Msg: Divide by zero detected: 0.000000 / 0
Script call stack:
	Function /Game/UI/W_Alienek.W_Alienek_C:GetPercent_0

[2025.12.16-21.06.32:368][495]LogScript: Warning: Script Msg: Divide by zero detected: 0.000000 / 0
Script call stack:
	Function /Game/UI/W_Alienek.W_Alienek_C:GetPercent_0

[2025.12.16-21.06.32:392][496]LogScript: Warning: Script Msg: Divide by zero detected: 0.000000 / 0
Script call stack:
	Function /Game/UI/W_Alienek.W_Alienek_C:GetPercent_0

[2025.12.16-21.06.32:420][497]LogScript: Warning: Script Msg: Divide by zero detected: 0.000000 / 0
Script call stack:
	Function /Game/UI/W_Alienek.W_Alienek_C:GetPercent_0

[2025.12.16-21.06.32:442][498]LogScript: Warning: Script Msg: Divide by zero detected: 0.000000 / 0
Script call stack:
	Function /Game/UI/W_Alienek.W_Alienek_C:GetPercent_0

[2025.12.16-21.06.32:465][499]LogScript: Warning: Script Msg: Divide by zero detected: 0.000000 / 0
Script call stack:
	Function /Game/UI/W_Alienek.W_Alienek_C:GetPercent_0

[2025.12.16-21.06.32:493][500]LogScript: Warning: Script Msg: Divide by zero detected: 0.000000 / 0
Script call stack:
	Function /Game/UI/W_Alienek.W_Alienek_C:GetPercent_0

[2025.12.16-21.06.32:514][501]LogScript: Warning: Script Msg: Divide by zero detected: 0.000000 / 0
Script call stack:
	Function /Game/UI/W_Alienek.W_Alienek_C:GetPercent_0

[2025.12.16-21.06.32:536][502]LogScript: Warning: Script Msg: Divide by zero detected: 0.000000 / 0
Script call stack:
	Function /Game/UI/W_Alienek.W_Alienek_C:GetPercent_0

[2025.12.16-21.06.32:559][503]LogScript: Warning: Script Msg: Divide by zero detected: 0.000000 / 0
Script call stack:
	Function /Game/UI/W_Alienek.W_Alienek_C:GetPercent_0

[2025.12.16-21.06.32:581][504]LogScript: Warning: Script Msg: Divide by zero detected: 0.000000 / 0
Script call stack:
	Function /Game/UI/W_Alienek.W_Alienek_C:GetPercent_0

[2025.12.16-21.06.32:604][505]LogScript: Warning: Script Msg: Divide by zero detected: 0.000000 / 0
Script call stack:
	Function /Game/UI/W_Alienek.W_Alienek_C:GetPercent_0

[2025.12.16-21.06.32:626][506]LogScript: Warning: Script Msg: Divide by zero detected: 0.000000 / 0
Script call stack:
	Function /Game/UI/W_Alienek.W_Alienek_C:GetPercent_0

[2025.12.16-21.06.32:647][507]LogScript: Warning: Script Msg: Divide by zero detected: 0.000000 / 0
Script call stack:
	Function /Game/UI/W_Alienek.W_Alienek_C:GetPercent_0

[2025.12.16-21.06.32:670][508]LogScript: Warning: Script Msg: Divide by zero detected: 0.000000 / 0
Script call stack:
	Function /Game/UI/W_Alienek.W_Alienek_C:GetPercent_0

[2025.12.16-21.06.32:691][509]LogScript: Warning: Script Msg: Divide by zero detected: 0.000000 / 0
Script call stack:
	Function /Game/UI/W_Alienek.W_Alienek_C:GetPercent_0

[2025.12.16-21.06.32:719][510]LogScript: Warning: Script Msg: Divide by zero detected: 0.000000 / 0
Script call stack:
	Function /Game/UI/W_Alienek.W_Alienek_C:GetPercent_0

[2025.12.16-21.06.32:742][511]LogScript: Warning: Script Msg: Divide by zero detected: 0.000000 / 0
Script call stack:
	Function /Game/UI/W_Alienek.W_Alienek_C:GetPercent_0

[2025.12.16-21.06.32:766][512]LogScript: Warning: Script Msg: Divide by zero detected: 0.000000 / 0
Script call stack:
	Function /Game/UI/W_Alienek.W_Alienek_C:GetPercent_0

[2025.12.16-21.06.32:788][513]LogScript: Warning: Script Msg: Divide by zero detected: 0.000000 / 0
Script call stack:
	Function /Game/UI/W_Alienek.W_Alienek_C:GetPercent_0

[2025.12.16-21.06.32:810][514]LogScript: Warning: Script Msg: Divide by zero detected: 0.000000 / 0
Script call stack:
	Function /Game/UI/W_Alienek.W_Alienek_C:GetPercent_0

[2025.12.16-21.06.32:831][515]LogScript: Warning: Script Msg: Divide by zero detected: 0.000000 / 0
Script call stack:
	Function /Game/UI/W_Alienek.W_Alienek_C:GetPercent_0

[2025.12.16-21.06.32:856][516]LogScript: Warning: Script Msg: Divide by zero detected: 0.000000 / 0
Script call stack:
	Function /Game/UI/W_Alienek.W_Alienek_C:GetPercent_0

[2025.12.16-21.06.32:877][517]LogScript: Warning: Script Msg: Divide by zero detected: 0.000000 / 0
Script call stack:
	Function /Game/UI/W_Alienek.W_Alienek_C:GetPercent_0

[2025.12.16-21.06.32:900][518]LogScript: Warning: Script Msg: Divide by zero detected: 0.000000 / 0
Script call stack:
	Function /Game/UI/W_Alienek.W_Alienek_C:GetPercent_0

[2025.12.16-21.06.32:921][519]LogScript: Warning: Script Msg: Divide by zero detected: 0.000000 / 0
Script call stack:
	Function /Game/UI/W_Alienek.W_Alienek_C:GetPercent_0

[2025.12.16-21.06.32:943][520]LogScript: Warning: Script Msg: Divide by zero detected: 0.000000 / 0
Script call stack:
	Function /Game/UI/W_Alienek.W_Alienek_C:GetPercent_0

[2025.12.16-21.06.32:961][521]LogScript: Warning: Script Msg: Divide by zero detected: 0.000000 / 0
Script call stack:
	Function /Game/UI/W_Alienek.W_Alienek_C:GetPercent_0

[2025.12.16-21.06.32:980][522]LogScript: Warning: Script Msg: Divide by zero detected: 0.000000 / 0
Script call stack:
	Function /Game/UI/W_Alienek.W_Alienek_C:GetPercent_0

[2025.12.16-21.06.32:998][523]LogScript: Warning: Script Msg: Divide by zero detected: 0.000000 / 0
Script call stack:
	Function /Game/UI/W_Alienek.W_Alienek_C:GetPercent_0

[2025.12.16-21.06.33:019][524]LogScript: Warning: Script Msg: Divide by zero detected: 0.000000 / 0
Script call stack:
	Function /Game/UI/W_Alienek.W_Alienek_C:GetPercent_0

[2025.12.16-21.06.33:040][525]LogScript: Warning: Script Msg: Divide by zero detected: 0.000000 / 0
Script call stack:
	Function /Game/UI/W_Alienek.W_Alienek_C:GetPercent_0

[2025.12.16-21.06.33:060][526]LogScript: Warning: Script Msg: Divide by zero detected: 0.000000 / 0
Script call stack:
	Function /Game/UI/W_Alienek.W_Alienek_C:GetPercent_0

[2025.12.16-21.06.33:079][527]LogScript: Warning: Script Msg: Divide by zero detected: 0.000000 / 0
Script call stack:
	Function /Game/UI/W_Alienek.W_Alienek_C:GetPercent_0

[2025.12.16-21.06.33:099][528]LogScript: Warning: Script Msg: Divide by zero detected: 0.000000 / 0
Script call stack:
	Function /Game/UI/W_Alienek.W_Alienek_C:GetPercent_0

[2025.12.16-21.06.33:122][529]LogScript: Warning: Script Msg: Divide by zero detected: 0.000000 / 0
Script call stack:
	Function /Game/UI/W_Alienek.W_Alienek_C:GetPercent_0

[2025.12.16-21.06.33:143][530]LogScript: Warning: Script Msg: Divide by zero detected: 0.000000 / 0
Script call stack:
	Function /Game/UI/W_Alienek.W_Alienek_C:GetPercent_0

[2025.12.16-21.06.33:162][531]LogScript: Warning: Script Msg: Divide by zero detected: 0.000000 / 0
Script call stack:
	Function /Game/UI/W_Alienek.W_Alienek_C:GetPercent_0

[2025.12.16-21.06.33:186][532]LogScript: Warning: Script Msg: Divide by zero detected: 0.000000 / 0
Script call stack:
	Function /Game/UI/W_Alienek.W_Alienek_C:GetPercent_0

[2025.12.16-21.06.33:208][533]LogScript: Warning: Script Msg: Divide by zero detected: 0.000000 / 0
Script call stack:
	Function /Game/UI/W_Alienek.W_Alienek_C:GetPercent_0

[2025.12.16-21.06.33:228][534]LogScript: Warning: Script Msg: Divide by zero detected: 0.000000 / 0
Script call stack:
	Function /Game/UI/W_Alienek.W_Alienek_C:GetPercent_0

[2025.12.16-21.06.33:249][535]LogScript: Warning: Script Msg: Divide by zero detected: 0.000000 / 0
Script call stack:
	Function /Game/UI/W_Alienek.W_Alienek_C:GetPercent_0

[2025.12.16-21.06.33:270][536]LogScript: Warning: Script Msg: Divide by zero detected: 0.000000 / 0
Script call stack:
	Function /Game/UI/W_Alienek.W_Alienek_C:GetPercent_0

[2025.12.16-21.06.33:292][537]LogScript: Warning: Script Msg: Divide by zero detected: 0.000000 / 0
Script call stack:
	Function /Game/UI/W_Alienek.W_Alienek_C:GetPercent_0

[2025.12.16-21.06.33:313][538]LogScript: Warning: Script Msg: Divide by zero detected: 0.000000 / 0
Script call stack:
	Function /Game/UI/W_Alienek.W_Alienek_C:GetPercent_0

[2025.12.16-21.06.33:336][539]LogScript: Warning: Script Msg: Divide by zero detected: 0.000000 / 0
Script call stack:
	Function /Game/UI/W_Alienek.W_Alienek_C:GetPercent_0

[2025.12.16-21.06.33:358][540]LogScript: Warning: Script Msg: Divide by zero detected: 0.000000 / 0
Script call stack:
	Function /Game/UI/W_Alienek.W_Alienek_C:GetPercent_0

[2025.12.16-21.06.33:382][541]LogScript: Warning: Script Msg: Divide by zero detected: 0.000000 / 0
Script call stack:
	Function /Game/UI/W_Alienek.W_Alienek_C:GetPercent_0

[2025.12.16-21.06.33:399][542]LogScript: Warning: Script Msg: Divide by zero detected: 0.000000 / 0
Script call stack:
	Function /Game/UI/W_Alienek.W_Alienek_C:GetPercent_0

[2025.12.16-21.06.33:417][543]LogScript: Warning: Script Msg: Divide by zero detected: 0.000000 / 0
Script call stack:
	Function /Game/UI/W_Alienek.W_Alienek_C:GetPercent_0

[2025.12.16-21.06.33:437][544]LogScript: Warning: Script Msg: Divide by zero detected: 0.000000 / 0
Script call stack:
	Function /Game/UI/W_Alienek.W_Alienek_C:GetPercent_0

[2025.12.16-21.06.33:452][545]LogScript: Warning: Script Msg: Divide by zero detected: 0.000000 / 0
Script call stack:
	Function /Game/UI/W_Alienek.W_Alienek_C:GetPercent_0

[2025.12.16-21.06.33:470][546]LogScript: Warning: Script Msg: Divide by zero detected: 0.000000 / 0
Script call stack:
	Function /Game/UI/W_Alienek.W_Alienek_C:GetPercent_0

[2025.12.16-21.06.33:488][547]LogScript: Warning: Script Msg: Divide by zero detected: 0.000000 / 0
Script call stack:
	Function /Game/UI/W_Alienek.W_Alienek_C:GetPercent_0

[2025.12.16-21.06.33:510][548]LogScript: Warning: Script Msg: Divide by zero detected: 0.000000 / 0
Script call stack:
	Function /Game/UI/W_Alienek.W_Alienek_C:GetPercent_0

[2025.12.16-21.06.33:530][549]LogScript: Warning: Script Msg: Divide by zero detected: 0.000000 / 0
Script call stack:
	Function /Game/UI/W_Alienek.W_Alienek_C:GetPercent_0

[2025.12.16-21.06.33:552][550]LogScript: Warning: Script Msg: Divide by zero detected: 0.000000 / 0
Script call stack:
	Function /Game/UI/W_Alienek.W_Alienek_C:GetPercent_0

[2025.12.16-21.06.33:574][551]LogScript: Warning: Script Msg: Divide by zero detected: 0.000000 / 0
Script call stack:
	Function /Game/UI/W_Alienek.W_Alienek_C:GetPercent_0

[2025.12.16-21.06.33:594][552]LogScript: Warning: Script Msg: Divide by zero detected: 0.000000 / 0
Script call stack:
	Function /Game/UI/W_Alienek.W_Alienek_C:GetPercent_0

[2025.12.16-21.06.33:609][553]LogScript: Warning: Script Msg: Divide by zero detected: 0.000000 / 0
Script call stack:
	Function /Game/UI/W_Alienek.W_Alienek_C:GetPercent_0

[2025.12.16-21.06.33:628][554]LogScript: Warning: Script Msg: Divide by zero detected: 0.000000 / 0
Script call stack:
	Function /Game/UI/W_Alienek.W_Alienek_C:GetPercent_0

[2025.12.16-21.06.33:646][555]LogScript: Warning: Script Msg: Divide by zero detected: 0.000000 / 0
Script call stack:
	Function /Game/UI/W_Alienek.W_Alienek_C:GetPercent_0

[2025.12.16-21.06.33:664][556]LogScript: Warning: Script Msg: Divide by zero detected: 0.000000 / 0
Script call stack:
	Function /Game/UI/W_Alienek.W_Alienek_C:GetPercent_0

[2025.12.16-21.06.33:683][557]LogScript: Warning: Script Msg: Divide by zero detected: 0.000000 / 0
Script call stack:
	Function /Game/UI/W_Alienek.W_Alienek_C:GetPercent_0

[2025.12.16-21.06.33:702][558]LogScript: Warning: Script Msg: Divide by zero detected: 0.000000 / 0
Script call stack:
	Function /Game/UI/W_Alienek.W_Alienek_C:GetPercent_0

[2025.12.16-21.06.33:724][559]LogScript: Warning: Script Msg: Divide by zero detected: 0.000000 / 0
Script call stack:
	Function /Game/UI/W_Alienek.W_Alienek_C:GetPercent_0

[2025.12.16-21.06.33:744][560]LogScript: Warning: Script Msg: Divide by zero detected: 0.000000 / 0
Script call stack:
	Function /Game/UI/W_Alienek.W_Alienek_C:GetPercent_0

[2025.12.16-21.06.33:765][561]LogScript: Warning: Script Msg: Divide by zero detected: 0.000000 / 0
Script call stack:
	Function /Game/UI/W_Alienek.W_Alienek_C:GetPercent_0

[2025.12.16-21.06.33:786][562]LogScript: Warning: Script Msg: Divide by zero detected: 0.000000 / 0
Script call stack:
	Function /Game/UI/W_Alienek.W_Alienek_C:GetPercent_0

[2025.12.16-21.06.33:804][563]LogScript: Warning: Script Msg: Divide by zero detected: 0.000000 / 0
Script call stack:
	Function /Game/UI/W_Alienek.W_Alienek_C:GetPercent_0

[2025.12.16-21.06.33:824][564]LogScript: Warning: Script Msg: Divide by zero detected: 0.000000 / 0
Script call stack:
	Function /Game/UI/W_Alienek.W_Alienek_C:GetPercent_0

[2025.12.16-21.06.33:841][565]LogScript: Warning: Script Msg: Divide by zero detected: 0.000000 / 0
Script call stack:
	Function /Game/UI/W_Alienek.W_Alienek_C:GetPercent_0

[2025.12.16-21.06.33:860][566]LogScript: Warning: Script Msg: Divide by zero detected: 0.000000 / 0
Script call stack:
	Function /Game/UI/W_Alienek.W_Alienek_C:GetPercent_0

[2025.12.16-21.06.33:877][567]LogScript: Warning: Script Msg: Divide by zero detected: 0.000000 / 0
Script call stack:
	Function /Game/UI/W_Alienek.W_Alienek_C:GetPercent_0

[2025.12.16-21.06.33:901][568]LogScript: Warning: Script Msg: Divide by zero detected: 0.000000 / 0
Script call stack:
	Function /Game/UI/W_Alienek.W_Alienek_C:GetPercent_0

[2025.12.16-21.06.33:921][569]LogScript: Warning: Script Msg: Divide by zero detected: 0.000000 / 0
Script call stack:
	Function /Game/UI/W_Alienek.W_Alienek_C:GetPercent_0

[2025.12.16-21.06.33:940][570]LogScript: Warning: Script Msg: Divide by zero detected: 0.000000 / 0
Script call stack:
	Function /Game/UI/W_Alienek.W_Alienek_C:GetPercent_0

[2025.12.16-21.06.33:961][571]LogScript: Warning: Script Msg: Divide by zero detected: 0.000000 / 0
Script call stack:
	Function /Game/UI/W_Alienek.W_Alienek_C:GetPercent_0

[2025.12.16-21.06.33:981][572]LogScript: Warning: Script Msg: Divide by zero detected: 0.000000 / 0
Script call stack:
	Function /Game/UI/W_Alienek.W_Alienek_C:GetPercent_0

[2025.12.16-21.06.34:001][573]LogScript: Warning: Script Msg: Divide by zero detected: 0.000000 / 0
Script call stack:
	Function /Game/UI/W_Alienek.W_Alienek_C:GetPercent_0

[2025.12.16-21.06.34:025][574]LogScript: Warning: Script Msg: Divide by zero detected: 0.000000 / 0
Script call stack:
	Function /Game/UI/W_Alienek.W_Alienek_C:GetPercent_0

[2025.12.16-21.06.34:045][575]LogScript: Warning: Script Msg: Divide by zero detected: 0.000000 / 0
Script call stack:
	Function /Game/UI/W_Alienek.W_Alienek_C:GetPercent_0

[2025.12.16-21.06.34:066][576]LogScript: Warning: Script Msg: Divide by zero detected: 0.000000 / 0
Script call stack:
	Function /Game/UI/W_Alienek.W_Alienek_C:GetPercent_0

[2025.12.16-21.06.34:085][577]LogScript: Warning: Script Msg: Divide by zero detected: 0.000000 / 0
Script call stack:
	Function /Game/UI/W_Alienek.W_Alienek_C:GetPercent_0

[2025.12.16-21.06.34:105][578]LogScript: Warning: Script Msg: Divide by zero detected: 0.000000 / 0
Script call stack:
	Function /Game/UI/W_Alienek.W_Alienek_C:GetPercent_0

[2025.12.16-21.06.34:124][579]LogScript: Warning: Script Msg: Divide by zero detected: 0.000000 / 0
Script call stack:
	Function /Game/UI/W_Alienek.W_Alienek_C:GetPercent_0

[2025.12.16-21.06.34:142][580]LogScript: Warning: Script Msg: Divide by zero detected: 0.000000 / 0
Script call stack:
	Function /Game/UI/W_Alienek.W_Alienek_C:GetPercent_0

[2025.12.16-21.06.34:158][581]LogScript: Warning: Script Msg: Divide by zero detected: 0.000000 / 0
Script call stack:
	Function /Game/UI/W_Alienek.W_Alienek_C:GetPercent_0

[2025.12.16-21.06.34:177][582]LogScript: Warning: Script Msg: Divide by zero detected: 0.000000 / 0
Script call stack:
	Function /Game/UI/W_Alienek.W_Alienek_C:GetPercent_0

[2025.12.16-21.06.34:196][583]LogScript: Warning: Script Msg: Divide by zero detected: 0.000000 / 0
Script call stack:
	Function /Game/UI/W_Alienek.W_Alienek_C:GetPercent_0

[2025.12.16-21.06.34:215][584]LogScript: Warning: Script Msg: Divide by zero detected: 0.000000 / 0
Script call stack:
	Function /Game/UI/W_Alienek.W_Alienek_C:GetPercent_0

[2025.12.16-21.06.34:235][585]LogScript: Warning: Script Msg: Divide by zero detected: 0.000000 / 0
Script call stack:
	Function /Game/UI/W_Alienek.W_Alienek_C:GetPercent_0

[2025.12.16-21.06.34:258][586]LogScript: Warning: Script Msg: Divide by zero detected: 0.000000 / 0
Script call stack:
	Function /Game/UI/W_Alienek.W_Alienek_C:GetPercent_0

[2025.12.16-21.06.34:279][587]LogScript: Warning: Script Msg: Divide by zero detected: 0.000000 / 0
Script call stack:
	Function /Game/UI/W_Alienek.W_Alienek_C:GetPercent_0

[2025.12.16-21.06.34:305][588]LogScript: Warning: Script Msg: Divide by zero detected: 0.000000 / 0
Script call stack:
	Function /Game/UI/W_Alienek.W_Alienek_C:GetPercent_0

[2025.12.16-21.06.34:327][589]LogScript: Warning: Script Msg: Divide by zero detected: 0.000000 / 0
Script call stack:
	Function /Game/UI/W_Alienek.W_Alienek_C:GetPercent_0

[2025.12.16-21.06.34:348][590]LogScript: Warning: Script Msg: Divide by zero detected: 0.000000 / 0
Script call stack:
	Function /Game/UI/W_Alienek.W_Alienek_C:GetPercent_0

[2025.12.16-21.06.34:370][591]LogScript: Warning: Script Msg: Divide by zero detected: 0.000000 / 0
Script call stack:
	Function /Game/UI/W_Alienek.W_Alienek_C:GetPercent_0

[2025.12.16-21.06.34:393][592]LogScript: Warning: Script Msg: Divide by zero detected: 0.000000 / 0
Script call stack:
	Function /Game/UI/W_Alienek.W_Alienek_C:GetPercent_0

[2025.12.16-21.06.34:416][593]LogScript: Warning: Script Msg: Divide by zero detected: 0.000000 / 0
Script call stack:
	Function /Game/UI/W_Alienek.W_Alienek_C:GetPercent_0

[2025.12.16-21.06.34:439][594]LogScript: Warning: Script Msg: Divide by zero detected: 0.000000 / 0
Script call stack:
	Function /Game/UI/W_Alienek.W_Alienek_C:GetPercent_0

[2025.12.16-21.06.34:460][595]LogScript: Warning: Script Msg: Divide by zero detected: 0.000000 / 0
Script call stack:
	Function /Game/UI/W_Alienek.W_Alienek_C:GetPercent_0

[2025.12.16-21.06.34:483][596]LogScript: Warning: Script Msg: Divide by zero detected: 0.000000 / 0
Script call stack:
	Function /Game/UI/W_Alienek.W_Alienek_C:GetPercent_0

[2025.12.16-21.06.34:508][597]LogScript: Warning: Script Msg: Divide by zero detected: 0.000000 / 0
Script call stack:
	Function /Game/UI/W_Alienek.W_Alienek_C:GetPercent_0

[2025.12.16-21.06.34:531][598]LogScript: Warning: Script Msg: Divide by zero detected: 0.000000 / 0
Script call stack:
	Function /Game/UI/W_Alienek.W_Alienek_C:GetPercent_0

[2025.12.16-21.06.34:552][599]LogScript: Warning: Script Msg: Divide by zero detected: 0.000000 / 0
Script call stack:
	Function /Game/UI/W_Alienek.W_Alienek_C:GetPercent_0

[2025.12.16-21.06.34:578][600]LogScript: Warning: Script Msg: Divide by zero detected: 0.000000 / 0
Script call stack:
	Function /Game/UI/W_Alienek.W_Alienek_C:GetPercent_0

[2025.12.16-21.06.34:605][601]LogScript: Warning: Script Msg: Divide by zero detected: 0.000000 / 0
Script call stack:
	Function /Game/UI/W_Alienek.W_Alienek_C:GetPercent_0

[2025.12.16-21.06.34:629][602]LogScript: Warning: Script Msg: Divide by zero detected: 0.000000 / 0
Script call stack:
	Function /Game/UI/W_Alienek.W_Alienek_C:GetPercent_0

[2025.12.16-21.06.34:653][603]LogScript: Warning: Script Msg: Divide by zero detected: 0.000000 / 0
Script call stack:
	Function /Game/UI/W_Alienek.W_Alienek_C:GetPercent_0

[2025.12.16-21.06.34:679][604]LogScript: Warning: Script Msg: Divide by zero detected: 0.000000 / 0
Script call stack:
	Function /Game/UI/W_Alienek.W_Alienek_C:GetPercent_0

[2025.12.16-21.06.34:702][605]LogScript: Warning: Script Msg: Divide by zero detected: 0.000000 / 0
Script call stack:
	Function /Game/UI/W_Alienek.W_Alienek_C:GetPercent_0

[2025.12.16-21.06.34:720][606]LogScript: Warning: Script Msg: Divide by zero detected: 0.000000 / 0
Script call stack:
	Function /Game/UI/W_Alienek.W_Alienek_C:GetPercent_0

[2025.12.16-21.06.34:738][607]LogScript: Warning: Script Msg: Divide by zero detected: 0.000000 / 0
Script call stack:
	Function /Game/UI/W_Alienek.W_Alienek_C:GetPercent_0

[2025.12.16-21.06.34:756][608]LogScript: Warning: Script Msg: Divide by zero detected: 0.000000 / 0
Script call stack:
	Function /Game/UI/W_Alienek.W_Alienek_C:GetPercent_0

[2025.12.16-21.06.34:778][609]LogScript: Warning: Script Msg: Divide by zero detected: 0.000000 / 0
Script call stack:
	Function /Game/UI/W_Alienek.W_Alienek_C:GetPercent_0

[2025.12.16-21.06.34:801][610]LogScript: Warning: Script Msg: Divide by zero detected: 0.000000 / 0
Script call stack:
	Function /Game/UI/W_Alienek.W_Alienek_C:GetPercent_0

[2025.12.16-21.06.34:827][611]LogScript: Warning: Script Msg: Divide by zero detected: 0.000000 / 0
Script call stack:
	Function /Game/UI/W_Alienek.W_Alienek_C:GetPercent_0

[2025.12.16-21.06.34:851][612]LogScript: Warning: Script Msg: Divide by zero detected: 0.000000 / 0
Script call stack:
	Function /Game/UI/W_Alienek.W_Alienek_C:GetPercent_0

[2025.12.16-21.06.34:871][613]LogScript: Warning: Script Msg: Divide by zero detected: 0.000000 / 0
Script call stack:
	Function /Game/UI/W_Alienek.W_Alienek_C:GetPercent_0

[2025.12.16-21.06.34:891][614]LogScript: Warning: Script Msg: Divide by zero detected: 0.000000 / 0
Script call stack:
	Function /Game/UI/W_Alienek.W_Alienek_C:GetPercent_0

[2025.12.16-21.06.34:912][615]LogScript: Warning: Script Msg: Divide by zero detected: 0.000000 / 0
Script call stack:
	Function /Game/UI/W_Alienek.W_Alienek_C:GetPercent_0

[2025.12.16-21.06.34:929][616]LogScript: Warning: Script Msg: Divide by zero detected: 0.000000 / 0
Script call stack:
	Function /Game/UI/W_Alienek.W_Alienek_C:GetPercent_0

[2025.12.16-21.06.34:946][617]LogScript: Warning: Script Msg: Divide by zero detected: 0.000000 / 0
Script call stack:
	Function /Game/UI/W_Alienek.W_Alienek_C:GetPercent_0

[2025.12.16-21.06.34:967][618]LogScript: Warning: Script Msg: Divide by zero detected: 0.000000 / 0
Script call stack:
	Function /Game/UI/W_Alienek.W_Alienek_C:GetPercent_0

[2025.12.16-21.06.34:984][619]LogScript: Warning: Script Msg: Divide by zero detected: 0.000000 / 0
Script call stack:
	Function /Game/UI/W_Alienek.W_Alienek_C:GetPercent_0

[2025.12.16-21.06.35:002][620]LogScript: Warning: Script Msg: Divide by zero detected: 0.000000 / 0
Script call stack:
	Function /Game/UI/W_Alienek.W_Alienek_C:GetPercent_0

[2025.12.16-21.06.35:023][621]LogScript: Warning: Script Msg: Divide by zero detected: 0.000000 / 0
Script call stack:
	Function /Game/UI/W_Alienek.W_Alienek_C:GetPercent_0

[2025.12.16-21.06.35:044][622]LogScript: Warning: Script Msg: Divide by zero detected: 0.000000 / 0
Script call stack:
	Function /Game/UI/W_Alienek.W_Alienek_C:GetPercent_0

[2025.12.16-21.06.35:065][623]LogScript: Warning: Script Msg: Divide by zero detected: 0.000000 / 0
Script call stack:
	Function /Game/UI/W_Alienek.W_Alienek_C:GetPercent_0

[2025.12.16-21.06.35:088][624]LogScript: Warning: Script Msg: Divide by zero detected: 0.000000 / 0
Script call stack:
	Function /Game/UI/W_Alienek.W_Alienek_C:GetPercent_0

[2025.12.16-21.06.35:108][625]LogScript: Warning: Script Msg: Divide by zero detected: 0.000000 / 0
Script call stack:
	Function /Game/UI/W_Alienek.W_Alienek_C:GetPercent_0

[2025.12.16-21.06.35:129][626]LogScript: Warning: Script Msg: Divide by zero detected: 0.000000 / 0
Script call stack:
	Function /Game/UI/W_Alienek.W_Alienek_C:GetPercent_0

[2025.12.16-21.06.35:149][627]LogScript: Warning: Script Msg: Divide by zero detected: 0.000000 / 0
Script call stack:
	Function /Game/UI/W_Alienek.W_Alienek_C:GetPercent_0

[2025.12.16-21.06.35:170][628]LogScript: Warning: Script Msg: Divide by zero detected: 0.000000 / 0
Script call stack:
	Function /Game/UI/W_Alienek.W_Alienek_C:GetPercent_0

[2025.12.16-21.06.35:187][629]LogScript: Warning: Script Msg: Divide by zero detected: 0.000000 / 0
Script call stack:
	Function /Game/UI/W_Alienek.W_Alienek_C:GetPercent_0

[2025.12.16-21.06.35:203][630]LogScript: Warning: Script Msg: Divide by zero detected: 0.000000 / 0
Script call stack:
	Function /Game/UI/W_Alienek.W_Alienek_C:GetPercent_0

[2025.12.16-21.06.35:219][631]LogScript: Warning: Script Msg: Divide by zero detected: 0.000000 / 0
Script call stack:
	Function /Game/UI/W_Alienek.W_Alienek_C:GetPercent_0

[2025.12.16-21.06.35:236][632]LogScript: Warning: Script Msg: Divide by zero detected: 0.000000 / 0
Script call stack:
	Function /Game/UI/W_Alienek.W_Alienek_C:GetPercent_0

[2025.12.16-21.06.35:252][633]LogScript: Warning: Script Msg: Divide by zero detected: 0.000000 / 0
Script call stack:
	Function /Game/UI/W_Alienek.W_Alienek_C:GetPercent_0

[2025.12.16-21.06.35:272][634]LogScript: Warning: Script Msg: Divide by zero detected: 0.000000 / 0
Script call stack:
	Function /Game/UI/W_Alienek.W_Alienek_C:GetPercent_0

[2025.12.16-21.06.35:291][635]LogScript: Warning: Script Msg: Divide by zero detected: 0.000000 / 0
Script call stack:
	Function /Game/UI/W_Alienek.W_Alienek_C:GetPercent_0

[2025.12.16-21.06.35:313][636]LogScript: Warning: Script Msg: Divide by zero detected: 0.000000 / 0
Script call stack:
	Function /Game/UI/W_Alienek.W_Alienek_C:GetPercent_0

[2025.12.16-21.06.35:335][637]LogScript: Warning: Script Msg: Divide by zero detected: 0.000000 / 0
Script call stack:
	Function /Game/UI/W_Alienek.W_Alienek_C:GetPercent_0

[2025.12.16-21.06.35:354][638]LogScript: Warning: Script Msg: Divide by zero detected: 0.000000 / 0
Script call stack:
	Function /Game/UI/W_Alienek.W_Alienek_C:GetPercent_0

[2025.12.16-21.06.35:370][639]LogScript: Warning: Script Msg: Divide by zero detected: 0.000000 / 0
Script call stack:
	Function /Game/UI/W_Alienek.W_Alienek_C:GetPercent_0

[2025.12.16-21.06.35:388][640]LogScript: Warning: Script Msg: Divide by zero detected: 0.000000 / 0
Script call stack:
	Function /Game/UI/W_Alienek.W_Alienek_C:GetPercent_0

[2025.12.16-21.06.35:404][641]LogScript: Warning: Script Msg: Divide by zero detected: 0.000000 / 0
Script call stack:
	Function /Game/UI/W_Alienek.W_Alienek_C:GetPercent_0

[2025.12.16-21.06.35:424][642]LogScript: Warning: Script Msg: Divide by zero detected: 0.000000 / 0
Script call stack:
	Function /Game/UI/W_Alienek.W_Alienek_C:GetPercent_0

[2025.12.16-21.06.35:440][643]LogScript: Warning: Script Msg: Divide by zero detected: 0.000000 / 0
Script call stack:
	Function /Game/UI/W_Alienek.W_Alienek_C:GetPercent_0

[2025.12.16-21.06.35:456][644]LogScript: Warning: Script Msg: Divide by zero detected: 0.000000 / 0
Script call stack:
	Function /Game/UI/W_Alienek.W_Alienek_C:GetPercent_0

[2025.12.16-21.06.35:478][645]LogScript: Warning: Script Msg: Divide by zero detected: 0.000000 / 0
Script call stack:
	Function /Game/UI/W_Alienek.W_Alienek_C:GetPercent_0

[2025.12.16-21.06.35:498][646]LogScript: Warning: Script Msg: Divide by zero detected: 0.000000 / 0
Script call stack:
	Function /Game/UI/W_Alienek.W_Alienek_C:GetPercent_0

[2025.12.16-21.06.35:521][647]LogScript: Warning: Script Msg: Divide by zero detected: 0.000000 / 0
Script call stack:
	Function /Game/UI/W_Alienek.W_Alienek_C:GetPercent_0

[2025.12.16-21.06.35:541][648]LogScript: Warning: Script Msg: Divide by zero detected: 0.000000 / 0
Script call stack:
	Function /Game/UI/W_Alienek.W_Alienek_C:GetPercent_0

[2025.12.16-21.06.35:561][649]LogScript: Warning: Script Msg: Divide by zero detected: 0.000000 / 0
Script call stack:
	Function /Game/UI/W_Alienek.W_Alienek_C:GetPercent_0

[2025.12.16-21.06.35:578][650]LogScript: Warning: Script Msg: Divide by zero detected: 0.000000 / 0
Script call stack:
	Function /Game/UI/W_Alienek.W_Alienek_C:GetPercent_0

[2025.12.16-21.06.35:597][651]LogScript: Warning: Script Msg: Divide by zero detected: 0.000000 / 0
Script call stack:
	Function /Game/UI/W_Alienek.W_Alienek_C:GetPercent_0

[2025.12.16-21.06.35:614][652]LogScript: Warning: Script Msg: Divide by zero detected: 0.000000 / 0
Script call stack:
	Function /Game/UI/W_Alienek.W_Alienek_C:GetPercent_0

[2025.12.16-21.06.35:633][653]LogScript: Warning: Script Msg: Divide by zero detected: 0.000000 / 0
Script call stack:
	Function /Game/UI/W_Alienek.W_Alienek_C:GetPercent_0

[2025.12.16-21.06.35:651][654]LogScript: Warning: Script Msg: Divide by zero detected: 0.000000 / 0
Script call stack:
	Function /Game/UI/W_Alienek.W_Alienek_C:GetPercent_0

[2025.12.16-21.06.35:673][655]LogScript: Warning: Script Msg: Divide by zero detected: 0.000000 / 0
Script call stack:
	Function /Game/UI/W_Alienek.W_Alienek_C:GetPercent_0

[2025.12.16-21.06.35:691][656]LogScript: Warning: Script Msg: Divide by zero detected: 0.000000 / 0
Script call stack:
	Function /Game/UI/W_Alienek.W_Alienek_C:GetPercent_0

[2025.12.16-21.06.35:711][657]LogScript: Warning: Script Msg: Divide by zero detected: 0.000000 / 0
Script call stack:
	Function /Game/UI/W_Alienek.W_Alienek_C:GetPercent_0

[2025.12.16-21.06.35:730][658]LogScript: Warning: Script Msg: Divide by zero detected: 0.000000 / 0
Script call stack:
	Function /Game/UI/W_Alienek.W_Alienek_C:GetPercent_0

[2025.12.16-21.06.35:749][659]LogScript: Warning: Script Msg: Divide by zero detected: 0.000000 / 0
Script call stack:
	Function /Game/UI/W_Alienek.W_Alienek_C:GetPercent_0

[2025.12.16-21.06.35:770][660]LogScript: Warning: Script Msg: Divide by zero detected: 0.000000 / 0
Script call stack:
	Function /Game/UI/W_Alienek.W_Alienek_C:GetPercent_0

[2025.12.16-21.06.35:793][661]LogScript: Warning: Script Msg: Divide by zero detected: 0.000000 / 0
Script call stack:
	Function /Game/UI/W_Alienek.W_Alienek_C:GetPercent_0

[2025.12.16-21.06.35:811][662]LogScript: Warning: Script Msg: Divide by zero detected: 0.000000 / 0
Script call stack:
	Function /Game/UI/W_Alienek.W_Alienek_C:GetPercent_0

[2025.12.16-21.06.35:829][663]LogScript: Warning: Script Msg: Divide by zero detected: 0.000000 / 0
Script call stack:
	Function /Game/UI/W_Alienek.W_Alienek_C:GetPercent_0

[2025.12.16-21.06.35:845][664]LogScript: Warning: Script Msg: Divide by zero detected: 0.000000 / 0
Script call stack:
	Function /Game/UI/W_Alienek.W_Alienek_C:GetPercent_0

[2025.12.16-21.06.35:863][665]LogScript: Warning: Script Msg: Divide by zero detected: 0.000000 / 0
Script call stack:
	Function /Game/UI/W_Alienek.W_Alienek_C:GetPercent_0

[2025.12.16-21.06.35:881][666]LogScript: Warning: Script Msg: Divide by zero detected: 0.000000 / 0
Script call stack:
	Function /Game/UI/W_Alienek.W_Alienek_C:GetPercent_0

[2025.12.16-21.06.35:902][667]LogScript: Warning: Script Msg: Divide by zero detected: 0.000000 / 0
Script call stack:
	Function /Game/UI/W_Alienek.W_Alienek_C:GetPercent_0

[2025.12.16-21.06.35:924][668]LogScript: Warning: Script Msg: Divide by zero detected: 0.000000 / 0
Script call stack:
	Function /Game/UI/W_Alienek.W_Alienek_C:GetPercent_0

[2025.12.16-21.06.35:945][669]LogScript: Warning: Script Msg: Divide by zero detected: 0.000000 / 0
Script call stack:
	Function /Game/UI/W_Alienek.W_Alienek_C:GetPercent_0

[2025.12.16-21.06.35:966][670]LogScript: Warning: Script Msg: Divide by zero detected: 0.000000 / 0
Script call stack:
	Function /Game/UI/W_Alienek.W_Alienek_C:GetPercent_0

[2025.12.16-21.06.35:986][671]LogScript: Warning: Script Msg: Divide by zero detected: 0.000000 / 0
Script call stack:
	Function /Game/UI/W_Alienek.W_Alienek_C:GetPercent_0

[2025.12.16-21.06.36:004][672]LogScript: Warning: Script Msg: Divide by zero detected: 0.000000 / 0
Script call stack:
	Function /Game/UI/W_Alienek.W_Alienek_C:GetPercent_0

[2025.12.16-21.06.36:022][673]LogScript: Warning: Script Msg: Divide by zero detected: 0.000000 / 0
Script call stack:
	Function /Game/UI/W_Alienek.W_Alienek_C:GetPercent_0

[2025.12.16-21.06.36:039][674]LogScript: Warning: Script Msg: Divide by zero detected: 0.000000 / 0
Script call stack:
	Function /Game/UI/W_Alienek.W_Alienek_C:GetPercent_0

[2025.12.16-21.06.36:057][675]LogScript: Warning: Script Msg: Divide by zero detected: 0.000000 / 0
Script call stack:
	Function /Game/UI/W_Alienek.W_Alienek_C:GetPercent_0

[2025.12.16-21.06.36:076][676]LogScript: Warning: Script Msg: Divide by zero detected: 0.000000 / 0
Script call stack:
	Function /Game/UI/W_Alienek.W_Alienek_C:GetPercent_0

[2025.12.16-21.06.36:094][677]LogScript: Warning: Script Msg: Divide by zero detected: 0.000000 / 0
Script call stack:
	Function /Game/UI/W_Alienek.W_Alienek_C:GetPercent_0

[2025.12.16-21.06.36:114][678]LogScript: Warning: Script Msg: Divide by zero detected: 0.000000 / 0
Script call stack:
	Function /Game/UI/W_Alienek.W_Alienek_C:GetPercent_0

[2025.12.16-21.06.36:135][679]LogScript: Warning: Script Msg: Divide by zero detected: 0.000000 / 0
Script call stack:
	Function /Game/UI/W_Alienek.W_Alienek_C:GetPercent_0

[2025.12.16-21.06.36:154][680]LogScript: Warning: Script Msg: Divide by zero detected: 0.000000 / 0
Script call stack:
	Function /Game/UI/W_Alienek.W_Alienek_C:GetPercent_0

[2025.12.16-21.06.36:175][681]LogScript: Warning: Script Msg: Divide by zero detected: 0.000000 / 0
Script call stack:
	Function /Game/UI/W_Alienek.W_Alienek_C:GetPercent_0

[2025.12.16-21.06.36:194][682]LogScript: Warning: Script Msg: Divide by zero detected: 0.000000 / 0
Script call stack:
	Function /Game/UI/W_Alienek.W_Alienek_C:GetPercent_0

[2025.12.16-21.06.36:212][683]LogScript: Warning: Script Msg: Divide by zero detected: 0.000000 / 0
Script call stack:
	Function /Game/UI/W_Alienek.W_Alienek_C:GetPercent_0

[2025.12.16-21.06.36:231][684]LogScript: Warning: Script Msg: Divide by zero detected: 0.000000 / 0
Script call stack:
	Function /Game/UI/W_Alienek.W_Alienek_C:GetPercent_0

[2025.12.16-21.06.36:249][685]LogScript: Warning: Script Msg: Divide by zero detected: 0.000000 / 0
Script call stack:
	Function /Game/UI/W_Alienek.W_Alienek_C:GetPercent_0

[2025.12.16-21.06.36:267][686]LogScript: Warning: Script Msg: Divide by zero detected: 0.000000 / 0
Script call stack:
	Function /Game/UI/W_Alienek.W_Alienek_C:GetPercent_0

[2025.12.16-21.06.36:286][687]LogScript: Warning: Script Msg: Divide by zero detected: 0.000000 / 0
Script call stack:
	Function /Game/UI/W_Alienek.W_Alienek_C:GetPercent_0

[2025.12.16-21.06.36:309][688]LogScript: Warning: Script Msg: Divide by zero detected: 0.000000 / 0
Script call stack:
	Function /Game/UI/W_Alienek.W_Alienek_C:GetPercent_0

[2025.12.16-21.06.36:331][689]LogScript: Warning: Script Msg: Divide by zero detected: 0.000000 / 0
Script call stack:
	Function /Game/UI/W_Alienek.W_Alienek_C:GetPercent_0

[2025.12.16-21.06.36:353][690]LogScript: Warning: Script Msg: Divide by zero detected: 0.000000 / 0
Script call stack:
	Function /Game/UI/W_Alienek.W_Alienek_C:GetPercent_0

[2025.12.16-21.06.36:374][691]LogScript: Warning: Script Msg: Divide by zero detected: 0.000000 / 0
Script call stack:
	Function /Game/UI/W_Alienek.W_Alienek_C:GetPercent_0

[2025.12.16-21.06.36:392][692]LogScript: Warning: Script Msg: Divide by zero detected: 0.000000 / 0
Script call stack:
	Function /Game/UI/W_Alienek.W_Alienek_C:GetPercent_0

[2025.12.16-21.06.36:409][693]LogScript: Warning: Script Msg: Divide by zero detected: 0.000000 / 0
Script call stack:
	Function /Game/UI/W_Alienek.W_Alienek_C:GetPercent_0

[2025.12.16-21.06.36:427][694]LogScript: Warning: Script Msg: Divide by zero detected: 0.000000 / 0
Script call stack:
	Function /Game/UI/W_Alienek.W_Alienek_C:GetPercent_0

[2025.12.16-21.06.36:462][695]LogScript: Warning: Script Msg: Divide by zero detected: 0.000000 / 0
Script call stack:
	Function /Game/UI/W_Alienek.W_Alienek_C:GetPercent_0

[2025.12.16-21.06.36:482][696]LogScript: Warning: Script Msg: Divide by zero detected: 0.000000 / 0
Script call stack:
	Function /Game/UI/W_Alienek.W_Alienek_C:GetPercent_0

[2025.12.16-21.06.36:505][697]LogScript: Warning: Script Msg: Divide by zero detected: 0.000000 / 0
Script call stack:
	Function /Game/UI/W_Alienek.W_Alienek_C:GetPercent_0

[2025.12.16-21.06.36:527][698]LogScript: Warning: Script Msg: Divide by zero detected: 0.000000 / 0
Script call stack:
	Function /Game/UI/W_Alienek.W_Alienek_C:GetPercent_0

[2025.12.16-21.06.36:546][699]LogScript: Warning: Script Msg: Divide by zero detected: 0.000000 / 0
Script call stack:
	Function /Game/UI/W_Alienek.W_Alienek_C:GetPercent_0

[2025.12.16-21.06.36:565][700]LogScript: Warning: Script Msg: Divide by zero detected: 0.000000 / 0
Script call stack:
	Function /Game/UI/W_Alienek.W_Alienek_C:GetPercent_0

[2025.12.16-21.06.36:585][701]LogScript: Warning: Script Msg: Divide by zero detected: 0.000000 / 0
Script call stack:
	Function /Game/UI/W_Alienek.W_Alienek_C:GetPercent_0

[2025.12.16-21.06.36:604][702]LogScript: Warning: Script Msg: Divide by zero detected: 0.000000 / 0
Script call stack:
	Function /Game/UI/W_Alienek.W_Alienek_C:GetPercent_0

[2025.12.16-21.06.36:624][703]LogScript: Warning: Script Msg: Divide by zero detected: 0.000000 / 0
Script call stack:
	Function /Game/UI/W_Alienek.W_Alienek_C:GetPercent_0

[2025.12.16-21.06.36:643][704]LogScript: Warning: Script Msg: Divide by zero detected: 0.000000 / 0
Script call stack:
	Function /Game/UI/W_Alienek.W_Alienek_C:GetPercent_0

[2025.12.16-21.06.36:662][705]LogScript: Warning: Script Msg: Divide by zero detected: 0.000000 / 0
Script call stack:
	Function /Game/UI/W_Alienek.W_Alienek_C:GetPercent_0

[2025.12.16-21.06.36:683][706]LogScript: Warning: Script Msg: Divide by zero detected: 0.000000 / 0
Script call stack:
	Function /Game/UI/W_Alienek.W_Alienek_C:GetPercent_0

[2025.12.16-21.06.36:703][707]LogScript: Warning: Script Msg: Divide by zero detected: 0.000000 / 0
Script call stack:
	Function /Game/UI/W_Alienek.W_Alienek_C:GetPercent_0

[2025.12.16-21.06.36:723][708]LogScript: Warning: Script Msg: Divide by zero detected: 0.000000 / 0
Script call stack:
	Function /Game/UI/W_Alienek.W_Alienek_C:GetPercent_0

[2025.12.16-21.06.36:742][709]LogScript: Warning: Script Msg: Divide by zero detected: 0.000000 / 0
Script call stack:
	Function /Game/UI/W_Alienek.W_Alienek_C:GetPercent_0

[2025.12.16-21.06.36:764][710]LogScript: Warning: Script Msg: Divide by zero detected: 0.000000 / 0
Script call stack:
	Function /Game/UI/W_Alienek.W_Alienek_C:GetPercent_0

[2025.12.16-21.06.36:781][711]LogScript: Warning: Script Msg: Divide by zero detected: 0.000000 / 0
Script call stack:
	Function /Game/UI/W_Alienek.W_Alienek_C:GetPercent_0

[2025.12.16-21.06.36:797][712]LogScript: Warning: Script Msg: Divide by zero detected: 0.000000 / 0
Script call stack:
	Function /Game/UI/W_Alienek.W_Alienek_C:GetPercent_0

[2025.12.16-21.06.36:814][713]LogScript: Warning: Script Msg: Divide by zero detected: 0.000000 / 0
Script call stack:
	Function /Game/UI/W_Alienek.W_Alienek_C:GetPercent_0

[2025.12.16-21.06.36:831][714]LogScript: Warning: Script Msg: Divide by zero detected: 0.000000 / 0
Script call stack:
	Function /Game/UI/W_Alienek.W_Alienek_C:GetPercent_0

[2025.12.16-21.06.36:849][715]LogScript: Warning: Script Msg: Divide by zero detected: 0.000000 / 0
Script call stack:
	Function /Game/UI/W_Alienek.W_Alienek_C:GetPercent_0

[2025.12.16-21.06.36:866][716]LogScript: Warning: Script Msg: Divide by zero detected: 0.000000 / 0
Script call stack:
	Function /Game/UI/W_Alienek.W_Alienek_C:GetPercent_0

[2025.12.16-21.06.36:886][717]LogScript: Warning: Script Msg: Divide by zero detected: 0.000000 / 0
Script call stack:
	Function /Game/UI/W_Alienek.W_Alienek_C:GetPercent_0

[2025.12.16-21.06.36:911][718]LogScript: Warning: Script Msg: Divide by zero detected: 0.000000 / 0
Script call stack:
	Function /Game/UI/W_Alienek.W_Alienek_C:GetPercent_0

[2025.12.16-21.06.36:933][719]LogScript: Warning: Script Msg: Divide by zero detected: 0.000000 / 0
Script call stack:
	Function /Game/UI/W_Alienek.W_Alienek_C:GetPercent_0

[2025.12.16-21.06.36:955][720]LogScript: Warning: Script Msg: Divide by zero detected: 0.000000 / 0
Script call stack:
	Function /Game/UI/W_Alienek.W_Alienek_C:GetPercent_0

[2025.12.16-21.06.36:975][721]LogScript: Warning: Script Msg: Divide by zero detected: 0.000000 / 0
Script call stack:
	Function /Game/UI/W_Alienek.W_Alienek_C:GetPercent_0

[2025.12.16-21.06.36:993][722]LogScript: Warning: Script Msg: Divide by zero detected: 0.000000 / 0
Script call stack:
	Function /Game/UI/W_Alienek.W_Alienek_C:GetPercent_0

[2025.12.16-21.06.37:012][723]LogScript: Warning: Script Msg: Divide by zero detected: 0.000000 / 0
Script call stack:
	Function /Game/UI/W_Alienek.W_Alienek_C:GetPercent_0

[2025.12.16-21.06.37:028][724]LogScript: Warning: Script Msg: Divide by zero detected: 0.000000 / 0
Script call stack:
	Function /Game/UI/W_Alienek.W_Alienek_C:GetPercent_0

[2025.12.16-21.06.37:047][725]LogScript: Warning: Script Msg: Divide by zero detected: 0.000000 / 0
Script call stack:
	Function /Game/UI/W_Alienek.W_Alienek_C:GetPercent_0

[2025.12.16-21.06.37:065][726]LogScript: Warning: Script Msg: Divide by zero detected: 0.000000 / 0
Script call stack:
	Function /Game/UI/W_Alienek.W_Alienek_C:GetPercent_0

[2025.12.16-21.06.37:083][727]LogScript: Warning: Script Msg: Divide by zero detected: 0.000000 / 0
Script call stack:
	Function /Game/UI/W_Alienek.W_Alienek_C:GetPercent_0

[2025.12.16-21.06.37:105][728]LogScript: Warning: Script Msg: Divide by zero detected: 0.000000 / 0
Script call stack:
	Function /Game/UI/W_Alienek.W_Alienek_C:GetPercent_0

[2025.12.16-21.06.37:124][729]LogScript: Warning: Script Msg: Divide by zero detected: 0.000000 / 0
Script call stack:
	Function /Game/UI/W_Alienek.W_Alienek_C:GetPercent_0

[2025.12.16-21.06.37:145][730]LogScript: Warning: Script Msg: Divide by zero detected: 0.000000 / 0
Script call stack:
	Function /Game/UI/W_Alienek.W_Alienek_C:GetPercent_0

[2025.12.16-21.06.37:165][731]LogScript: Warning: Script Msg: Divide by zero detected: 0.000000 / 0
Script call stack:
	Function /Game/UI/W_Alienek.W_Alienek_C:GetPercent_0

[2025.12.16-21.06.37:184][732]LogScript: Warning: Script Msg: Divide by zero detected: 0.000000 / 0
Script call stack:
	Function /Game/UI/W_Alienek.W_Alienek_C:GetPercent_0

[2025.12.16-21.06.37:202][733]LogScript: Warning: Script Msg: Divide by zero detected: 0.000000 / 0
Script call stack:
	Function /Game/UI/W_Alienek.W_Alienek_C:GetPercent_0

[2025.12.16-21.06.37:221][734]LogScript: Warning: Script Msg: Divide by zero detected: 0.000000 / 0
Script call stack:
	Function /Game/UI/W_Alienek.W_Alienek_C:GetPercent_0

[2025.12.16-21.06.37:239][735]LogScript: Warning: Script Msg: Divide by zero detected: 0.000000 / 0
Script call stack:
	Function /Game/UI/W_Alienek.W_Alienek_C:GetPercent_0

[2025.12.16-21.06.37:259][736]LogScript: Warning: Script Msg: Divide by zero detected: 0.000000 / 0
Script call stack:
	Function /Game/UI/W_Alienek.W_Alienek_C:GetPercent_0

[2025.12.16-21.06.37:277][737]LogScript: Warning: Script Msg: Divide by zero detected: 0.000000 / 0
Script call stack:
	Function /Game/UI/W_Alienek.W_Alienek_C:GetPercent_0

[2025.12.16-21.06.37:297][738]LogScript: Warning: Script Msg: Divide by zero detected: 0.000000 / 0
Script call stack:
	Function /Game/UI/W_Alienek.W_Alienek_C:GetPercent_0

[2025.12.16-21.06.37:318][739]LogScript: Warning: Script Msg: Divide by zero detected: 0.000000 / 0
Script call stack:
	Function /Game/UI/W_Alienek.W_Alienek_C:GetPercent_0

[2025.12.16-21.06.37:340][740]LogScript: Warning: Script Msg: Divide by zero detected: 0.000000 / 0
Script call stack:
	Function /Game/UI/W_Alienek.W_Alienek_C:GetPercent_0

[2025.12.16-21.06.37:360][741]LogScript: Warning: Script Msg: Divide by zero detected: 0.000000 / 0
Script call stack:
	Function /Game/UI/W_Alienek.W_Alienek_C:GetPercent_0

[2025.12.16-21.06.37:382][742]LogScript: Warning: Script Msg: Divide by zero detected: 0.000000 / 0
Script call stack:
	Function /Game/UI/W_Alienek.W_Alienek_C:GetPercent_0

[2025.12.16-21.06.37:401][743]LogScript: Warning: Script Msg: Divide by zero detected: 0.000000 / 0
Script call stack:
	Function /Game/UI/W_Alienek.W_Alienek_C:GetPercent_0

[2025.12.16-21.06.37:423][744]LogScript: Warning: Script Msg: Divide by zero detected: 0.000000 / 0
Script call stack:
	Function /Game/UI/W_Alienek.W_Alienek_C:GetPercent_0

[2025.12.16-21.06.37:443][745]LogScript: Warning: Script Msg: Divide by zero detected: 0.000000 / 0
Script call stack:
	Function /Game/UI/W_Alienek.W_Alienek_C:GetPercent_0

[2025.12.16-21.06.37:461][746]LogScript: Warning: Script Msg: Divide by zero detected: 0.000000 / 0
Script call stack:
	Function /Game/UI/W_Alienek.W_Alienek_C:GetPercent_0

[2025.12.16-21.06.37:478][747]LogScript: Warning: Script Msg: Divide by zero detected: 0.000000 / 0
Script call stack:
	Function /Game/UI/W_Alienek.W_Alienek_C:GetPercent_0

[2025.12.16-21.06.37:495][748]LogScript: Warning: Script Msg: Divide by zero detected: 0.000000 / 0
Script call stack:
	Function /Game/UI/W_Alienek.W_Alienek_C:GetPercent_0

[2025.12.16-21.06.37:515][749]LogScript: Warning: Script Msg: Divide by zero detected: 0.000000 / 0
Script call stack:
	Function /Game/UI/W_Alienek.W_Alienek_C:GetPercent_0

[2025.12.16-21.06.37:535][750]LogScript: Warning: Script Msg: Divide by zero detected: 0.000000 / 0
Script call stack:
	Function /Game/UI/W_Alienek.W_Alienek_C:GetPercent_0

[2025.12.16-21.06.37:555][751]LogScript: Warning: Script Msg: Divide by zero detected: 0.000000 / 0
Script call stack:
	Function /Game/UI/W_Alienek.W_Alienek_C:GetPercent_0

[2025.12.16-21.06.37:574][752]LogScript: Warning: Script Msg: Divide by zero detected: 0.000000 / 0
Script call stack:
	Function /Game/UI/W_Alienek.W_Alienek_C:GetPercent_0

[2025.12.16-21.06.37:595][753]LogScript: Warning: Script Msg: Divide by zero detected: 0.000000 / 0
Script call stack:
	Function /Game/UI/W_Alienek.W_Alienek_C:GetPercent_0

[2025.12.16-21.06.37:617][754]LogScript: Warning: Script Msg: Divide by zero detected: 0.000000 / 0
Script call stack:
	Function /Game/UI/W_Alienek.W_Alienek_C:GetPercent_0

[2025.12.16-21.06.37:636][755]LogScript: Warning: Script Msg: Divide by zero detected: 0.000000 / 0
Script call stack:
	Function /Game/UI/W_Alienek.W_Alienek_C:GetPercent_0

[2025.12.16-21.06.37:654][756]LogScript: Warning: Script Msg: Divide by zero detected: 0.000000 / 0
Script call stack:
	Function /Game/UI/W_Alienek.W_Alienek_C:GetPercent_0

[2025.12.16-21.06.37:673][757]LogScript: Warning: Script Msg: Divide by zero detected: 0.000000 / 0
Script call stack:
	Function /Game/UI/W_Alienek.W_Alienek_C:GetPercent_0

[2025.12.16-21.06.37:690][758]LogScript: Warning: Script Msg: Divide by zero detected: 0.000000 / 0
Script call stack:
	Function /Game/UI/W_Alienek.W_Alienek_C:GetPercent_0

[2025.12.16-21.06.37:711][759]LogScript: Warning: Script Msg: Divide by zero detected: 0.000000 / 0
Script call stack:
	Function /Game/UI/W_Alienek.W_Alienek_C:GetPercent_0

[2025.12.16-21.06.37:731][760]LogScript: Warning: Script Msg: Divide by zero detected: 0.000000 / 0
Script call stack:
	Function /Game/UI/W_Alienek.W_Alienek_C:GetPercent_0

[2025.12.16-21.06.37:752][761]LogScript: Warning: Script Msg: Divide by zero detected: 0.000000 / 0
Script call stack:
	Function /Game/UI/W_Alienek.W_Alienek_C:GetPercent_0

[2025.12.16-21.06.37:772][762]LogScript: Warning: Script Msg: Divide by zero detected: 0.000000 / 0
Script call stack:
	Function /Game/UI/W_Alienek.W_Alienek_C:GetPercent_0

[2025.12.16-21.06.37:794][763]LogScript: Warning: Script Msg: Divide by zero detected: 0.000000 / 0
Script call stack:
	Function /Game/UI/W_Alienek.W_Alienek_C:GetPercent_0

[2025.12.16-21.06.37:814][764]LogScript: Warning: Script Msg: Divide by zero detected: 0.000000 / 0
Script call stack:
	Function /Game/UI/W_Alienek.W_Alienek_C:GetPercent_0

[2025.12.16-21.06.37:833][765]LogScript: Warning: Script Msg: Divide by zero detected: 0.000000 / 0
Script call stack:
	Function /Game/UI/W_Alienek.W_Alienek_C:GetPercent_0

[2025.12.16-21.06.37:851][766]LogScript: Warning: Script Msg: Divide by zero detected: 0.000000 / 0
Script call stack:
	Function /Game/UI/W_Alienek.W_Alienek_C:GetPercent_0

[2025.12.16-21.06.37:869][767]LogScript: Warning: Script Msg: Divide by zero detected: 0.000000 / 0
Script call stack:
	Function /Game/UI/W_Alienek.W_Alienek_C:GetPercent_0

[2025.12.16-21.06.37:889][768]LogScript: Warning: Script Msg: Divide by zero detected: 0.000000 / 0
Script call stack:
	Function /Game/UI/W_Alienek.W_Alienek_C:GetPercent_0

[2025.12.16-21.06.37:907][769]LogScript: Warning: Script Msg: Divide by zero detected: 0.000000 / 0
Script call stack:
	Function /Game/UI/W_Alienek.W_Alienek_C:GetPercent_0

[2025.12.16-21.06.37:930][770]LogScript: Warning: Script Msg: Divide by zero detected: 0.000000 / 0
Script call stack:
	Function /Game/UI/W_Alienek.W_Alienek_C:GetPercent_0

[2025.12.16-21.06.37:952][771]LogScript: Warning: Script Msg: Divide by zero detected: 0.000000 / 0
Script call stack:
	Function /Game/UI/W_Alienek.W_Alienek_C:GetPercent_0

[2025.12.16-21.06.37:973][772]LogScript: Warning: Script Msg: Divide by zero detected: 0.000000 / 0
Script call stack:
	Function /Game/UI/W_Alienek.W_Alienek_C:GetPercent_0

[2025.12.16-21.06.37:995][773]LogScript: Warning: Script Msg: Divide by zero detected: 0.000000 / 0
Script call stack:
	Function /Game/UI/W_Alienek.W_Alienek_C:GetPercent_0

[2025.12.16-21.06.38:016][774]LogScript: Warning: Script Msg: Divide by zero detected: 0.000000 / 0
Script call stack:
	Function /Game/UI/W_Alienek.W_Alienek_C:GetPercent_0

[2025.12.16-21.06.38:034][775]LogScript: Warning: Script Msg: Divide by zero detected: 0.000000 / 0
Script call stack:
	Function /Game/UI/W_Alienek.W_Alienek_C:GetPercent_0

[2025.12.16-21.06.38:050][776]LogScript: Warning: Script Msg: Divide by zero detected: 0.000000 / 0
Script call stack:
	Function /Game/UI/W_Alienek.W_Alienek_C:GetPercent_0

[2025.12.16-21.06.38:071][777]LogScript: Warning: Script Msg: Divide by zero detected: 0.000000 / 0
Script call stack:
	Function /Game/UI/W_Alienek.W_Alienek_C:GetPercent_0

[2025.12.16-21.06.38:088][778]LogScript: Warning: Script Msg: Divide by zero detected: 0.000000 / 0
Script call stack:
	Function /Game/UI/W_Alienek.W_Alienek_C:GetPercent_0

[2025.12.16-21.06.38:108][779]LogScript: Warning: Script Msg: Divide by zero detected: 0.000000 / 0
Script call stack:
	Function /Game/UI/W_Alienek.W_Alienek_C:GetPercent_0

[2025.12.16-21.06.38:128][780]LogScript: Warning: Script Msg: Divide by zero detected: 0.000000 / 0
Script call stack:
	Function /Game/UI/W_Alienek.W_Alienek_C:GetPercent_0

[2025.12.16-21.06.38:150][781]LogScript: Warning: Script Msg: Divide by zero detected: 0.000000 / 0
Script call stack:
	Function /Game/UI/W_Alienek.W_Alienek_C:GetPercent_0

[2025.12.16-21.06.38:173][782]LogScript: Warning: Script Msg: Divide by zero detected: 0.000000 / 0
Script call stack:
	Function /Game/UI/W_Alienek.W_Alienek_C:GetPercent_0

[2025.12.16-21.06.38:197][783]LogScript: Warning: Script Msg: Divide by zero detected: 0.000000 / 0
Script call stack:
	Function /Game/UI/W_Alienek.W_Alienek_C:GetPercent_0

[2025.12.16-21.06.38:218][784]LogScript: Warning: Script Msg: Divide by zero detected: 0.000000 / 0
Script call stack:
	Function /Game/UI/W_Alienek.W_Alienek_C:GetPercent_0

[2025.12.16-21.06.38:239][785]LogScript: Warning: Script Msg: Divide by zero detected: 0.000000 / 0
Script call stack:
	Function /Game/UI/W_Alienek.W_Alienek_C:GetPercent_0

[2025.12.16-21.06.38:256][786]LogScript: Warning: Script Msg: Divide by zero detected: 0.000000 / 0
Script call stack:
	Function /Game/UI/W_Alienek.W_Alienek_C:GetPercent_0

[2025.12.16-21.06.38:276][787]LogScript: Warning: Script Msg: Divide by zero detected: 0.000000 / 0
Script call stack:
	Function /Game/UI/W_Alienek.W_Alienek_C:GetPercent_0

[2025.12.16-21.06.38:293][788]LogScript: Warning: Script Msg: Divide by zero detected: 0.000000 / 0
Script call stack:
	Function /Game/UI/W_Alienek.W_Alienek_C:GetPercent_0

[2025.12.16-21.06.38:310][789]LogScript: Warning: Script Msg: Divide by zero detected: 0.000000 / 0
Script call stack:
	Function /Game/UI/W_Alienek.W_Alienek_C:GetPercent_0

[2025.12.16-21.06.38:335][790]LogScript: Warning: Script Msg: Divide by zero detected: 0.000000 / 0
Script call stack:
	Function /Game/UI/W_Alienek.W_Alienek_C:GetPercent_0

[2025.12.16-21.06.38:354][791]LogScript: Warning: Script Msg: Divide by zero detected: 0.000000 / 0
Script call stack:
	Function /Game/UI/W_Alienek.W_Alienek_C:GetPercent_0

[2025.12.16-21.06.38:375][792]LogScript: Warning: Script Msg: Divide by zero detected: 0.000000 / 0
Script call stack:
	Function /Game/UI/W_Alienek.W_Alienek_C:GetPercent_0

[2025.12.16-21.06.38:399][793]LogScript: Warning: Script Msg: Divide by zero detected: 0.000000 / 0
Script call stack:
	Function /Game/UI/W_Alienek.W_Alienek_C:GetPercent_0

[2025.12.16-21.06.38:419][794]LogScript: Warning: Script Msg: Divide by zero detected: 0.000000 / 0
Script call stack:
	Function /Game/UI/W_Alienek.W_Alienek_C:GetPercent_0

[2025.12.16-21.06.38:444][795]LogScript: Warning: Script Msg: Divide by zero detected: 0.000000 / 0
Script call stack:
	Function /Game/UI/W_Alienek.W_Alienek_C:GetPercent_0

[2025.12.16-21.06.38:467][796]LogScript: Warning: Script Msg: Divide by zero detected: 0.000000 / 0
Script call stack:
	Function /Game/UI/W_Alienek.W_Alienek_C:GetPercent_0

[2025.12.16-21.06.38:494][797]LogScript: Warning: Script Msg: Divide by zero detected: 0.000000 / 0
Script call stack:
	Function /Game/UI/W_Alienek.W_Alienek_C:GetPercent_0

[2025.12.16-21.06.38:517][798]LogScript: Warning: Script Msg: Divide by zero detected: 0.000000 / 0
Script call stack:
	Function /Game/UI/W_Alienek.W_Alienek_C:GetPercent_0

[2025.12.16-21.06.38:534][799]LogScript: Warning: Script Msg: Divide by zero detected: 0.000000 / 0
Script call stack:
	Function /Game/UI/W_Alienek.W_Alienek_C:GetPercent_0

[2025.12.16-21.06.38:550][800]LogScript: Warning: Script Msg: Divide by zero detected: 0.000000 / 0
Script call stack:
	Function /Game/UI/W_Alienek.W_Alienek_C:GetPercent_0

[2025.12.16-21.06.38:566][801]LogScript: Warning: Script Msg: Divide by zero detected: 0.000000 / 0
Script call stack:
	Function /Game/UI/W_Alienek.W_Alienek_C:GetPercent_0

[2025.12.16-21.06.38:583][802]LogScript: Warning: Script Msg: Divide by zero detected: 0.000000 / 0
Script call stack:
	Function /Game/UI/W_Alienek.W_Alienek_C:GetPercent_0

[2025.12.16-21.06.38:599][803]LogScript: Warning: Script Msg: Divide by zero detected: 0.000000 / 0
Script call stack:
	Function /Game/UI/W_Alienek.W_Alienek_C:GetPercent_0

[2025.12.16-21.06.38:616][804]LogScript: Warning: Script Msg: Divide by zero detected: 0.000000 / 0
Script call stack:
	Function /Game/UI/W_Alienek.W_Alienek_C:GetPercent_0

[2025.12.16-21.06.38:632][805]LogScript: Warning: Script Msg: Divide by zero detected: 0.000000 / 0
Script call stack:
	Function /Game/UI/W_Alienek.W_Alienek_C:GetPercent_0

[2025.12.16-21.06.38:651][806]LogScript: Warning: Script Msg: Divide by zero detected: 0.000000 / 0
Script call stack:
	Function /Game/UI/W_Alienek.W_Alienek_C:GetPercent_0

[2025.12.16-21.06.38:673][807]LogScript: Warning: Script Msg: Divide by zero detected: 0.000000 / 0
Script call stack:
	Function /Game/UI/W_Alienek.W_Alienek_C:GetPercent_0

[2025.12.16-21.06.38:691][808]LogScript: Warning: Script Msg: Divide by zero detected: 0.000000 / 0
Script call stack:
	Function /Game/UI/W_Alienek.W_Alienek_C:GetPercent_0

[2025.12.16-21.06.38:710][809]LogScript: Warning: Script Msg: Divide by zero detected: 0.000000 / 0
Script call stack:
	Function /Game/UI/W_Alienek.W_Alienek_C:GetPercent_0

[2025.12.16-21.06.38:730][810]LogScript: Warning: Script Msg: Divide by zero detected: 0.000000 / 0
Script call stack:
	Function /Game/UI/W_Alienek.W_Alienek_C:GetPercent_0

[2025.12.16-21.06.38:750][811]LogScript: Warning: Script Msg: Divide by zero detected: 0.000000 / 0
Script call stack:
	Function /Game/UI/W_Alienek.W_Alienek_C:GetPercent_0

[2025.12.16-21.06.38:769][812]LogScript: Warning: Script Msg: Divide by zero detected: 0.000000 / 0
Script call stack:
	Function /Game/UI/W_Alienek.W_Alienek_C:GetPercent_0

[2025.12.16-21.06.38:788][813]LogScript: Warning: Script Msg: Divide by zero detected: 0.000000 / 0
Script call stack:
	Function /Game/UI/W_Alienek.W_Alienek_C:GetPercent_0

[2025.12.16-21.06.38:805][814]LogScript: Warning: Script Msg: Divide by zero detected: 0.000000 / 0
Script call stack:
	Function /Game/UI/W_Alienek.W_Alienek_C:GetPercent_0

[2025.12.16-21.06.38:826][815]LogScript: Warning: Script Msg: Divide by zero detected: 0.000000 / 0
Script call stack:
	Function /Game/UI/W_Alienek.W_Alienek_C:GetPercent_0

[2025.12.16-21.06.38:845][816]LogScript: Warning: Script Msg: Divide by zero detected: 0.000000 / 0
Script call stack:
	Function /Game/UI/W_Alienek.W_Alienek_C:GetPercent_0

[2025.12.16-21.06.38:864][817]LogScript: Warning: Script Msg: Divide by zero detected: 0.000000 / 0
Script call stack:
	Function /Game/UI/W_Alienek.W_Alienek_C:GetPercent_0

[2025.12.16-21.06.38:883][818]LogScript: Warning: Script Msg: Divide by zero detected: 0.000000 / 0
Script call stack:
	Function /Game/UI/W_Alienek.W_Alienek_C:GetPercent_0

[2025.12.16-21.06.38:903][819]LogScript: Warning: Script Msg: Divide by zero detected: 0.000000 / 0
Script call stack:
	Function /Game/UI/W_Alienek.W_Alienek_C:GetPercent_0

[2025.12.16-21.06.38:925][820]LogScript: Warning: Script Msg: Divide by zero detected: 0.000000 / 0
Script call stack:
	Function /Game/UI/W_Alienek.W_Alienek_C:GetPercent_0

[2025.12.16-21.06.38:945][821]LogScript: Warning: Script Msg: Divide by zero detected: 0.000000 / 0
Script call stack:
	Function /Game/UI/W_Alienek.W_Alienek_C:GetPercent_0

[2025.12.16-21.06.38:965][822]LogScript: Warning: Script Msg: Divide by zero detected: 0.000000 / 0
Script call stack:
	Function /Game/UI/W_Alienek.W_Alienek_C:GetPercent_0

[2025.12.16-21.06.38:984][823]LogScript: Warning: Script Msg: Divide by zero detected: 0.000000 / 0
Script call stack:
	Function /Game/UI/W_Alienek.W_Alienek_C:GetPercent_0

[2025.12.16-21.06.39:006][824]LogScript: Warning: Script Msg: Divide by zero detected: 0.000000 / 0
Script call stack:
	Function /Game/UI/W_Alienek.W_Alienek_C:GetPercent_0

[2025.12.16-21.06.39:031][825]LogScript: Warning: Script Msg: Divide by zero detected: 0.000000 / 0
Script call stack:
	Function /Game/UI/W_Alienek.W_Alienek_C:GetPercent_0

[2025.12.16-21.06.39:058][826]LogScript: Warning: Script Msg: Divide by zero detected: 0.000000 / 0
Script call stack:
	Function /Game/UI/W_Alienek.W_Alienek_C:GetPercent_0

[2025.12.16-21.06.39:072][827]LogScript: Warning: Script Msg: Divide by zero detected: 0.000000 / 0
Script call stack:
	Function /Game/UI/W_Alienek.W_Alienek_C:GetPercent_0

[2025.12.16-21.06.39:089][828]LogScript: Warning: Script Msg: Divide by zero detected: 0.000000 / 0
Script call stack:
	Function /Game/UI/W_Alienek.W_Alienek_C:GetPercent_0

[2025.12.16-21.06.39:106][829]LogScript: Warning: Script Msg: Divide by zero detected: 0.000000 / 0
Script call stack:
	Function /Game/UI/W_Alienek.W_Alienek_C:GetPercent_0

[2025.12.16-21.06.39:126][830]LogScript: Warning: Script Msg: Divide by zero detected: 0.000000 / 0
Script call stack:
	Function /Game/UI/W_Alienek.W_Alienek_C:GetPercent_0

[2025.12.16-21.06.39:145][831]LogScript: Warning: Script Msg: Divide by zero detected: 0.000000 / 0
Script call stack:
	Function /Game/UI/W_Alienek.W_Alienek_C:GetPercent_0

[2025.12.16-21.06.39:164][832]LogScript: Warning: Script Msg: Divide by zero detected: 0.000000 / 0
Script call stack:
	Function /Game/UI/W_Alienek.W_Alienek_C:GetPercent_0

[2025.12.16-21.06.39:184][833]LogScript: Warning: Script Msg: Divide by zero detected: 0.000000 / 0
Script call stack:
	Function /Game/UI/W_Alienek.W_Alienek_C:GetPercent_0

[2025.12.16-21.06.39:204][834]LogScript: Warning: Script Msg: Divide by zero detected: 0.000000 / 0
Script call stack:
	Function /Game/UI/W_Alienek.W_Alienek_C:GetPercent_0

[2025.12.16-21.06.39:223][835]LogScript: Warning: Script Msg: Divide by zero detected: 0.000000 / 0
Script call stack:
	Function /Game/UI/W_Alienek.W_Alienek_C:GetPercent_0

[2025.12.16-21.06.39:244][836]LogScript: Warning: Script Msg: Divide by zero detected: 0.000000 / 0
Script call stack:
	Function /Game/UI/W_Alienek.W_Alienek_C:GetPercent_0

[2025.12.16-21.06.39:265][837]LogScript: Warning: Script Msg: Divide by zero detected: 0.000000 / 0
Script call stack:
	Function /Game/UI/W_Alienek.W_Alienek_C:GetPercent_0

[2025.12.16-21.06.39:286][838]LogScript: Warning: Script Msg: Divide by zero detected: 0.000000 / 0
Script call stack:
	Function /Game/UI/W_Alienek.W_Alienek_C:GetPercent_0

[2025.12.16-21.06.39:306][839]LogScript: Warning: Script Msg: Divide by zero detected: 0.000000 / 0
Script call stack:
	Function /Game/UI/W_Alienek.W_Alienek_C:GetPercent_0

[2025.12.16-21.06.39:331][840]LogScript: Warning: Script Msg: Divide by zero detected: 0.000000 / 0
Script call stack:
	Function /Game/UI/W_Alienek.W_Alienek_C:GetPercent_0

[2025.12.16-21.06.39:352][841]LogScript: Warning: Script Msg: Divide by zero detected: 0.000000 / 0
Script call stack:
	Function /Game/UI/W_Alienek.W_Alienek_C:GetPercent_0

[2025.12.16-21.06.39:372][842]LogScript: Warning: Script Msg: Divide by zero detected: 0.000000 / 0
Script call stack:
	Function /Game/UI/W_Alienek.W_Alienek_C:GetPercent_0

[2025.12.16-21.06.39:393][843]LogScript: Warning: Script Msg: Divide by zero detected: 0.000000 / 0
Script call stack:
	Function /Game/UI/W_Alienek.W_Alienek_C:GetPercent_0

[2025.12.16-21.06.39:414][844]LogScript: Warning: Script Msg: Divide by zero detected: 0.000000 / 0
Script call stack:
	Function /Game/UI/W_Alienek.W_Alienek_C:GetPercent_0

[2025.12.16-21.06.39:434][845]LogScript: Warning: Script Msg: Divide by zero detected: 0.000000 / 0
Script call stack:
	Function /Game/UI/W_Alienek.W_Alienek_C:GetPercent_0

[2025.12.16-21.06.39:454][846]LogScript: Warning: Script Msg: Divide by zero detected: 0.000000 / 0
Script call stack:
	Function /Game/UI/W_Alienek.W_Alienek_C:GetPercent_0

[2025.12.16-21.06.39:476][847]LogScript: Warning: Script Msg: Divide by zero detected: 0.000000 / 0
Script call stack:
	Function /Game/UI/W_Alienek.W_Alienek_C:GetPercent_0

[2025.12.16-21.06.39:497][848]LogScript: Warning: Script Msg: Divide by zero detected: 0.000000 / 0
Script call stack:
	Function /Game/UI/W_Alienek.W_Alienek_C:GetPercent_0

[2025.12.16-21.06.39:518][849]LogScript: Warning: Script Msg: Divide by zero detected: 0.000000 / 0
Script call stack:
	Function /Game/UI/W_Alienek.W_Alienek_C:GetPercent_0

[2025.12.16-21.06.39:537][850]LogScript: Warning: Script Msg: Divide by zero detected: 0.000000 / 0
Script call stack:
	Function /Game/UI/W_Alienek.W_Alienek_C:GetPercent_0

[2025.12.16-21.06.39:558][851]LogScript: Warning: Script Msg: Divide by zero detected: 0.000000 / 0
Script call stack:
	Function /Game/UI/W_Alienek.W_Alienek_C:GetPercent_0

[2025.12.16-21.06.39:579][852]LogScript: Warning: Script Msg: Divide by zero detected: 0.000000 / 0
Script call stack:
	Function /Game/UI/W_Alienek.W_Alienek_C:GetPercent_0

[2025.12.16-21.06.39:599][853]LogScript: Warning: Script Msg: Divide by zero detected: 0.000000 / 0
Script call stack:
	Function /Game/UI/W_Alienek.W_Alienek_C:GetPercent_0

[2025.12.16-21.06.39:618][854]LogScript: Warning: Script Msg: Divide by zero detected: 0.000000 / 0
Script call stack:
	Function /Game/UI/W_Alienek.W_Alienek_C:GetPercent_0

[2025.12.16-21.06.39:639][855]LogScript: Warning: Script Msg: Divide by zero detected: 0.000000 / 0
Script call stack:
	Function /Game/UI/W_Alienek.W_Alienek_C:GetPercent_0

[2025.12.16-21.06.39:663][856]LogScript: Warning: Script Msg: Divide by zero detected: 0.000000 / 0
Script call stack:
	Function /Game/UI/W_Alienek.W_Alienek_C:GetPercent_0

[2025.12.16-21.06.39:681][857]LogScript: Warning: Script Msg: Divide by zero detected: 0.000000 / 0
Script call stack:
	Function /Game/UI/W_Alienek.W_Alienek_C:GetPercent_0

[2025.12.16-21.06.39:699][858]LogScript: Warning: Script Msg: Divide by zero detected: 0.000000 / 0
Script call stack:
	Function /Game/UI/W_Alienek.W_Alienek_C:GetPercent_0

[2025.12.16-21.06.39:716][859]LogScript: Warning: Script Msg: Divide by zero detected: 0.000000 / 0
Script call stack:
	Function /Game/UI/W_Alienek.W_Alienek_C:GetPercent_0

[2025.12.16-21.06.39:732][860]LogScript: Warning: Script Msg: Divide by zero detected: 0.000000 / 0
Script call stack:
	Function /Game/UI/W_Alienek.W_Alienek_C:GetPercent_0

[2025.12.16-21.06.39:752][861]LogScript: Warning: Script Msg: Divide by zero detected: 0.000000 / 0
Script call stack:
	Function /Game/UI/W_Alienek.W_Alienek_C:GetPercent_0

[2025.12.16-21.06.39:774][862]LogScript: Warning: Script Msg: Divide by zero detected: 0.000000 / 0
Script call stack:
	Function /Game/UI/W_Alienek.W_Alienek_C:GetPercent_0

[2025.12.16-21.06.39:794][863]LogScript: Warning: Script Msg: Divide by zero detected: 0.000000 / 0
Script call stack:
	Function /Game/UI/W_Alienek.W_Alienek_C:GetPercent_0

[2025.12.16-21.06.39:812][864]LogScript: Warning: Script Msg: Divide by zero detected: 0.000000 / 0
Script call stack:
	Function /Game/UI/W_Alienek.W_Alienek_C:GetPercent_0

[2025.12.16-21.06.39:831][865]LogScript: Warning: Script Msg: Divide by zero detected: 0.000000 / 0
Script call stack:
	Function /Game/UI/W_Alienek.W_Alienek_C:GetPercent_0

[2025.12.16-21.06.39:850][866]LogScript: Warning: Script Msg: Divide by zero detected: 0.000000 / 0
Script call stack:
	Function /Game/UI/W_Alienek.W_Alienek_C:GetPercent_0

[2025.12.16-21.06.39:869][867]LogScript: Warning: Script Msg: Divide by zero detected: 0.000000 / 0
Script call stack:
	Function /Game/UI/W_Alienek.W_Alienek_C:GetPercent_0

[2025.12.16-21.06.39:889][868]LogScript: Warning: Script Msg: Divide by zero detected: 0.000000 / 0
Script call stack:
	Function /Game/UI/W_Alienek.W_Alienek_C:GetPercent_0

[2025.12.16-21.06.39:908][869]LogScript: Warning: Script Msg: Divide by zero detected: 0.000000 / 0
Script call stack:
	Function /Game/UI/W_Alienek.W_Alienek_C:GetPercent_0

[2025.12.16-21.06.39:928][870]LogScript: Warning: Script Msg: Divide by zero detected: 0.000000 / 0
Script call stack:
	Function /Game/UI/W_Alienek.W_Alienek_C:GetPercent_0

[2025.12.16-21.06.39:948][871]LogScript: Warning: Script Msg: Divide by zero detected: 0.000000 / 0
Script call stack:
	Function /Game/UI/W_Alienek.W_Alienek_C:GetPercent_0

[2025.12.16-21.06.39:968][872]LogScript: Warning: Script Msg: Divide by zero detected: 0.000000 / 0
Script call stack:
	Function /Game/UI/W_Alienek.W_Alienek_C:GetPercent_0

[2025.12.16-21.06.39:989][873]LogScript: Warning: Script Msg: Divide by zero detected: 0.000000 / 0
Script call stack:
	Function /Game/UI/W_Alienek.W_Alienek_C:GetPercent_0

[2025.12.16-21.06.40:007][874]LogScript: Warning: Script Msg: Divide by zero detected: 0.000000 / 0
Script call stack:
	Function /Game/UI/W_Alienek.W_Alienek_C:GetPercent_0

[2025.12.16-21.06.40:028][875]LogScript: Warning: Script Msg: Divide by zero detected: 0.000000 / 0
Script call stack:
	Function /Game/UI/W_Alienek.W_Alienek_C:GetPercent_0

[2025.12.16-21.06.40:046][876]LogScript: Warning: Script Msg: Divide by zero detected: 0.000000 / 0
Script call stack:
	Function /Game/UI/W_Alienek.W_Alienek_C:GetPercent_0

[2025.12.16-21.06.40:066][877]LogScript: Warning: Script Msg: Divide by zero detected: 0.000000 / 0
Script call stack:
	Function /Game/UI/W_Alienek.W_Alienek_C:GetPercent_0

[2025.12.16-21.06.40:082][878]LogScript: Warning: Script Msg: Divide by zero detected: 0.000000 / 0
Script call stack:
	Function /Game/UI/W_Alienek.W_Alienek_C:GetPercent_0

[2025.12.16-21.06.40:102][879]LogScript: Warning: Script Msg: Divide by zero detected: 0.000000 / 0
Script call stack:
	Function /Game/UI/W_Alienek.W_Alienek_C:GetPercent_0

[2025.12.16-21.06.40:123][880]LogScript: Warning: Script Msg: Divide by zero detected: 0.000000 / 0
Script call stack:
	Function /Game/UI/W_Alienek.W_Alienek_C:GetPercent_0

[2025.12.16-21.06.40:143][881]LogScript: Warning: Script Msg: Divide by zero detected: 0.000000 / 0
Script call stack:
	Function /Game/UI/W_Alienek.W_Alienek_C:GetPercent_0

[2025.12.16-21.06.40:163][882]LogScript: Warning: Script Msg: Divide by zero detected: 0.000000 / 0
Script call stack:
	Function /Game/UI/W_Alienek.W_Alienek_C:GetPercent_0

[2025.12.16-21.06.40:183][883]LogScript: Warning: Script Msg: Divide by zero detected: 0.000000 / 0
Script call stack:
	Function /Game/UI/W_Alienek.W_Alienek_C:GetPercent_0

[2025.12.16-21.06.40:202][884]LogScript: Warning: Script Msg: Divide by zero detected: 0.000000 / 0
Script call stack:
	Function /Game/UI/W_Alienek.W_Alienek_C:GetPercent_0

[2025.12.16-21.06.40:224][885]LogScript: Warning: Script Msg: Divide by zero detected: 0.000000 / 0
Script call stack:
	Function /Game/UI/W_Alienek.W_Alienek_C:GetPercent_0

[2025.12.16-21.06.40:244][886]LogScript: Warning: Script Msg: Divide by zero detected: 0.000000 / 0
Script call stack:
	Function /Game/UI/W_Alienek.W_Alienek_C:GetPercent_0

[2025.12.16-21.06.40:265][887]LogScript: Warning: Script Msg: Divide by zero detected: 0.000000 / 0
Script call stack:
	Function /Game/UI/W_Alienek.W_Alienek_C:GetPercent_0

[2025.12.16-21.06.40:283][888]LogScript: Warning: Script Msg: Divide by zero detected: 0.000000 / 0
Script call stack:
	Function /Game/UI/W_Alienek.W_Alienek_C:GetPercent_0

[2025.12.16-21.06.40:299][889]LogScript: Warning: Script Msg: Divide by zero detected: 0.000000 / 0
Script call stack:
	Function /Game/UI/W_Alienek.W_Alienek_C:GetPercent_0

[2025.12.16-21.06.40:318][890]LogScript: Warning: Script Msg: Divide by zero detected: 0.000000 / 0
Script call stack:
	Function /Game/UI/W_Alienek.W_Alienek_C:GetPercent_0

[2025.12.16-21.06.40:337][891]LogScript: Warning: Script Msg: Divide by zero detected: 0.000000 / 0
Script call stack:
	Function /Game/UI/W_Alienek.W_Alienek_C:GetPercent_0

[2025.12.16-21.06.40:356][892]LogScript: Warning: Script Msg: Divide by zero detected: 0.000000 / 0
Script call stack:
	Function /Game/UI/W_Alienek.W_Alienek_C:GetPercent_0

[2025.12.16-21.06.40:377][893]LogScript: Warning: Script Msg: Divide by zero detected: 0.000000 / 0
Script call stack:
	Function /Game/UI/W_Alienek.W_Alienek_C:GetPercent_0

[2025.12.16-21.06.40:398][894]LogScript: Warning: Script Msg: Divide by zero detected: 0.000000 / 0
Script call stack:
	Function /Game/UI/W_Alienek.W_Alienek_C:GetPercent_0

[2025.12.16-21.06.40:419][895]LogScript: Warning: Script Msg: Divide by zero detected: 0.000000 / 0
Script call stack:
	Function /Game/UI/W_Alienek.W_Alienek_C:GetPercent_0

[2025.12.16-21.06.40:440][896]LogScript: Warning: Script Msg: Divide by zero detected: 0.000000 / 0
Script call stack:
	Function /Game/UI/W_Alienek.W_Alienek_C:GetPercent_0

[2025.12.16-21.06.40:461][897]LogScript: Warning: Script Msg: Divide by zero detected: 0.000000 / 0
Script call stack:
	Function /Game/UI/W_Alienek.W_Alienek_C:GetPercent_0

[2025.12.16-21.06.40:484][898]LogScript: Warning: Script Msg: Divide by zero detected: 0.000000 / 0
Script call stack:
	Function /Game/UI/W_Alienek.W_Alienek_C:GetPercent_0

[2025.12.16-21.06.40:503][899]LogScript: Warning: Script Msg: Divide by zero detected: 0.000000 / 0
Script call stack:
	Function /Game/UI/W_Alienek.W_Alienek_C:GetPercent_0

[2025.12.16-21.06.40:524][900]LogScript: Warning: Script Msg: Divide by zero detected: 0.000000 / 0
Script call stack:
	Function /Game/UI/W_Alienek.W_Alienek_C:GetPercent_0

[2025.12.16-21.06.40:546][901]LogScript: Warning: Script Msg: Divide by zero detected: 0.000000 / 0
Script call stack:
	Function /Game/UI/W_Alienek.W_Alienek_C:GetPercent_0

[2025.12.16-21.06.40:565][902]LogScript: Warning: Script Msg: Divide by zero detected: 0.000000 / 0
Script call stack:
	Function /Game/UI/W_Alienek.W_Alienek_C:GetPercent_0

[2025.12.16-21.06.40:583][903]LogScript: Warning: Script Msg: Divide by zero detected: 0.000000 / 0
Script call stack:
	Function /Game/UI/W_Alienek.W_Alienek_C:GetPercent_0

[2025.12.16-21.06.40:602][904]LogScript: Warning: Script Msg: Divide by zero detected: 0.000000 / 0
Script call stack:
	Function /Game/UI/W_Alienek.W_Alienek_C:GetPercent_0

[2025.12.16-21.06.40:631][905]LogScript: Warning: Script Msg: Divide by zero detected: 0.000000 / 0
Script call stack:
	Function /Game/UI/W_Alienek.W_Alienek_C:GetPercent_0

[2025.12.16-21.06.40:647][906]LogScript: Warning: Script Msg: Divide by zero detected: 0.000000 / 0
Script call stack:
	Function /Game/UI/W_Alienek.W_Alienek_C:GetPercent_0

[2025.12.16-21.06.40:666][907]LogScript: Warning: Script Msg: Divide by zero detected: 0.000000 / 0
Script call stack:
	Function /Game/UI/W_Alienek.W_Alienek_C:GetPercent_0

[2025.12.16-21.06.40:683][908]LogScript: Warning: Script Msg: Divide by zero detected: 0.000000 / 0
Script call stack:
	Function /Game/UI/W_Alienek.W_Alienek_C:GetPercent_0

[2025.12.16-21.06.40:702][909]LogScript: Warning: Script Msg: Divide by zero detected: 0.000000 / 0
Script call stack:
	Function /Game/UI/W_Alienek.W_Alienek_C:GetPercent_0

[2025.12.16-21.06.40:721][910]LogScript: Warning: Script Msg: Divide by zero detected: 0.000000 / 0
Script call stack:
	Function /Game/UI/W_Alienek.W_Alienek_C:GetPercent_0

[2025.12.16-21.06.40:741][911]LogScript: Warning: Script Msg: Divide by zero detected: 0.000000 / 0
Script call stack:
	Function /Game/UI/W_Alienek.W_Alienek_C:GetPercent_0

[2025.12.16-21.06.40:759][912]LogScript: Warning: Script Msg: Divide by zero detected: 0.000000 / 0
Script call stack:
	Function /Game/UI/W_Alienek.W_Alienek_C:GetPercent_0

[2025.12.16-21.06.40:779][913]LogScript: Warning: Script Msg: Divide by zero detected: 0.000000 / 0
Script call stack:
	Function /Game/UI/W_Alienek.W_Alienek_C:GetPercent_0

[2025.12.16-21.06.40:795][914]LogScript: Warning: Script Msg: Divide by zero detected: 0.000000 / 0
Script call stack:
	Function /Game/UI/W_Alienek.W_Alienek_C:GetPercent_0

[2025.12.16-21.06.40:814][915]LogScript: Warning: Script Msg: Divide by zero detected: 0.000000 / 0
Script call stack:
	Function /Game/UI/W_Alienek.W_Alienek_C:GetPercent_0

[2025.12.16-21.06.40:831][916]LogScript: Warning: Script Msg: Divide by zero detected: 0.000000 / 0
Script call stack:
	Function /Game/UI/W_Alienek.W_Alienek_C:GetPercent_0

[2025.12.16-21.06.40:849][917]LogScript: Warning: Script Msg: Divide by zero detected: 0.000000 / 0
Script call stack:
	Function /Game/UI/W_Alienek.W_Alienek_C:GetPercent_0

[2025.12.16-21.06.40:867][918]LogScript: Warning: Script Msg: Divide by zero detected: 0.000000 / 0
Script call stack:
	Function /Game/UI/W_Alienek.W_Alienek_C:GetPercent_0

[2025.12.16-21.06.40:886][919]LogScript: Warning: Script Msg: Divide by zero detected: 0.000000 / 0
Script call stack:
	Function /Game/UI/W_Alienek.W_Alienek_C:GetPercent_0

[2025.12.16-21.06.40:905][920]LogScript: Warning: Script Msg: Divide by zero detected: 0.000000 / 0
Script call stack:
	Function /Game/UI/W_Alienek.W_Alienek_C:GetPercent_0

[2025.12.16-21.06.40:924][921]LogScript: Warning: Script Msg: Divide by zero detected: 0.000000 / 0
Script call stack:
	Function /Game/UI/W_Alienek.W_Alienek_C:GetPercent_0

[2025.12.16-21.06.40:945][922]LogScript: Warning: Script Msg: Divide by zero detected: 0.000000 / 0
Script call stack:
	Function /Game/UI/W_Alienek.W_Alienek_C:GetPercent_0

[2025.12.16-21.06.40:966][923]LogScript: Warning: Script Msg: Divide by zero detected: 0.000000 / 0
Script call stack:
	Function /Game/UI/W_Alienek.W_Alienek_C:GetPercent_0

[2025.12.16-21.06.40:985][924]LogScript: Warning: Script Msg: Divide by zero detected: 0.000000 / 0
Script call stack:
	Function /Game/UI/W_Alienek.W_Alienek_C:GetPercent_0

[2025.12.16-21.06.41:004][925]LogScript: Warning: Script Msg: Divide by zero detected: 0.000000 / 0
Script call stack:
	Function /Game/UI/W_Alienek.W_Alienek_C:GetPercent_0

[2025.12.16-21.06.41:024][926]LogScript: Warning: Script Msg: Divide by zero detected: 0.000000 / 0
Script call stack:
	Function /Game/UI/W_Alienek.W_Alienek_C:GetPercent_0

[2025.12.16-21.06.41:042][927]LogScript: Warning: Script Msg: Divide by zero detected: 0.000000 / 0
Script call stack:
	Function /Game/UI/W_Alienek.W_Alienek_C:GetPercent_0

[2025.12.16-21.06.41:059][928]LogScript: Warning: Script Msg: Divide by zero detected: 0.000000 / 0
Script call stack:
	Function /Game/UI/W_Alienek.W_Alienek_C:GetPercent_0

[2025.12.16-21.06.41:078][929]LogScript: Warning: Script Msg: Divide by zero detected: 0.000000 / 0
Script call stack:
	Function /Game/UI/W_Alienek.W_Alienek_C:GetPercent_0

[2025.12.16-21.06.41:096][930]LogScript: Warning: Script Msg: Divide by zero detected: 0.000000 / 0
Script call stack:
	Function /Game/UI/W_Alienek.W_Alienek_C:GetPercent_0

[2025.12.16-21.06.41:119][931]LogScript: Warning: Script Msg: Divide by zero detected: 0.000000 / 0
Script call stack:
	Function /Game/UI/W_Alienek.W_Alienek_C:GetPercent_0

[2025.12.16-21.06.41:139][932]LogScript: Warning: Script Msg: Divide by zero detected: 0.000000 / 0
Script call stack:
	Function /Game/UI/W_Alienek.W_Alienek_C:GetPercent_0

[2025.12.16-21.06.41:159][933]LogScript: Warning: Script Msg: Divide by zero detected: 0.000000 / 0
Script call stack:
	Function /Game/UI/W_Alienek.W_Alienek_C:GetPercent_0

[2025.12.16-21.06.41:179][934]LogScript: Warning: Script Msg: Divide by zero detected: 0.000000 / 0
Script call stack:
	Function /Game/UI/W_Alienek.W_Alienek_C:GetPercent_0

[2025.12.16-21.06.41:199][935]LogScript: Warning: Script Msg: Divide by zero detected: 0.000000 / 0
Script call stack:
	Function /Game/UI/W_Alienek.W_Alienek_C:GetPercent_0

[2025.12.16-21.06.41:218][936]LogScript: Warning: Script Msg: Divide by zero detected: 0.000000 / 0
Script call stack:
	Function /Game/UI/W_Alienek.W_Alienek_C:GetPercent_0

[2025.12.16-21.06.41:237][937]LogScript: Warning: Script Msg: Divide by zero detected: 0.000000 / 0
Script call stack:
	Function /Game/UI/W_Alienek.W_Alienek_C:GetPercent_0

[2025.12.16-21.06.41:252][938]LogScript: Warning: Script Msg: Divide by zero detected: 0.000000 / 0
Script call stack:
	Function /Game/UI/W_Alienek.W_Alienek_C:GetPercent_0

[2025.12.16-21.06.41:269][939]LogScript: Warning: Script Msg: Divide by zero detected: 0.000000 / 0
Script call stack:
	Function /Game/UI/W_Alienek.W_Alienek_C:GetPercent_0

[2025.12.16-21.06.41:286][940]LogScript: Warning: Script Msg: Divide by zero detected: 0.000000 / 0
Script call stack:
	Function /Game/UI/W_Alienek.W_Alienek_C:GetPercent_0

[2025.12.16-21.06.41:304][941]LogScript: Warning: Script Msg: Divide by zero detected: 0.000000 / 0
Script call stack:
	Function /Game/UI/W_Alienek.W_Alienek_C:GetPercent_0

[2025.12.16-21.06.41:323][942]LogScript: Warning: Script Msg: Divide by zero detected: 0.000000 / 0
Script call stack:
	Function /Game/UI/W_Alienek.W_Alienek_C:GetPercent_0

[2025.12.16-21.06.41:343][943]LogScript: Warning: Script Msg: Divide by zero detected: 0.000000 / 0
Script call stack:
	Function /Game/UI/W_Alienek.W_Alienek_C:GetPercent_0

[2025.12.16-21.06.41:361][944]LogScript: Warning: Script Msg: Divide by zero detected: 0.000000 / 0
Script call stack:
	Function /Game/UI/W_Alienek.W_Alienek_C:GetPercent_0

[2025.12.16-21.06.41:382][945]LogScript: Warning: Script Msg: Divide by zero detected: 0.000000 / 0
Script call stack:
	Function /Game/UI/W_Alienek.W_Alienek_C:GetPercent_0

[2025.12.16-21.06.41:404][946]LogScript: Warning: Script Msg: Divide by zero detected: 0.000000 / 0
Script call stack:
	Function /Game/UI/W_Alienek.W_Alienek_C:GetPercent_0

[2025.12.16-21.06.41:425][947]LogScript: Warning: Script Msg: Divide by zero detected: 0.000000 / 0
Script call stack:
	Function /Game/UI/W_Alienek.W_Alienek_C:GetPercent_0

[2025.12.16-21.06.41:446][948]LogScript: Warning: Script Msg: Divide by zero detected: 0.000000 / 0
Script call stack:
	Function /Game/UI/W_Alienek.W_Alienek_C:GetPercent_0

[2025.12.16-21.06.41:465][949]LogScript: Warning: Script Msg: Divide by zero detected: 0.000000 / 0
Script call stack:
	Function /Game/UI/W_Alienek.W_Alienek_C:GetPercent_0

[2025.12.16-21.06.41:485][950]LogScript: Warning: Script Msg: Divide by zero detected: 0.000000 / 0
Script call stack:
	Function /Game/UI/W_Alienek.W_Alienek_C:GetPercent_0

[2025.12.16-21.06.41:503][951]LogScript: Warning: Script Msg: Divide by zero detected: 0.000000 / 0
Script call stack:
	Function /Game/UI/W_Alienek.W_Alienek_C:GetPercent_0

[2025.12.16-21.06.41:521][952]LogScript: Warning: Script Msg: Divide by zero detected: 0.000000 / 0
Script call stack:
	Function /Game/UI/W_Alienek.W_Alienek_C:GetPercent_0

[2025.12.16-21.06.41:541][953]LogScript: Warning: Script Msg: Divide by zero detected: 0.000000 / 0
Script call stack:
	Function /Game/UI/W_Alienek.W_Alienek_C:GetPercent_0

[2025.12.16-21.06.41:559][954]LogScript: Warning: Script Msg: Divide by zero detected: 0.000000 / 0
Script call stack:
	Function /Game/UI/W_Alienek.W_Alienek_C:GetPercent_0

[2025.12.16-21.06.41:579][955]LogScript: Warning: Script Msg: Divide by zero detected: 0.000000 / 0
Script call stack:
	Function /Game/UI/W_Alienek.W_Alienek_C:GetPercent_0

[2025.12.16-21.06.41:596][956]LogScript: Warning: Script Msg: Divide by zero detected: 0.000000 / 0
Script call stack:
	Function /Game/UI/W_Alienek.W_Alienek_C:GetPercent_0

[2025.12.16-21.06.41:616][957]LogScript: Warning: Script Msg: Divide by zero detected: 0.000000 / 0
Script call stack:
	Function /Game/UI/W_Alienek.W_Alienek_C:GetPercent_0

[2025.12.16-21.06.41:634][958]LogScript: Warning: Script Msg: Divide by zero detected: 0.000000 / 0
Script call stack:
	Function /Game/UI/W_Alienek.W_Alienek_C:GetPercent_0

[2025.12.16-21.06.41:652][959]LogScript: Warning: Script Msg: Divide by zero detected: 0.000000 / 0
Script call stack:
	Function /Game/UI/W_Alienek.W_Alienek_C:GetPercent_0

[2025.12.16-21.06.41:673][960]LogScript: Warning: Script Msg: Divide by zero detected: 0.000000 / 0
Script call stack:
	Function /Game/UI/W_Alienek.W_Alienek_C:GetPercent_0

[2025.12.16-21.06.41:692][961]LogScript: Warning: Script Msg: Divide by zero detected: 0.000000 / 0
Script call stack:
	Function /Game/UI/W_Alienek.W_Alienek_C:GetPercent_0

[2025.12.16-21.06.41:711][962]LogScript: Warning: Script Msg: Divide by zero detected: 0.000000 / 0
Script call stack:
	Function /Game/UI/W_Alienek.W_Alienek_C:GetPercent_0

[2025.12.16-21.06.41:732][963]LogScript: Warning: Script Msg: Divide by zero detected: 0.000000 / 0
Script call stack:
	Function /Game/UI/W_Alienek.W_Alienek_C:GetPercent_0

[2025.12.16-21.06.41:753][964]LogScript: Warning: Script Msg: Divide by zero detected: 0.000000 / 0
Script call stack:
	Function /Game/UI/W_Alienek.W_Alienek_C:GetPercent_0

[2025.12.16-21.06.41:774][965]LogScript: Warning: Script Msg: Divide by zero detected: 0.000000 / 0
Script call stack:
	Function /Game/UI/W_Alienek.W_Alienek_C:GetPercent_0

[2025.12.16-21.06.41:790][966]LogScript: Warning: Script Msg: Divide by zero detected: 0.000000 / 0
Script call stack:
	Function /Game/UI/W_Alienek.W_Alienek_C:GetPercent_0

[2025.12.16-21.06.41:810][967]LogScript: Warning: Script Msg: Divide by zero detected: 0.000000 / 0
Script call stack:
	Function /Game/UI/W_Alienek.W_Alienek_C:GetPercent_0

[2025.12.16-21.06.41:829][968]LogScript: Warning: Script Msg: Divide by zero detected: 0.000000 / 0
Script call stack:
	Function /Game/UI/W_Alienek.W_Alienek_C:GetPercent_0

[2025.12.16-21.06.41:847][969]LogScript: Warning: Script Msg: Divide by zero detected: 0.000000 / 0
Script call stack:
	Function /Game/UI/W_Alienek.W_Alienek_C:GetPercent_0

[2025.12.16-21.06.41:866][970]LogScript: Warning: Script Msg: Divide by zero detected: 0.000000 / 0
Script call stack:
	Function /Game/UI/W_Alienek.W_Alienek_C:GetPercent_0

[2025.12.16-21.06.41:885][971]LogScript: Warning: Script Msg: Divide by zero detected: 0.000000 / 0
Script call stack:
	Function /Game/UI/W_Alienek.W_Alienek_C:GetPercent_0

[2025.12.16-21.06.41:906][972]LogScript: Warning: Script Msg: Divide by zero detected: 0.000000 / 0
Script call stack:
	Function /Game/UI/W_Alienek.W_Alienek_C:GetPercent_0

[2025.12.16-21.06.41:927][973]LogScript: Warning: Script Msg: Divide by zero detected: 0.000000 / 0
Script call stack:
	Function /Game/UI/W_Alienek.W_Alienek_C:GetPercent_0

[2025.12.16-21.06.41:948][974]LogScript: Warning: Script Msg: Divide by zero detected: 0.000000 / 0
Script call stack:
	Function /Game/UI/W_Alienek.W_Alienek_C:GetPercent_0

[2025.12.16-21.06.41:969][975]LogScript: Warning: Script Msg: Divide by zero detected: 0.000000 / 0
Script call stack:
	Function /Game/UI/W_Alienek.W_Alienek_C:GetPercent_0

[2025.12.16-21.06.41:988][976]LogScript: Warning: Script Msg: Divide by zero detected: 0.000000 / 0
Script call stack:
	Function /Game/UI/W_Alienek.W_Alienek_C:GetPercent_0

[2025.12.16-21.06.42:006][977]LogScript: Warning: Script Msg: Divide by zero detected: 0.000000 / 0
Script call stack:
	Function /Game/UI/W_Alienek.W_Alienek_C:GetPercent_0

[2025.12.16-21.06.42:024][978]LogScript: Warning: Script Msg: Divide by zero detected: 0.000000 / 0
Script call stack:
	Function /Game/UI/W_Alienek.W_Alienek_C:GetPercent_0

[2025.12.16-21.06.42:041][979]LogScript: Warning: Script Msg: Divide by zero detected: 0.000000 / 0
Script call stack:
	Function /Game/UI/W_Alienek.W_Alienek_C:GetPercent_0

[2025.12.16-21.06.42:060][980]LogScript: Warning: Script Msg: Divide by zero detected: 0.000000 / 0
Script call stack:
	Function /Game/UI/W_Alienek.W_Alienek_C:GetPercent_0

[2025.12.16-21.06.42:079][981]LogScript: Warning: Script Msg: Divide by zero detected: 0.000000 / 0
Script call stack:
	Function /Game/UI/W_Alienek.W_Alienek_C:GetPercent_0

[2025.12.16-21.06.42:102][982]LogScript: Warning: Script Msg: Divide by zero detected: 0.000000 / 0
Script call stack:
	Function /Game/UI/W_Alienek.W_Alienek_C:GetPercent_0

[2025.12.16-21.06.42:121][983]LogScript: Warning: Script Msg: Divide by zero detected: 0.000000 / 0
Script call stack:
	Function /Game/UI/W_Alienek.W_Alienek_C:GetPercent_0

[2025.12.16-21.06.42:138][984]LogScript: Warning: Script Msg: Divide by zero detected: 0.000000 / 0
Script call stack:
	Function /Game/UI/W_Alienek.W_Alienek_C:GetPercent_0

[2025.12.16-21.06.42:158][985]LogScript: Warning: Script Msg: Divide by zero detected: 0.000000 / 0
Script call stack:
	Function /Game/UI/W_Alienek.W_Alienek_C:GetPercent_0

[2025.12.16-21.06.42:178][986]LogScript: Warning: Script Msg: Divide by zero detected: 0.000000 / 0
Script call stack:
	Function /Game/UI/W_Alienek.W_Alienek_C:GetPercent_0

[2025.12.16-21.06.42:197][987]LogScript: Warning: Script Msg: Divide by zero detected: 0.000000 / 0
Script call stack:
	Function /Game/UI/W_Alienek.W_Alienek_C:GetPercent_0

[2025.12.16-21.06.42:214][988]LogScript: Warning: Script Msg: Divide by zero detected: 0.000000 / 0
Script call stack:
	Function /Game/UI/W_Alienek.W_Alienek_C:GetPercent_0

[2025.12.16-21.06.42:233][989]LogScript: Warning: Script Msg: Divide by zero detected: 0.000000 / 0
Script call stack:
	Function /Game/UI/W_Alienek.W_Alienek_C:GetPercent_0

[2025.12.16-21.06.42:250][990]LogScript: Warning: Script Msg: Divide by zero detected: 0.000000 / 0
Script call stack:
	Function /Game/UI/W_Alienek.W_Alienek_C:GetPercent_0

[2025.12.16-21.06.42:273][991]LogScript: Warning: Script Msg: Divide by zero detected: 0.000000 / 0
Script call stack:
	Function /Game/UI/W_Alienek.W_Alienek_C:GetPercent_0

[2025.12.16-21.06.42:294][992]LogScript: Warning: Script Msg: Divide by zero detected: 0.000000 / 0
Script call stack:
	Function /Game/UI/W_Alienek.W_Alienek_C:GetPercent_0

[2025.12.16-21.06.42:314][993]LogScript: Warning: Script Msg: Divide by zero detected: 0.000000 / 0
Script call stack:
	Function /Game/UI/W_Alienek.W_Alienek_C:GetPercent_0

[2025.12.16-21.06.42:333][994]LogScript: Warning: Script Msg: Divide by zero detected: 0.000000 / 0
Script call stack:
	Function /Game/UI/W_Alienek.W_Alienek_C:GetPercent_0

[2025.12.16-21.06.42:353][995]LogScript: Warning: Script Msg: Divide by zero detected: 0.000000 / 0
Script call stack:
	Function /Game/UI/W_Alienek.W_Alienek_C:GetPercent_0

[2025.12.16-21.06.42:373][996]LogScript: Warning: Script Msg: Divide by zero detected: 0.000000 / 0
Script call stack:
	Function /Game/UI/W_Alienek.W_Alienek_C:GetPercent_0

[2025.12.16-21.06.42:392][997]LogScript: Warning: Script Msg: Divide by zero detected: 0.000000 / 0
Script call stack:
	Function /Game/UI/W_Alienek.W_Alienek_C:GetPercent_0

[2025.12.16-21.06.42:414][998]LogScript: Warning: Script Msg: Divide by zero detected: 0.000000 / 0
Script call stack:
	Function /Game/UI/W_Alienek.W_Alienek_C:GetPercent_0

[2025.12.16-21.06.42:432][999]LogScript: Warning: Script Msg: Divide by zero detected: 0.000000 / 0
Script call stack:
	Function /Game/UI/W_Alienek.W_Alienek_C:GetPercent_0

[2025.12.16-21.06.42:451][  0]LogScript: Warning: Script Msg: Divide by zero detected: 0.000000 / 0
Script call stack:
	Function /Game/UI/W_Alienek.W_Alienek_C:GetPercent_0

[2025.12.16-21.06.42:470][  1]LogScript: Warning: Script Msg: Divide by zero detected: 0.000000 / 0
Script call stack:
	Function /Game/UI/W_Alienek.W_Alienek_C:GetPercent_0

[2025.12.16-21.06.42:490][  2]LogScript: Warning: Script Msg: Divide by zero detected: 0.000000 / 0
Script call stack:
	Function /Game/UI/W_Alienek.W_Alienek_C:GetPercent_0

[2025.12.16-21.06.42:511][  3]LogScript: Warning: Script Msg: Divide by zero detected: 0.000000 / 0
Script call stack:
	Function /Game/UI/W_Alienek.W_Alienek_C:GetPercent_0

[2025.12.16-21.06.42:532][  4]LogScript: Warning: Script Msg: Divide by zero detected: 0.000000 / 0
Script call stack:
	Function /Game/UI/W_Alienek.W_Alienek_C:GetPercent_0

[2025.12.16-21.06.42:550][  5]LogScript: Warning: Script Msg: Divide by zero detected: 0.000000 / 0
Script call stack:
	Function /Game/UI/W_Alienek.W_Alienek_C:GetPercent_0

[2025.12.16-21.06.42:572][  6]LogScript: Warning: Script Msg: Divide by zero detected: 0.000000 / 0
Script call stack:
	Function /Game/UI/W_Alienek.W_Alienek_C:GetPercent_0

[2025.12.16-21.06.42:594][  7]LogScript: Warning: Script Msg: Divide by zero detected: 0.000000 / 0
Script call stack:
	Function /Game/UI/W_Alienek.W_Alienek_C:GetPercent_0

[2025.12.16-21.06.42:617][  8]LogScript: Warning: Script Msg: Divide by zero detected: 0.000000 / 0
Script call stack:
	Function /Game/UI/W_Alienek.W_Alienek_C:GetPercent_0

[2025.12.16-21.06.42:637][  9]LogScript: Warning: Script Msg: Divide by zero detected: 0.000000 / 0
Script call stack:
	Function /Game/UI/W_Alienek.W_Alienek_C:GetPercent_0

[2025.12.16-21.06.42:655][ 10]LogScript: Warning: Script Msg: Divide by zero detected: 0.000000 / 0
Script call stack:
	Function /Game/UI/W_Alienek.W_Alienek_C:GetPercent_0

[2025.12.16-21.06.42:674][ 11]LogScript: Warning: Script Msg: Divide by zero detected: 0.000000 / 0
Script call stack:
	Function /Game/UI/W_Alienek.W_Alienek_C:GetPercent_0

[2025.12.16-21.06.42:691][ 12]LogScript: Warning: Script Msg: Divide by zero detected: 0.000000 / 0
Script call stack:
	Function /Game/UI/W_Alienek.W_Alienek_C:GetPercent_0

[2025.12.16-21.06.42:712][ 13]LogScript: Warning: Script Msg: Divide by zero detected: 0.000000 / 0
Script call stack:
	Function /Game/UI/W_Alienek.W_Alienek_C:GetPercent_0

[2025.12.16-21.06.42:729][ 14]LogScript: Warning: Script Msg: Divide by zero detected: 0.000000 / 0
Script call stack:
	Function /Game/UI/W_Alienek.W_Alienek_C:GetPercent_0

[2025.12.16-21.06.42:748][ 15]LogScript: Warning: Script Msg: Divide by zero detected: 0.000000 / 0
Script call stack:
	Function /Game/UI/W_Alienek.W_Alienek_C:GetPercent_0

[2025.12.16-21.06.42:766][ 16]LogScript: Warning: Script Msg: Divide by zero detected: 0.000000 / 0
Script call stack:
	Function /Game/UI/W_Alienek.W_Alienek_C:GetPercent_0

[2025.12.16-21.06.42:784][ 17]LogScript: Warning: Script Msg: Divide by zero detected: 0.000000 / 0
Script call stack:
	Function /Game/UI/W_Alienek.W_Alienek_C:GetPercent_0

[2025.12.16-21.06.42:817][ 18]LogScript: Warning: Script Msg: Divide by zero detected: 0.000000 / 0
Script call stack:
	Function /Game/UI/W_Alienek.W_Alienek_C:GetPercent_0

[2025.12.16-21.06.42:846][ 19]LogScript: Warning: Script Msg: Divide by zero detected: 0.000000 / 0
Script call stack:
	Function /Game/UI/W_Alienek.W_Alienek_C:GetPercent_0

[2025.12.16-21.06.42:865][ 20]LogScript: Warning: Script Msg: Divide by zero detected: 0.000000 / 0
Script call stack:
	Function /Game/UI/W_Alienek.W_Alienek_C:GetPercent_0

[2025.12.16-21.06.42:886][ 21]LogScript: Warning: Script Msg: Divide by zero detected: 0.000000 / 0
Script call stack:
	Function /Game/UI/W_Alienek.W_Alienek_C:GetPercent_0

[2025.12.16-21.06.42:902][ 22]LogScript: Warning: Script Msg: Divide by zero detected: 0.000000 / 0
Script call stack:
	Function /Game/UI/W_Alienek.W_Alienek_C:GetPercent_0

[2025.12.16-21.06.42:918][ 23]LogScript: Warning: Script Msg: Divide by zero detected: 0.000000 / 0
Script call stack:
	Function /Game/UI/W_Alienek.W_Alienek_C:GetPercent_0

[2025.12.16-21.06.42:936][ 24]LogScript: Warning: Script Msg: Divide by zero detected: 0.000000 / 0
Script call stack:
	Function /Game/UI/W_Alienek.W_Alienek_C:GetPercent_0

[2025.12.16-21.06.42:953][ 25]LogScript: Warning: Script Msg: Divide by zero detected: 0.000000 / 0
Script call stack:
	Function /Game/UI/W_Alienek.W_Alienek_C:GetPercent_0

[2025.12.16-21.06.42:969][ 26]LogScript: Warning: Script Msg: Divide by zero detected: 0.000000 / 0
Script call stack:
	Function /Game/UI/W_Alienek.W_Alienek_C:GetPercent_0

[2025.12.16-21.06.42:987][ 27]LogScript: Warning: Script Msg: Divide by zero detected: 0.000000 / 0
Script call stack:
	Function /Game/UI/W_Alienek.W_Alienek_C:GetPercent_0

[2025.12.16-21.06.43:006][ 28]LogScript: Warning: Script Msg: Divide by zero detected: 0.000000 / 0
Script call stack:
	Function /Game/UI/W_Alienek.W_Alienek_C:GetPercent_0

[2025.12.16-21.06.43:028][ 29]LogScript: Warning: Script Msg: Divide by zero detected: 0.000000 / 0
Script call stack:
	Function /Game/UI/W_Alienek.W_Alienek_C:GetPercent_0

[2025.12.16-21.06.43:053][ 30]LogScript: Warning: Script Msg: Divide by zero detected: 0.000000 / 0
Script call stack:
	Function /Game/UI/W_Alienek.W_Alienek_C:GetPercent_0

[2025.12.16-21.06.43:073][ 31]LogScript: Warning: Script Msg: Divide by zero detected: 0.000000 / 0
Script call stack:
	Function /Game/UI/W_Alienek.W_Alienek_C:GetPercent_0

[2025.12.16-21.06.43:092][ 32]LogScript: Warning: Script Msg: Divide by zero detected: 0.000000 / 0
Script call stack:
	Function /Game/UI/W_Alienek.W_Alienek_C:GetPercent_0

[2025.12.16-21.06.43:112][ 33]LogScript: Warning: Script Msg: Divide by zero detected: 0.000000 / 0
Script call stack:
	Function /Game/UI/W_Alienek.W_Alienek_C:GetPercent_0

[2025.12.16-21.06.43:131][ 34]LogScript: Warning: Script Msg: Divide by zero detected: 0.000000 / 0
Script call stack:
	Function /Game/UI/W_Alienek.W_Alienek_C:GetPercent_0

[2025.12.16-21.06.43:151][ 35]LogScript: Warning: Script Msg: Divide by zero detected: 0.000000 / 0
Script call stack:
	Function /Game/UI/W_Alienek.W_Alienek_C:GetPercent_0

[2025.12.16-21.06.43:171][ 36]LogScript: Warning: Script Msg: Divide by zero detected: 0.000000 / 0
Script call stack:
	Function /Game/UI/W_Alienek.W_Alienek_C:GetPercent_0

[2025.12.16-21.06.43:191][ 37]LogScript: Warning: Script Msg: Divide by zero detected: 0.000000 / 0
Script call stack:
	Function /Game/UI/W_Alienek.W_Alienek_C:GetPercent_0

[2025.12.16-21.06.43:214][ 38]LogScript: Warning: Script Msg: Divide by zero detected: 0.000000 / 0
Script call stack:
	Function /Game/UI/W_Alienek.W_Alienek_C:GetPercent_0

[2025.12.16-21.06.43:233][ 39]LogScript: Warning: Script Msg: Divide by zero detected: 0.000000 / 0
Script call stack:
	Function /Game/UI/W_Alienek.W_Alienek_C:GetPercent_0

[2025.12.16-21.06.43:253][ 40]LogScript: Warning: Script Msg: Divide by zero detected: 0.000000 / 0
Script call stack:
	Function /Game/UI/W_Alienek.W_Alienek_C:GetPercent_0

[2025.12.16-21.06.43:274][ 41]LogScript: Warning: Script Msg: Divide by zero detected: 0.000000 / 0
Script call stack:
	Function /Game/UI/W_Alienek.W_Alienek_C:GetPercent_0

[2025.12.16-21.06.43:290][ 42]LogScript: Warning: Script Msg: Divide by zero detected: 0.000000 / 0
Script call stack:
	Function /Game/UI/W_Alienek.W_Alienek_C:GetPercent_0

[2025.12.16-21.06.43:306][ 43]LogScript: Warning: Script Msg: Divide by zero detected: 0.000000 / 0
Script call stack:
	Function /Game/UI/W_Alienek.W_Alienek_C:GetPercent_0

[2025.12.16-21.06.43:324][ 44]LogScript: Warning: Script Msg: Divide by zero detected: 0.000000 / 0
Script call stack:
	Function /Game/UI/W_Alienek.W_Alienek_C:GetPercent_0

[2025.12.16-21.06.43:343][ 45]LogScript: Warning: Script Msg: Divide by zero detected: 0.000000 / 0
Script call stack:
	Function /Game/UI/W_Alienek.W_Alienek_C:GetPercent_0

[2025.12.16-21.06.43:362][ 46]LogScript: Warning: Script Msg: Divide by zero detected: 0.000000 / 0
Script call stack:
	Function /Game/UI/W_Alienek.W_Alienek_C:GetPercent_0

[2025.12.16-21.06.43:380][ 47]LogScript: Warning: Script Msg: Divide by zero detected: 0.000000 / 0
Script call stack:
	Function /Game/UI/W_Alienek.W_Alienek_C:GetPercent_0

[2025.12.16-21.06.43:401][ 48]LogScript: Warning: Script Msg: Divide by zero detected: 0.000000 / 0
Script call stack:
	Function /Game/UI/W_Alienek.W_Alienek_C:GetPercent_0

[2025.12.16-21.06.43:421][ 49]LogScript: Warning: Script Msg: Divide by zero detected: 0.000000 / 0
Script call stack:
	Function /Game/UI/W_Alienek.W_Alienek_C:GetPercent_0

[2025.12.16-21.06.43:440][ 50]LogScript: Warning: Script Msg: Divide by zero detected: 0.000000 / 0
Script call stack:
	Function /Game/UI/W_Alienek.W_Alienek_C:GetPercent_0

[2025.12.16-21.06.43:460][ 51]LogScript: Warning: Script Msg: Divide by zero detected: 0.000000 / 0
Script call stack:
	Function /Game/UI/W_Alienek.W_Alienek_C:GetPercent_0

[2025.12.16-21.06.43:480][ 52]LogScript: Warning: Script Msg: Divide by zero detected: 0.000000 / 0
Script call stack:
	Function /Game/UI/W_Alienek.W_Alienek_C:GetPercent_0

[2025.12.16-21.06.43:499][ 53]LogScript: Warning: Script Msg: Divide by zero detected: 0.000000 / 0
Script call stack:
	Function /Game/UI/W_Alienek.W_Alienek_C:GetPercent_0

[2025.12.16-21.06.43:516][ 54]LogScript: Warning: Script Msg: Divide by zero detected: 0.000000 / 0
Script call stack:
	Function /Game/UI/W_Alienek.W_Alienek_C:GetPercent_0

[2025.12.16-21.06.43:536][ 55]LogScript: Warning: Script Msg: Divide by zero detected: 0.000000 / 0
Script call stack:
	Function /Game/UI/W_Alienek.W_Alienek_C:GetPercent_0

[2025.12.16-21.06.43:553][ 56]LogScript: Warning: Script Msg: Divide by zero detected: 0.000000 / 0
Script call stack:
	Function /Game/UI/W_Alienek.W_Alienek_C:GetPercent_0

[2025.12.16-21.06.43:574][ 57]LogScript: Warning: Script Msg: Divide by zero detected: 0.000000 / 0
Script call stack:
	Function /Game/UI/W_Alienek.W_Alienek_C:GetPercent_0

[2025.12.16-21.06.43:593][ 58]LogScript: Warning: Script Msg: Divide by zero detected: 0.000000 / 0
Script call stack:
	Function /Game/UI/W_Alienek.W_Alienek_C:GetPercent_0

[2025.12.16-21.06.43:613][ 59]LogScript: Warning: Script Msg: Divide by zero detected: 0.000000 / 0
Script call stack:
	Function /Game/UI/W_Alienek.W_Alienek_C:GetPercent_0

[2025.12.16-21.06.43:636][ 60]LogScript: Warning: Script Msg: Divide by zero detected: 0.000000 / 0
Script call stack:
	Function /Game/UI/W_Alienek.W_Alienek_C:GetPercent_0

[2025.12.16-21.06.43:655][ 61]LogScript: Warning: Script Msg: Divide by zero detected: 0.000000 / 0
Script call stack:
	Function /Game/UI/W_Alienek.W_Alienek_C:GetPercent_0

[2025.12.16-21.06.43:674][ 62]LogScript: Warning: Script Msg: Divide by zero detected: 0.000000 / 0
Script call stack:
	Function /Game/UI/W_Alienek.W_Alienek_C:GetPercent_0

[2025.12.16-21.06.43:692][ 63]LogScript: Warning: Script Msg: Divide by zero detected: 0.000000 / 0
Script call stack:
	Function /Game/UI/W_Alienek.W_Alienek_C:GetPercent_0

[2025.12.16-21.06.43:709][ 64]LogScript: Warning: Script Msg: Divide by zero detected: 0.000000 / 0
Script call stack:
	Function /Game/UI/W_Alienek.W_Alienek_C:GetPercent_0

[2025.12.16-21.06.43:729][ 65]LogScript: Warning: Script Msg: Divide by zero detected: 0.000000 / 0
Script call stack:
	Function /Game/UI/W_Alienek.W_Alienek_C:GetPercent_0

[2025.12.16-21.06.43:748][ 66]LogScript: Warning: Script Msg: Divide by zero detected: 0.000000 / 0
Script call stack:
	Function /Game/UI/W_Alienek.W_Alienek_C:GetPercent_0

[2025.12.16-21.06.43:766][ 67]LogScript: Warning: Script Msg: Divide by zero detected: 0.000000 / 0
Script call stack:
	Function /Game/UI/W_Alienek.W_Alienek_C:GetPercent_0

[2025.12.16-21.06.43:785][ 68]LogScript: Warning: Script Msg: Divide by zero detected: 0.000000 / 0
Script call stack:
	Function /Game/UI/W_Alienek.W_Alienek_C:GetPercent_0

[2025.12.16-21.06.43:805][ 69]LogScript: Warning: Script Msg: Divide by zero detected: 0.000000 / 0
Script call stack:
	Function /Game/UI/W_Alienek.W_Alienek_C:GetPercent_0

[2025.12.16-21.06.43:825][ 70]LogScript: Warning: Script Msg: Divide by zero detected: 0.000000 / 0
Script call stack:
	Function /Game/UI/W_Alienek.W_Alienek_C:GetPercent_0

[2025.12.16-21.06.43:844][ 71]LogScript: Warning: Script Msg: Divide by zero detected: 0.000000 / 0
Script call stack:
	Function /Game/UI/W_Alienek.W_Alienek_C:GetPercent_0

[2025.12.16-21.06.43:866][ 72]LogScript: Warning: Script Msg: Divide by zero detected: 0.000000 / 0
Script call stack:
	Function /Game/UI/W_Alienek.W_Alienek_C:GetPercent_0

[2025.12.16-21.06.43:887][ 73]LogScript: Warning: Script Msg: Divide by zero detected: 0.000000 / 0
Script call stack:
	Function /Game/UI/W_Alienek.W_Alienek_C:GetPercent_0

[2025.12.16-21.06.43:906][ 74]LogScript: Warning: Script Msg: Divide by zero detected: 0.000000 / 0
Script call stack:
	Function /Game/UI/W_Alienek.W_Alienek_C:GetPercent_0

[2025.12.16-21.06.43:928][ 75]LogScript: Warning: Script Msg: Divide by zero detected: 0.000000 / 0
Script call stack:
	Function /Game/UI/W_Alienek.W_Alienek_C:GetPercent_0

[2025.12.16-21.06.43:946][ 76]LogScript: Warning: Script Msg: Divide by zero detected: 0.000000 / 0
Script call stack:
	Function /Game/UI/W_Alienek.W_Alienek_C:GetPercent_0

[2025.12.16-21.06.43:965][ 77]LogScript: Warning: Script Msg: Divide by zero detected: 0.000000 / 0
Script call stack:
	Function /Game/UI/W_Alienek.W_Alienek_C:GetPercent_0

[2025.12.16-21.06.43:983][ 78]LogScript: Warning: Script Msg: Divide by zero detected: 0.000000 / 0
Script call stack:
	Function /Game/UI/W_Alienek.W_Alienek_C:GetPercent_0

[2025.12.16-21.06.44:003][ 79]LogScript: Warning: Script Msg: Divide by zero detected: 0.000000 / 0
Script call stack:
	Function /Game/UI/W_Alienek.W_Alienek_C:GetPercent_0

[2025.12.16-21.06.44:020][ 80]LogScript: Warning: Script Msg: Divide by zero detected: 0.000000 / 0
Script call stack:
	Function /Game/UI/W_Alienek.W_Alienek_C:GetPercent_0

[2025.12.16-21.06.44:040][ 81]LogScript: Warning: Script Msg: Divide by zero detected: 0.000000 / 0
Script call stack:
	Function /Game/UI/W_Alienek.W_Alienek_C:GetPercent_0

[2025.12.16-21.06.44:059][ 82]LogScript: Warning: Script Msg: Divide by zero detected: 0.000000 / 0
Script call stack:
	Function /Game/UI/W_Alienek.W_Alienek_C:GetPercent_0

[2025.12.16-21.06.44:080][ 83]LogScript: Warning: Script Msg: Divide by zero detected: 0.000000 / 0
Script call stack:
	Function /Game/UI/W_Alienek.W_Alienek_C:GetPercent_0

[2025.12.16-21.06.44:100][ 84]LogScript: Warning: Script Msg: Divide by zero detected: 0.000000 / 0
Script call stack:
	Function /Game/UI/W_Alienek.W_Alienek_C:GetPercent_0

[2025.12.16-21.06.44:121][ 85]LogScript: Warning: Script Msg: Divide by zero detected: 0.000000 / 0
Script call stack:
	Function /Game/UI/W_Alienek.W_Alienek_C:GetPercent_0

[2025.12.16-21.06.44:142][ 86]LogScript: Warning: Script Msg: Divide by zero detected: 0.000000 / 0
Script call stack:
	Function /Game/UI/W_Alienek.W_Alienek_C:GetPercent_0

[2025.12.16-21.06.44:160][ 87]LogScript: Warning: Script Msg: Divide by zero detected: 0.000000 / 0
Script call stack:
	Function /Game/UI/W_Alienek.W_Alienek_C:GetPercent_0

[2025.12.16-21.06.44:179][ 88]LogScript: Warning: Script Msg: Divide by zero detected: 0.000000 / 0
Script call stack:
	Function /Game/UI/W_Alienek.W_Alienek_C:GetPercent_0

[2025.12.16-21.06.44:196][ 89]LogScript: Warning: Script Msg: Divide by zero detected: 0.000000 / 0
Script call stack:
	Function /Game/UI/W_Alienek.W_Alienek_C:GetPercent_0

[2025.12.16-21.06.44:215][ 90]LogScript: Warning: Script Msg: Divide by zero detected: 0.000000 / 0
Script call stack:
	Function /Game/UI/W_Alienek.W_Alienek_C:GetPercent_0

[2025.12.16-21.06.44:235][ 91]LogScript: Warning: Script Msg: Divide by zero detected: 0.000000 / 0
Script call stack:
	Function /Game/UI/W_Alienek.W_Alienek_C:GetPercent_0

[2025.12.16-21.06.44:255][ 92]LogScript: Warning: Script Msg: Divide by zero detected: 0.000000 / 0
Script call stack:
	Function /Game/UI/W_Alienek.W_Alienek_C:GetPercent_0

[2025.12.16-21.06.44:275][ 93]LogScript: Warning: Script Msg: Divide by zero detected: 0.000000 / 0
Script call stack:
	Function /Game/UI/W_Alienek.W_Alienek_C:GetPercent_0

[2025.12.16-21.06.44:293][ 94]LogScript: Warning: Script Msg: Divide by zero detected: 0.000000 / 0
Script call stack:
	Function /Game/UI/W_Alienek.W_Alienek_C:GetPercent_0

[2025.12.16-21.06.44:313][ 95]LogScript: Warning: Script Msg: Divide by zero detected: 0.000000 / 0
Script call stack:
	Function /Game/UI/W_Alienek.W_Alienek_C:GetPercent_0

[2025.12.16-21.06.44:341][ 96]LogScript: Warning: Script Msg: Divide by zero detected: 0.000000 / 0
Script call stack:
	Function /Game/UI/W_Alienek.W_Alienek_C:GetPercent_0

[2025.12.16-21.06.44:360][ 97]LogScript: Warning: Script Msg: Divide by zero detected: 0.000000 / 0
Script call stack:
	Function /Game/UI/W_Alienek.W_Alienek_C:GetPercent_0

[2025.12.16-21.06.44:383][ 98]LogScript: Warning: Script Msg: Divide by zero detected: 0.000000 / 0
Script call stack:
	Function /Game/UI/W_Alienek.W_Alienek_C:GetPercent_0

[2025.12.16-21.06.44:401][ 99]LogScript: Warning: Script Msg: Divide by zero detected: 0.000000 / 0
Script call stack:
	Function /Game/UI/W_Alienek.W_Alienek_C:GetPercent_0

[2025.12.16-21.06.44:421][100]LogScript: Warning: Script Msg: Divide by zero detected: 0.000000 / 0
Script call stack:
	Function /Game/UI/W_Alienek.W_Alienek_C:GetPercent_0

[2025.12.16-21.06.44:439][101]LogScript: Warning: Script Msg: Divide by zero detected: 0.000000 / 0
Script call stack:
	Function /Game/UI/W_Alienek.W_Alienek_C:GetPercent_0

[2025.12.16-21.06.44:459][102]LogScript: Warning: Script Msg: Divide by zero detected: 0.000000 / 0
Script call stack:
	Function /Game/UI/W_Alienek.W_Alienek_C:GetPercent_0

[2025.12.16-21.06.44:478][103]LogScript: Warning: Script Msg: Divide by zero detected: 0.000000 / 0
Script call stack:
	Function /Game/UI/W_Alienek.W_Alienek_C:GetPercent_0

[2025.12.16-21.06.44:502][104]LogScript: Warning: Script Msg: Divide by zero detected: 0.000000 / 0
Script call stack:
	Function /Game/UI/W_Alienek.W_Alienek_C:GetPercent_0

[2025.12.16-21.06.44:521][105]LogScript: Warning: Script Msg: Divide by zero detected: 0.000000 / 0
Script call stack:
	Function /Game/UI/W_Alienek.W_Alienek_C:GetPercent_0

[2025.12.16-21.06.44:537][106]LogScript: Warning: Script Msg: Divide by zero detected: 0.000000 / 0
Script call stack:
	Function /Game/UI/W_Alienek.W_Alienek_C:GetPercent_0

[2025.12.16-21.06.44:555][107]LogScript: Warning: Script Msg: Divide by zero detected: 0.000000 / 0
Script call stack:
	Function /Game/UI/W_Alienek.W_Alienek_C:GetPercent_0

[2025.12.16-21.06.44:575][108]LogScript: Warning: Script Msg: Divide by zero detected: 0.000000 / 0
Script call stack:
	Function /Game/UI/W_Alienek.W_Alienek_C:GetPercent_0

[2025.12.16-21.06.44:594][109]LogScript: Warning: Script Msg: Divide by zero detected: 0.000000 / 0
Script call stack:
	Function /Game/UI/W_Alienek.W_Alienek_C:GetPercent_0

[2025.12.16-21.06.44:615][110]LogScript: Warning: Script Msg: Divide by zero detected: 0.000000 / 0
Script call stack:
	Function /Game/UI/W_Alienek.W_Alienek_C:GetPercent_0

[2025.12.16-21.06.44:635][111]LogScript: Warning: Script Msg: Divide by zero detected: 0.000000 / 0
Script call stack:
	Function /Game/UI/W_Alienek.W_Alienek_C:GetPercent_0

[2025.12.16-21.06.44:657][112]LogScript: Warning: Script Msg: Divide by zero detected: 0.000000 / 0
Script call stack:
	Function /Game/UI/W_Alienek.W_Alienek_C:GetPercent_0

[2025.12.16-21.06.44:676][113]LogScript: Warning: Script Msg: Divide by zero detected: 0.000000 / 0
Script call stack:
	Function /Game/UI/W_Alienek.W_Alienek_C:GetPercent_0

[2025.12.16-21.06.44:696][114]LogScript: Warning: Script Msg: Divide by zero detected: 0.000000 / 0
Script call stack:
	Function /Game/UI/W_Alienek.W_Alienek_C:GetPercent_0

[2025.12.16-21.06.44:717][115]LogScript: Warning: Script Msg: Divide by zero detected: 0.000000 / 0
Script call stack:
	Function /Game/UI/W_Alienek.W_Alienek_C:GetPercent_0

[2025.12.16-21.06.44:738][116]LogScript: Warning: Script Msg: Divide by zero detected: 0.000000 / 0
Script call stack:
	Function /Game/UI/W_Alienek.W_Alienek_C:GetPercent_0

[2025.12.16-21.06.44:760][117]LogScript: Warning: Script Msg: Divide by zero detected: 0.000000 / 0
Script call stack:
	Function /Game/UI/W_Alienek.W_Alienek_C:GetPercent_0

[2025.12.16-21.06.44:779][118]LogScript: Warning: Script Msg: Divide by zero detected: 0.000000 / 0
Script call stack:
	Function /Game/UI/W_Alienek.W_Alienek_C:GetPercent_0

[2025.12.16-21.06.44:800][119]LogScript: Warning: Script Msg: Divide by zero detected: 0.000000 / 0
Script call stack:
	Function /Game/UI/W_Alienek.W_Alienek_C:GetPercent_0

[2025.12.16-21.06.44:818][120]LogScript: Warning: Script Msg: Divide by zero detected: 0.000000 / 0
Script call stack:
	Function /Game/UI/W_Alienek.W_Alienek_C:GetPercent_0

[2025.12.16-21.06.44:838][121]LogScript: Warning: Script Msg: Divide by zero detected: 0.000000 / 0
Script call stack:
	Function /Game/UI/W_Alienek.W_Alienek_C:GetPercent_0

[2025.12.16-21.06.44:857][122]LogScript: Warning: Script Msg: Divide by zero detected: 0.000000 / 0
Script call stack:
	Function /Game/UI/W_Alienek.W_Alienek_C:GetPercent_0

[2025.12.16-21.06.44:884][123]LogScript: Warning: Script Msg: Divide by zero detected: 0.000000 / 0
Script call stack:
	Function /Game/UI/W_Alienek.W_Alienek_C:GetPercent_0

[2025.12.16-21.06.44:904][124]LogScript: Warning: Script Msg: Divide by zero detected: 0.000000 / 0
Script call stack:
	Function /Game/UI/W_Alienek.W_Alienek_C:GetPercent_0

[2025.12.16-21.06.44:923][125]LogScript: Warning: Script Msg: Divide by zero detected: 0.000000 / 0
Script call stack:
	Function /Game/UI/W_Alienek.W_Alienek_C:GetPercent_0

[2025.12.16-21.06.44:943][126]LogScript: Warning: Script Msg: Divide by zero detected: 0.000000 / 0
Script call stack:
	Function /Game/UI/W_Alienek.W_Alienek_C:GetPercent_0

[2025.12.16-21.06.44:964][127]LogScript: Warning: Script Msg: Divide by zero detected: 0.000000 / 0
Script call stack:
	Function /Game/UI/W_Alienek.W_Alienek_C:GetPercent_0

[2025.12.16-21.06.44:984][128]LogScript: Warning: Script Msg: Divide by zero detected: 0.000000 / 0
Script call stack:
	Function /Game/UI/W_Alienek.W_Alienek_C:GetPercent_0

[2025.12.16-21.06.45:004][129]LogScript: Warning: Script Msg: Divide by zero detected: 0.000000 / 0
Script call stack:
	Function /Game/UI/W_Alienek.W_Alienek_C:GetPercent_0

[2025.12.16-21.06.45:025][130]LogScript: Warning: Script Msg: Divide by zero detected: 0.000000 / 0
Script call stack:
	Function /Game/UI/W_Alienek.W_Alienek_C:GetPercent_0

[2025.12.16-21.06.45:043][131]LogScript: Warning: Script Msg: Divide by zero detected: 0.000000 / 0
Script call stack:
	Function /Game/UI/W_Alienek.W_Alienek_C:GetPercent_0

[2025.12.16-21.06.45:060][132]LogScript: Warning: Script Msg: Divide by zero detected: 0.000000 / 0
Script call stack:
	Function /Game/UI/W_Alienek.W_Alienek_C:GetPercent_0

[2025.12.16-21.06.45:076][133]LogScript: Warning: Script Msg: Divide by zero detected: 0.000000 / 0
Script call stack:
	Function /Game/UI/W_Alienek.W_Alienek_C:GetPercent_0

[2025.12.16-21.06.45:096][134]LogScript: Warning: Script Msg: Divide by zero detected: 0.000000 / 0
Script call stack:
	Function /Game/UI/W_Alienek.W_Alienek_C:GetPercent_0

[2025.12.16-21.06.45:117][135]LogScript: Warning: Script Msg: Divide by zero detected: 0.000000 / 0
Script call stack:
	Function /Game/UI/W_Alienek.W_Alienek_C:GetPercent_0

[2025.12.16-21.06.45:134][136]LogScript: Warning: Script Msg: Divide by zero detected: 0.000000 / 0
Script call stack:
	Function /Game/UI/W_Alienek.W_Alienek_C:GetPercent_0

[2025.12.16-21.06.45:154][137]LogScript: Warning: Script Msg: Divide by zero detected: 0.000000 / 0
Script call stack:
	Function /Game/UI/W_Alienek.W_Alienek_C:GetPercent_0

[2025.12.16-21.06.45:176][138]LogScript: Warning: Script Msg: Divide by zero detected: 0.000000 / 0
Script call stack:
	Function /Game/UI/W_Alienek.W_Alienek_C:GetPercent_0

[2025.12.16-21.06.45:199][139]LogScript: Warning: Script Msg: Divide by zero detected: 0.000000 / 0
Script call stack:
	Function /Game/UI/W_Alienek.W_Alienek_C:GetPercent_0

[2025.12.16-21.06.45:218][140]LogScript: Warning: Script Msg: Divide by zero detected: 0.000000 / 0
Script call stack:
	Function /Game/UI/W_Alienek.W_Alienek_C:GetPercent_0

[2025.12.16-21.06.45:241][141]LogScript: Warning: Script Msg: Divide by zero detected: 0.000000 / 0
Script call stack:
	Function /Game/UI/W_Alienek.W_Alienek_C:GetPercent_0

[2025.12.16-21.06.45:263][142]LogScript: Warning: Script Msg: Divide by zero detected: 0.000000 / 0
Script call stack:
	Function /Game/UI/W_Alienek.W_Alienek_C:GetPercent_0

[2025.12.16-21.06.45:286][143]LogScript: Warning: Script Msg: Divide by zero detected: 0.000000 / 0
Script call stack:
	Function /Game/UI/W_Alienek.W_Alienek_C:GetPercent_0

[2025.12.16-21.06.45:305][144]LogScript: Warning: Script Msg: Divide by zero detected: 0.000000 / 0
Script call stack:
	Function /Game/UI/W_Alienek.W_Alienek_C:GetPercent_0

[2025.12.16-21.06.45:326][145]LogScript: Warning: Script Msg: Divide by zero detected: 0.000000 / 0
Script call stack:
	Function /Game/UI/W_Alienek.W_Alienek_C:GetPercent_0

[2025.12.16-21.06.45:350][146]LogScript: Warning: Script Msg: Divide by zero detected: 0.000000 / 0
Script call stack:
	Function /Game/UI/W_Alienek.W_Alienek_C:GetPercent_0

[2025.12.16-21.06.45:370][147]LogScript: Warning: Script Msg: Divide by zero detected: 0.000000 / 0
Script call stack:
	Function /Game/UI/W_Alienek.W_Alienek_C:GetPercent_0

[2025.12.16-21.06.45:391][148]LogScript: Warning: Script Msg: Divide by zero detected: 0.000000 / 0
Script call stack:
	Function /Game/UI/W_Alienek.W_Alienek_C:GetPercent_0

[2025.12.16-21.06.45:416][149]LogScript: Warning: Script Msg: Divide by zero detected: 0.000000 / 0
Script call stack:
	Function /Game/UI/W_Alienek.W_Alienek_C:GetPercent_0

[2025.12.16-21.06.45:436][150]LogScript: Warning: Script Msg: Divide by zero detected: 0.000000 / 0
Script call stack:
	Function /Game/UI/W_Alienek.W_Alienek_C:GetPercent_0

[2025.12.16-21.06.45:457][151]LogScript: Warning: Script Msg: Divide by zero detected: 0.000000 / 0
Script call stack:
	Function /Game/UI/W_Alienek.W_Alienek_C:GetPercent_0

[2025.12.16-21.06.45:480][152]LogScript: Warning: Script Msg: Divide by zero detected: 0.000000 / 0
Script call stack:
	Function /Game/UI/W_Alienek.W_Alienek_C:GetPercent_0

[2025.12.16-21.06.45:501][153]LogScript: Warning: Script Msg: Divide by zero detected: 0.000000 / 0
Script call stack:
	Function /Game/UI/W_Alienek.W_Alienek_C:GetPercent_0

[2025.12.16-21.06.45:524][154]LogScript: Warning: Script Msg: Divide by zero detected: 0.000000 / 0
Script call stack:
	Function /Game/UI/W_Alienek.W_Alienek_C:GetPercent_0

[2025.12.16-21.06.45:550][155]LogScript: Warning: Script Msg: Divide by zero detected: 0.000000 / 0
Script call stack:
	Function /Game/UI/W_Alienek.W_Alienek_C:GetPercent_0

[2025.12.16-21.06.45:573][156]LogScript: Warning: Script Msg: Divide by zero detected: 0.000000 / 0
Script call stack:
	Function /Game/UI/W_Alienek.W_Alienek_C:GetPercent_0

[2025.12.16-21.06.45:595][157]LogScript: Warning: Script Msg: Divide by zero detected: 0.000000 / 0
Script call stack:
	Function /Game/UI/W_Alienek.W_Alienek_C:GetPercent_0

[2025.12.16-21.06.45:618][158]LogScript: Warning: Script Msg: Divide by zero detected: 0.000000 / 0
Script call stack:
	Function /Game/UI/W_Alienek.W_Alienek_C:GetPercent_0

[2025.12.16-21.06.45:640][159]LogScript: Warning: Script Msg: Divide by zero detected: 0.000000 / 0
Script call stack:
	Function /Game/UI/W_Alienek.W_Alienek_C:GetPercent_0

[2025.12.16-21.06.45:661][160]LogScript: Warning: Script Msg: Divide by zero detected: 0.000000 / 0
Script call stack:
	Function /Game/UI/W_Alienek.W_Alienek_C:GetPercent_0

[2025.12.16-21.06.45:684][161]LogScript: Warning: Script Msg: Divide by zero detected: 0.000000 / 0
Script call stack:
	Function /Game/UI/W_Alienek.W_Alienek_C:GetPercent_0

[2025.12.16-21.06.45:707][162]LogScript: Warning: Script Msg: Divide by zero detected: 0.000000 / 0
Script call stack:
	Function /Game/UI/W_Alienek.W_Alienek_C:GetPercent_0

[2025.12.16-21.06.45:728][163]LogScript: Warning: Script Msg: Divide by zero detected: 0.000000 / 0
Script call stack:
	Function /Game/UI/W_Alienek.W_Alienek_C:GetPercent_0

[2025.12.16-21.06.45:751][164]LogScript: Warning: Script Msg: Divide by zero detected: 0.000000 / 0
Script call stack:
	Function /Game/UI/W_Alienek.W_Alienek_C:GetPercent_0

[2025.12.16-21.06.45:780][165]LogScript: Warning: Script Msg: Divide by zero detected: 0.000000 / 0
Script call stack:
	Function /Game/UI/W_Alienek.W_Alienek_C:GetPercent_0

[2025.12.16-21.06.45:802][166]LogScript: Warning: Script Msg: Divide by zero detected: 0.000000 / 0
Script call stack:
	Function /Game/UI/W_Alienek.W_Alienek_C:GetPercent_0

[2025.12.16-21.06.45:825][167]LogScript: Warning: Script Msg: Divide by zero detected: 0.000000 / 0
Script call stack:
	Function /Game/UI/W_Alienek.W_Alienek_C:GetPercent_0

[2025.12.16-21.06.45:851][168]LogScript: Warning: Script Msg: Divide by zero detected: 0.000000 / 0
Script call stack:
	Function /Game/UI/W_Alienek.W_Alienek_C:GetPercent_0

[2025.12.16-21.06.45:876][169]LogScript: Warning: Script Msg: Divide by zero detected: 0.000000 / 0
Script call stack:
	Function /Game/UI/W_Alienek.W_Alienek_C:GetPercent_0

[2025.12.16-21.06.45:899][170]LogScript: Warning: Script Msg: Divide by zero detected: 0.000000 / 0
Script call stack:
	Function /Game/UI/W_Alienek.W_Alienek_C:GetPercent_0

[2025.12.16-21.06.45:922][171]LogScript: Warning: Script Msg: Divide by zero detected: 0.000000 / 0
Script call stack:
	Function /Game/UI/W_Alienek.W_Alienek_C:GetPercent_0

[2025.12.16-21.06.45:943][172]LogScript: Warning: Script Msg: Divide by zero detected: 0.000000 / 0
Script call stack:
	Function /Game/UI/W_Alienek.W_Alienek_C:GetPercent_0

[2025.12.16-21.06.45:965][173]LogScript: Warning: Script Msg: Divide by zero detected: 0.000000 / 0
Script call stack:
	Function /Game/UI/W_Alienek.W_Alienek_C:GetPercent_0

[2025.12.16-21.06.45:986][174]LogScript: Warning: Script Msg: Divide by zero detected: 0.000000 / 0
Script call stack:
	Function /Game/UI/W_Alienek.W_Alienek_C:GetPercent_0

[2025.12.16-21.06.46:010][175]LogScript: Warning: Script Msg: Divide by zero detected: 0.000000 / 0
Script call stack:
	Function /Game/UI/W_Alienek.W_Alienek_C:GetPercent_0

[2025.12.16-21.06.46:031][176]LogScript: Warning: Script Msg: Divide by zero detected: 0.000000 / 0
Script call stack:
	Function /Game/UI/W_Alienek.W_Alienek_C:GetPercent_0

[2025.12.16-21.06.46:052][177]LogScript: Warning: Script Msg: Divide by zero detected: 0.000000 / 0
Script call stack:
	Function /Game/UI/W_Alienek.W_Alienek_C:GetPercent_0

[2025.12.16-21.06.46:074][178]LogScript: Warning: Script Msg: Divide by zero detected: 0.000000 / 0
Script call stack:
	Function /Game/UI/W_Alienek.W_Alienek_C:GetPercent_0

[2025.12.16-21.06.46:090][179]LogScript: Warning: Script Msg: Divide by zero detected: 0.000000 / 0
Script call stack:
	Function /Game/UI/W_Alienek.W_Alienek_C:GetPercent_0

[2025.12.16-21.06.46:108][180]LogScript: Warning: Script Msg: Divide by zero detected: 0.000000 / 0
Script call stack:
	Function /Game/UI/W_Alienek.W_Alienek_C:GetPercent_0

[2025.12.16-21.06.46:125][181]LogScript: Warning: Script Msg: Divide by zero detected: 0.000000 / 0
Script call stack:
	Function /Game/UI/W_Alienek.W_Alienek_C:GetPercent_0

[2025.12.16-21.06.46:143][182]LogScript: Warning: Script Msg: Divide by zero detected: 0.000000 / 0
Script call stack:
	Function /Game/UI/W_Alienek.W_Alienek_C:GetPercent_0

[2025.12.16-21.06.46:163][183]LogScript: Warning: Script Msg: Divide by zero detected: 0.000000 / 0
Script call stack:
	Function /Game/UI/W_Alienek.W_Alienek_C:GetPercent_0

[2025.12.16-21.06.46:185][184]LogScript: Warning: Script Msg: Divide by zero detected: 0.000000 / 0
Script call stack:
	Function /Game/UI/W_Alienek.W_Alienek_C:GetPercent_0

[2025.12.16-21.06.46:205][185]LogScript: Warning: Script Msg: Divide by zero detected: 0.000000 / 0
Script call stack:
	Function /Game/UI/W_Alienek.W_Alienek_C:GetPercent_0

[2025.12.16-21.06.46:229][186]LogScript: Warning: Script Msg: Divide by zero detected: 0.000000 / 0
Script call stack:
	Function /Game/UI/W_Alienek.W_Alienek_C:GetPercent_0

[2025.12.16-21.06.46:252][187]LogScript: Warning: Script Msg: Divide by zero detected: 0.000000 / 0
Script call stack:
	Function /Game/UI/W_Alienek.W_Alienek_C:GetPercent_0

[2025.12.16-21.06.46:283][188]LogScript: Warning: Script Msg: Divide by zero detected: 0.000000 / 0
Script call stack:
	Function /Game/UI/W_Alienek.W_Alienek_C:GetPercent_0

[2025.12.16-21.06.46:306][189]LogScript: Warning: Script Msg: Divide by zero detected: 0.000000 / 0
Script call stack:
	Function /Game/UI/W_Alienek.W_Alienek_C:GetPercent_0

[2025.12.16-21.06.46:329][190]LogScript: Warning: Script Msg: Divide by zero detected: 0.000000 / 0
Script call stack:
	Function /Game/UI/W_Alienek.W_Alienek_C:GetPercent_0

[2025.12.16-21.06.46:351][191]LogScript: Warning: Script Msg: Divide by zero detected: 0.000000 / 0
Script call stack:
	Function /Game/UI/W_Alienek.W_Alienek_C:GetPercent_0

[2025.12.16-21.06.46:374][192]LogScript: Warning: Script Msg: Divide by zero detected: 0.000000 / 0
Script call stack:
	Function /Game/UI/W_Alienek.W_Alienek_C:GetPercent_0

[2025.12.16-21.06.46:397][193]LogScript: Warning: Script Msg: Divide by zero detected: 0.000000 / 0
Script call stack:
	Function /Game/UI/W_Alienek.W_Alienek_C:GetPercent_0

[2025.12.16-21.06.46:419][194]LogScript: Warning: Script Msg: Divide by zero detected: 0.000000 / 0
Script call stack:
	Function /Game/UI/W_Alienek.W_Alienek_C:GetPercent_0

[2025.12.16-21.06.46:440][195]LogScript: Warning: Script Msg: Divide by zero detected: 0.000000 / 0
Script call stack:
	Function /Game/UI/W_Alienek.W_Alienek_C:GetPercent_0

[2025.12.16-21.06.46:461][196]LogScript: Warning: Script Msg: Divide by zero detected: 0.000000 / 0
Script call stack:
	Function /Game/UI/W_Alienek.W_Alienek_C:GetPercent_0

[2025.12.16-21.06.46:482][197]LogScript: Warning: Script Msg: Divide by zero detected: 0.000000 / 0
Script call stack:
	Function /Game/UI/W_Alienek.W_Alienek_C:GetPercent_0

[2025.12.16-21.06.46:506][198]LogScript: Warning: Script Msg: Divide by zero detected: 0.000000 / 0
Script call stack:
	Function /Game/UI/W_Alienek.W_Alienek_C:GetPercent_0

[2025.12.16-21.06.46:528][199]LogScript: Warning: Script Msg: Divide by zero detected: 0.000000 / 0
Script call stack:
	Function /Game/UI/W_Alienek.W_Alienek_C:GetPercent_0

[2025.12.16-21.06.46:550][200]LogScript: Warning: Script Msg: Divide by zero detected: 0.000000 / 0
Script call stack:
	Function /Game/UI/W_Alienek.W_Alienek_C:GetPercent_0

[2025.12.16-21.06.46:572][201]LogScript: Warning: Script Msg: Divide by zero detected: 0.000000 / 0
Script call stack:
	Function /Game/UI/W_Alienek.W_Alienek_C:GetPercent_0

[2025.12.16-21.06.46:593][202]LogScript: Warning: Script Msg: Divide by zero detected: 0.000000 / 0
Script call stack:
	Function /Game/UI/W_Alienek.W_Alienek_C:GetPercent_0

[2025.12.16-21.06.46:614][203]LogScript: Warning: Script Msg: Divide by zero detected: 0.000000 / 0
Script call stack:
	Function /Game/UI/W_Alienek.W_Alienek_C:GetPercent_0

[2025.12.16-21.06.46:633][204]LogScript: Warning: Script Msg: Divide by zero detected: 0.000000 / 0
Script call stack:
	Function /Game/UI/W_Alienek.W_Alienek_C:GetPercent_0

[2025.12.16-21.06.46:652][205]LogScript: Warning: Script Msg: Divide by zero detected: 0.000000 / 0
Script call stack:
	Function /Game/UI/W_Alienek.W_Alienek_C:GetPercent_0

[2025.12.16-21.06.46:671][206]LogScript: Warning: Script Msg: Divide by zero detected: 0.000000 / 0
Script call stack:
	Function /Game/UI/W_Alienek.W_Alienek_C:GetPercent_0

[2025.12.16-21.06.46:691][207]LogScript: Warning: Script Msg: Divide by zero detected: 0.000000 / 0
Script call stack:
	Function /Game/UI/W_Alienek.W_Alienek_C:GetPercent_0

[2025.12.16-21.06.46:716][208]LogScript: Warning: Script Msg: Divide by zero detected: 0.000000 / 0
Script call stack:
	Function /Game/UI/W_Alienek.W_Alienek_C:GetPercent_0

[2025.12.16-21.06.46:739][209]LogScript: Warning: Script Msg: Divide by zero detected: 0.000000 / 0
Script call stack:
	Function /Game/UI/W_Alienek.W_Alienek_C:GetPercent_0

[2025.12.16-21.06.46:760][210]LogScript: Warning: Script Msg: Divide by zero detected: 0.000000 / 0
Script call stack:
	Function /Game/UI/W_Alienek.W_Alienek_C:GetPercent_0

[2025.12.16-21.06.46:780][211]LogScript: Warning: Script Msg: Divide by zero detected: 0.000000 / 0
Script call stack:
	Function /Game/UI/W_Alienek.W_Alienek_C:GetPercent_0

[2025.12.16-21.06.46:803][212]LogScript: Warning: Script Msg: Divide by zero detected: 0.000000 / 0
Script call stack:
	Function /Game/UI/W_Alienek.W_Alienek_C:GetPercent_0

[2025.12.16-21.06.46:822][213]LogScript: Warning: Script Msg: Divide by zero detected: 0.000000 / 0
Script call stack:
	Function /Game/UI/W_Alienek.W_Alienek_C:GetPercent_0

[2025.12.16-21.06.46:842][214]LogScript: Warning: Script Msg: Divide by zero detected: 0.000000 / 0
Script call stack:
	Function /Game/UI/W_Alienek.W_Alienek_C:GetPercent_0

[2025.12.16-21.06.46:860][215]LogScript: Warning: Script Msg: Divide by zero detected: 0.000000 / 0
Script call stack:
	Function /Game/UI/W_Alienek.W_Alienek_C:GetPercent_0

[2025.12.16-21.06.46:879][216]LogScript: Warning: Script Msg: Divide by zero detected: 0.000000 / 0
Script call stack:
	Function /Game/UI/W_Alienek.W_Alienek_C:GetPercent_0

[2025.12.16-21.06.46:895][217]LogScript: Warning: Script Msg: Divide by zero detected: 0.000000 / 0
Script call stack:
	Function /Game/UI/W_Alienek.W_Alienek_C:GetPercent_0

[2025.12.16-21.06.46:916][218]LogScript: Warning: Script Msg: Divide by zero detected: 0.000000 / 0
Script call stack:
	Function /Game/UI/W_Alienek.W_Alienek_C:GetPercent_0

[2025.12.16-21.06.46:937][219]LogScript: Warning: Script Msg: Divide by zero detected: 0.000000 / 0
Script call stack:
	Function /Game/UI/W_Alienek.W_Alienek_C:GetPercent_0

[2025.12.16-21.06.46:956][220]LogScript: Warning: Script Msg: Divide by zero detected: 0.000000 / 0
Script call stack:
	Function /Game/UI/W_Alienek.W_Alienek_C:GetPercent_0

[2025.12.16-21.06.46:973][221]LogScript: Warning: Script Msg: Divide by zero detected: 0.000000 / 0
Script call stack:
	Function /Game/UI/W_Alienek.W_Alienek_C:GetPercent_0

[2025.12.16-21.06.46:991][222]LogScript: Warning: Script Msg: Divide by zero detected: 0.000000 / 0
Script call stack:
	Function /Game/UI/W_Alienek.W_Alienek_C:GetPercent_0

[2025.12.16-21.06.47:007][223]LogScript: Warning: Script Msg: Divide by zero detected: 0.000000 / 0
Script call stack:
	Function /Game/UI/W_Alienek.W_Alienek_C:GetPercent_0

[2025.12.16-21.06.47:026][224]LogScript: Warning: Script Msg: Divide by zero detected: 0.000000 / 0
Script call stack:
	Function /Game/UI/W_Alienek.W_Alienek_C:GetPercent_0

[2025.12.16-21.06.47:045][225]LogScript: Warning: Script Msg: Divide by zero detected: 0.000000 / 0
Script call stack:
	Function /Game/UI/W_Alienek.W_Alienek_C:GetPercent_0

[2025.12.16-21.06.47:063][226]LogScript: Warning: Script Msg: Divide by zero detected: 0.000000 / 0
Script call stack:
	Function /Game/UI/W_Alienek.W_Alienek_C:GetPercent_0

[2025.12.16-21.06.47:081][227]LogScript: Warning: Script Msg: Divide by zero detected: 0.000000 / 0
Script call stack:
	Function /Game/UI/W_Alienek.W_Alienek_C:GetPercent_0

[2025.12.16-21.06.47:100][228]LogScript: Warning: Script Msg: Divide by zero detected: 0.000000 / 0
Script call stack:
	Function /Game/UI/W_Alienek.W_Alienek_C:GetPercent_0

[2025.12.16-21.06.47:120][229]LogScript: Warning: Script Msg: Divide by zero detected: 0.000000 / 0
Script call stack:
	Function /Game/UI/W_Alienek.W_Alienek_C:GetPercent_0

[2025.12.16-21.06.47:138][230]LogScript: Warning: Script Msg: Divide by zero detected: 0.000000 / 0
Script call stack:
	Function /Game/UI/W_Alienek.W_Alienek_C:GetPercent_0

[2025.12.16-21.06.47:158][231]LogScript: Warning: Script Msg: Divide by zero detected: 0.000000 / 0
Script call stack:
	Function /Game/UI/W_Alienek.W_Alienek_C:GetPercent_0

[2025.12.16-21.06.47:181][232]LogScript: Warning: Script Msg: Divide by zero detected: 0.000000 / 0
Script call stack:
	Function /Game/UI/W_Alienek.W_Alienek_C:GetPercent_0

[2025.12.16-21.06.47:198][233]LogScript: Warning: Script Msg: Divide by zero detected: 0.000000 / 0
Script call stack:
	Function /Game/UI/W_Alienek.W_Alienek_C:GetPercent_0

[2025.12.16-21.06.47:215][234]LogScript: Warning: Script Msg: Divide by zero detected: 0.000000 / 0
Script call stack:
	Function /Game/UI/W_Alienek.W_Alienek_C:GetPercent_0

[2025.12.16-21.06.47:232][235]LogScript: Warning: Script Msg: Divide by zero detected: 0.000000 / 0
Script call stack:
	Function /Game/UI/W_Alienek.W_Alienek_C:GetPercent_0

[2025.12.16-21.06.47:253][236]LogScript: Warning: Script Msg: Divide by zero detected: 0.000000 / 0
Script call stack:
	Function /Game/UI/W_Alienek.W_Alienek_C:GetPercent_0

[2025.12.16-21.06.47:271][237]LogScript: Warning: Script Msg: Divide by zero detected: 0.000000 / 0
Script call stack:
	Function /Game/UI/W_Alienek.W_Alienek_C:GetPercent_0

[2025.12.16-21.06.47:293][238]LogScript: Warning: Script Msg: Divide by zero detected: 0.000000 / 0
Script call stack:
	Function /Game/UI/W_Alienek.W_Alienek_C:GetPercent_0

[2025.12.16-21.06.47:317][239]LogScript: Warning: Script Msg: Divide by zero detected: 0.000000 / 0
Script call stack:
	Function /Game/UI/W_Alienek.W_Alienek_C:GetPercent_0

[2025.12.16-21.06.47:341][240]LogScript: Warning: Script Msg: Divide by zero detected: 0.000000 / 0
Script call stack:
	Function /Game/UI/W_Alienek.W_Alienek_C:GetPercent_0

[2025.12.16-21.06.47:369][241]LogScript: Warning: Script Msg: Divide by zero detected: 0.000000 / 0
Script call stack:
	Function /Game/UI/W_Alienek.W_Alienek_C:GetPercent_0

[2025.12.16-21.06.47:391][242]LogScript: Warning: Script Msg: Divide by zero detected: 0.000000 / 0
Script call stack:
	Function /Game/UI/W_Alienek.W_Alienek_C:GetPercent_0

[2025.12.16-21.06.47:417][243]LogScript: Warning: Script Msg: Divide by zero detected: 0.000000 / 0
Script call stack:
	Function /Game/UI/W_Alienek.W_Alienek_C:GetPercent_0

[2025.12.16-21.06.47:439][244]LogScript: Warning: Script Msg: Divide by zero detected: 0.000000 / 0
Script call stack:
	Function /Game/UI/W_Alienek.W_Alienek_C:GetPercent_0

[2025.12.16-21.06.47:468][245]LogScript: Warning: Script Msg: Divide by zero detected: 0.000000 / 0
Script call stack:
	Function /Game/UI/W_Alienek.W_Alienek_C:GetPercent_0

[2025.12.16-21.06.47:492][246]LogScript: Warning: Script Msg: Divide by zero detected: 0.000000 / 0
Script call stack:
	Function /Game/UI/W_Alienek.W_Alienek_C:GetPercent_0

[2025.12.16-21.06.47:519][247]LogScript: Warning: Script Msg: Divide by zero detected: 0.000000 / 0
Script call stack:
	Function /Game/UI/W_Alienek.W_Alienek_C:GetPercent_0

[2025.12.16-21.06.47:541][248]LogScript: Warning: Script Msg: Divide by zero detected: 0.000000 / 0
Script call stack:
	Function /Game/UI/W_Alienek.W_Alienek_C:GetPercent_0

[2025.12.16-21.06.47:564][249]LogScript: Warning: Script Msg: Divide by zero detected: 0.000000 / 0
Script call stack:
	Function /Game/UI/W_Alienek.W_Alienek_C:GetPercent_0

[2025.12.16-21.06.47:586][250]LogScript: Warning: Script Msg: Divide by zero detected: 0.000000 / 0
Script call stack:
	Function /Game/UI/W_Alienek.W_Alienek_C:GetPercent_0

[2025.12.16-21.06.47:608][251]LogScript: Warning: Script Msg: Divide by zero detected: 0.000000 / 0
Script call stack:
	Function /Game/UI/W_Alienek.W_Alienek_C:GetPercent_0

[2025.12.16-21.06.47:629][252]LogScript: Warning: Script Msg: Divide by zero detected: 0.000000 / 0
Script call stack:
	Function /Game/UI/W_Alienek.W_Alienek_C:GetPercent_0

[2025.12.16-21.06.47:651][253]LogScript: Warning: Script Msg: Divide by zero detected: 0.000000 / 0
Script call stack:
	Function /Game/UI/W_Alienek.W_Alienek_C:GetPercent_0

[2025.12.16-21.06.47:672][254]LogScript: Warning: Script Msg: Divide by zero detected: 0.000000 / 0
Script call stack:
	Function /Game/UI/W_Alienek.W_Alienek_C:GetPercent_0

[2025.12.16-21.06.47:689][255]LogScript: Warning: Script Msg: Divide by zero detected: 0.000000 / 0
Script call stack:
	Function /Game/UI/W_Alienek.W_Alienek_C:GetPercent_0

[2025.12.16-21.06.47:708][256]LogScript: Warning: Script Msg: Divide by zero detected: 0.000000 / 0
Script call stack:
	Function /Game/UI/W_Alienek.W_Alienek_C:GetPercent_0

[2025.12.16-21.06.47:725][257]LogScript: Warning: Script Msg: Divide by zero detected: 0.000000 / 0
Script call stack:
	Function /Game/UI/W_Alienek.W_Alienek_C:GetPercent_0

[2025.12.16-21.06.47:748][258]LogScript: Warning: Script Msg: Divide by zero detected: 0.000000 / 0
Script call stack:
	Function /Game/UI/W_Alienek.W_Alienek_C:GetPercent_0

[2025.12.16-21.06.47:766][259]LogScript: Warning: Script Msg: Divide by zero detected: 0.000000 / 0
Script call stack:
	Function /Game/UI/W_Alienek.W_Alienek_C:GetPercent_0

[2025.12.16-21.06.47:788][260]LogScript: Warning: Script Msg: Divide by zero detected: 0.000000 / 0
Script call stack:
	Function /Game/UI/W_Alienek.W_Alienek_C:GetPercent_0

[2025.12.16-21.06.47:809][261]LogScript: Warning: Script Msg: Divide by zero detected: 0.000000 / 0
Script call stack:
	Function /Game/UI/W_Alienek.W_Alienek_C:GetPercent_0

[2025.12.16-21.06.47:830][262]LogScript: Warning: Script Msg: Divide by zero detected: 0.000000 / 0
Script call stack:
	Function /Game/UI/W_Alienek.W_Alienek_C:GetPercent_0

[2025.12.16-21.06.47:851][263]LogScript: Warning: Script Msg: Divide by zero detected: 0.000000 / 0
Script call stack:
	Function /Game/UI/W_Alienek.W_Alienek_C:GetPercent_0

[2025.12.16-21.06.47:878][264]LogScript: Warning: Script Msg: Divide by zero detected: 0.000000 / 0
Script call stack:
	Function /Game/UI/W_Alienek.W_Alienek_C:GetPercent_0

[2025.12.16-21.06.47:899][265]LogScript: Warning: Script Msg: Divide by zero detected: 0.000000 / 0
Script call stack:
	Function /Game/UI/W_Alienek.W_Alienek_C:GetPercent_0

[2025.12.16-21.06.47:918][266]LogScript: Warning: Script Msg: Divide by zero detected: 0.000000 / 0
Script call stack:
	Function /Game/UI/W_Alienek.W_Alienek_C:GetPercent_0

[2025.12.16-21.06.47:939][267]LogScript: Warning: Script Msg: Divide by zero detected: 0.000000 / 0
Script call stack:
	Function /Game/UI/W_Alienek.W_Alienek_C:GetPercent_0

[2025.12.16-21.06.47:957][268]LogScript: Warning: Script Msg: Divide by zero detected: 0.000000 / 0
Script call stack:
	Function /Game/UI/W_Alienek.W_Alienek_C:GetPercent_0

[2025.12.16-21.06.47:973][269]LogScript: Warning: Script Msg: Divide by zero detected: 0.000000 / 0
Script call stack:
	Function /Game/UI/W_Alienek.W_Alienek_C:GetPercent_0

[2025.12.16-21.06.47:990][270]LogScript: Warning: Script Msg: Divide by zero detected: 0.000000 / 0
Script call stack:
	Function /Game/UI/W_Alienek.W_Alienek_C:GetPercent_0

[2025.12.16-21.06.48:006][271]LogScript: Warning: Script Msg: Divide by zero detected: 0.000000 / 0
Script call stack:
	Function /Game/UI/W_Alienek.W_Alienek_C:GetPercent_0

[2025.12.16-21.06.48:024][272]LogScript: Warning: Script Msg: Divide by zero detected: 0.000000 / 0
Script call stack:
	Function /Game/UI/W_Alienek.W_Alienek_C:GetPercent_0

[2025.12.16-21.06.48:042][273]LogScript: Warning: Script Msg: Divide by zero detected: 0.000000 / 0
Script call stack:
	Function /Game/UI/W_Alienek.W_Alienek_C:GetPercent_0

[2025.12.16-21.06.48:062][274]LogScript: Warning: Script Msg: Divide by zero detected: 0.000000 / 0
Script call stack:
	Function /Game/UI/W_Alienek.W_Alienek_C:GetPercent_0

[2025.12.16-21.06.48:083][275]LogScript: Warning: Script Msg: Divide by zero detected: 0.000000 / 0
Script call stack:
	Function /Game/UI/W_Alienek.W_Alienek_C:GetPercent_0

[2025.12.16-21.06.48:104][276]LogScript: Warning: Script Msg: Divide by zero detected: 0.000000 / 0
Script call stack:
	Function /Game/UI/W_Alienek.W_Alienek_C:GetPercent_0

[2025.12.16-21.06.48:125][277]LogScript: Warning: Script Msg: Divide by zero detected: 0.000000 / 0
Script call stack:
	Function /Game/UI/W_Alienek.W_Alienek_C:GetPercent_0

[2025.12.16-21.06.48:147][278]LogScript: Warning: Script Msg: Divide by zero detected: 0.000000 / 0
Script call stack:
	Function /Game/UI/W_Alienek.W_Alienek_C:GetPercent_0

[2025.12.16-21.06.48:168][279]LogScript: Warning: Script Msg: Divide by zero detected: 0.000000 / 0
Script call stack:
	Function /Game/UI/W_Alienek.W_Alienek_C:GetPercent_0

[2025.12.16-21.06.48:188][280]LogScript: Warning: Script Msg: Divide by zero detected: 0.000000 / 0
Script call stack:
	Function /Game/UI/W_Alienek.W_Alienek_C:GetPercent_0

[2025.12.16-21.06.48:210][281]LogScript: Warning: Script Msg: Divide by zero detected: 0.000000 / 0
Script call stack:
	Function /Game/UI/W_Alienek.W_Alienek_C:GetPercent_0

[2025.12.16-21.06.48:233][282]LogScript: Warning: Script Msg: Divide by zero detected: 0.000000 / 0
Script call stack:
	Function /Game/UI/W_Alienek.W_Alienek_C:GetPercent_0

[2025.12.16-21.06.48:253][283]LogScript: Warning: Script Msg: Divide by zero detected: 0.000000 / 0
Script call stack:
	Function /Game/UI/W_Alienek.W_Alienek_C:GetPercent_0

[2025.12.16-21.06.48:276][284]LogScript: Warning: Script Msg: Divide by zero detected: 0.000000 / 0
Script call stack:
	Function /Game/UI/W_Alienek.W_Alienek_C:GetPercent_0

[2025.12.16-21.06.48:300][285]LogScript: Warning: Script Msg: Divide by zero detected: 0.000000 / 0
Script call stack:
	Function /Game/UI/W_Alienek.W_Alienek_C:GetPercent_0

[2025.12.16-21.06.48:321][286]LogScript: Warning: Script Msg: Divide by zero detected: 0.000000 / 0
Script call stack:
	Function /Game/UI/W_Alienek.W_Alienek_C:GetPercent_0

[2025.12.16-21.06.48:342][287]LogScript: Warning: Script Msg: Divide by zero detected: 0.000000 / 0
Script call stack:
	Function /Game/UI/W_Alienek.W_Alienek_C:GetPercent_0

[2025.12.16-21.06.48:358][288]LogScript: Warning: Script Msg: Divide by zero detected: 0.000000 / 0
Script call stack:
	Function /Game/UI/W_Alienek.W_Alienek_C:GetPercent_0

[2025.12.16-21.06.48:374][289]LogScript: Warning: Script Msg: Divide by zero detected: 0.000000 / 0
Script call stack:
	Function /Game/UI/W_Alienek.W_Alienek_C:GetPercent_0

[2025.12.16-21.06.48:391][290]LogScript: Warning: Script Msg: Divide by zero detected: 0.000000 / 0
Script call stack:
	Function /Game/UI/W_Alienek.W_Alienek_C:GetPercent_0

[2025.12.16-21.06.48:408][291]LogScript: Warning: Script Msg: Divide by zero detected: 0.000000 / 0
Script call stack:
	Function /Game/UI/W_Alienek.W_Alienek_C:GetPercent_0

[2025.12.16-21.06.48:425][292]LogScript: Warning: Script Msg: Divide by zero detected: 0.000000 / 0
Script call stack:
	Function /Game/UI/W_Alienek.W_Alienek_C:GetPercent_0

[2025.12.16-21.06.48:441][293]LogScript: Warning: Script Msg: Divide by zero detected: 0.000000 / 0
Script call stack:
	Function /Game/UI/W_Alienek.W_Alienek_C:GetPercent_0

[2025.12.16-21.06.48:460][294]LogScript: Warning: Script Msg: Divide by zero detected: 0.000000 / 0
Script call stack:
	Function /Game/UI/W_Alienek.W_Alienek_C:GetPercent_0

[2025.12.16-21.06.48:479][295]LogScript: Warning: Script Msg: Divide by zero detected: 0.000000 / 0
Script call stack:
	Function /Game/UI/W_Alienek.W_Alienek_C:GetPercent_0

[2025.12.16-21.06.48:498][296]LogScript: Warning: Script Msg: Divide by zero detected: 0.000000 / 0
Script call stack:
	Function /Game/UI/W_Alienek.W_Alienek_C:GetPercent_0

[2025.12.16-21.06.48:518][297]LogScript: Warning: Script Msg: Divide by zero detected: 0.000000 / 0
Script call stack:
	Function /Game/UI/W_Alienek.W_Alienek_C:GetPercent_0

[2025.12.16-21.06.48:538][298]LogScript: Warning: Script Msg: Divide by zero detected: 0.000000 / 0
Script call stack:
	Function /Game/UI/W_Alienek.W_Alienek_C:GetPercent_0

[2025.12.16-21.06.48:558][299]LogScript: Warning: Script Msg: Divide by zero detected: 0.000000 / 0
Script call stack:
	Function /Game/UI/W_Alienek.W_Alienek_C:GetPercent_0

[2025.12.16-21.06.48:578][300]LogScript: Warning: Script Msg: Divide by zero detected: 0.000000 / 0
Script call stack:
	Function /Game/UI/W_Alienek.W_Alienek_C:GetPercent_0

[2025.12.16-21.06.48:598][301]LogScript: Warning: Script Msg: Divide by zero detected: 0.000000 / 0
Script call stack:
	Function /Game/UI/W_Alienek.W_Alienek_C:GetPercent_0

[2025.12.16-21.06.48:618][302]LogScript: Warning: Script Msg: Divide by zero detected: 0.000000 / 0
Script call stack:
	Function /Game/UI/W_Alienek.W_Alienek_C:GetPercent_0

[2025.12.16-21.06.48:646][303]LogScript: Warning: Script Msg: Divide by zero detected: 0.000000 / 0
Script call stack:
	Function /Game/UI/W_Alienek.W_Alienek_C:GetPercent_0

[2025.12.16-21.06.48:674][304]LogScript: Warning: Script Msg: Divide by zero detected: 0.000000 / 0
Script call stack:
	Function /Game/UI/W_Alienek.W_Alienek_C:GetPercent_0

[2025.12.16-21.06.48:694][305]LogScript: Warning: Script Msg: Divide by zero detected: 0.000000 / 0
Script call stack:
	Function /Game/UI/W_Alienek.W_Alienek_C:GetPercent_0

[2025.12.16-21.06.48:716][306]LogScript: Warning: Script Msg: Divide by zero detected: 0.000000 / 0
Script call stack:
	Function /Game/UI/W_Alienek.W_Alienek_C:GetPercent_0

[2025.12.16-21.06.48:737][307]LogScript: Warning: Script Msg: Divide by zero detected: 0.000000 / 0
Script call stack:
	Function /Game/UI/W_Alienek.W_Alienek_C:GetPercent_0

[2025.12.16-21.06.48:758][308]LogScript: Warning: Script Msg: Divide by zero detected: 0.000000 / 0
Script call stack:
	Function /Game/UI/W_Alienek.W_Alienek_C:GetPercent_0

[2025.12.16-21.06.48:780][309]LogScript: Warning: Script Msg: Divide by zero detected: 0.000000 / 0
Script call stack:
	Function /Game/UI/W_Alienek.W_Alienek_C:GetPercent_0

[2025.12.16-21.06.48:801][310]LogScript: Warning: Script Msg: Divide by zero detected: 0.000000 / 0
Script call stack:
	Function /Game/UI/W_Alienek.W_Alienek_C:GetPercent_0

[2025.12.16-21.06.48:823][311]LogScript: Warning: Script Msg: Divide by zero detected: 0.000000 / 0
Script call stack:
	Function /Game/UI/W_Alienek.W_Alienek_C:GetPercent_0

[2025.12.16-21.06.48:845][312]LogScript: Warning: Script Msg: Divide by zero detected: 0.000000 / 0
Script call stack:
	Function /Game/UI/W_Alienek.W_Alienek_C:GetPercent_0

[2025.12.16-21.06.48:862][313]LogScript: Warning: Script Msg: Divide by zero detected: 0.000000 / 0
Script call stack:
	Function /Game/UI/W_Alienek.W_Alienek_C:GetPercent_0

[2025.12.16-21.06.48:880][314]LogScript: Warning: Script Msg: Divide by zero detected: 0.000000 / 0
Script call stack:
	Function /Game/UI/W_Alienek.W_Alienek_C:GetPercent_0

[2025.12.16-21.06.48:896][315]LogScript: Warning: Script Msg: Divide by zero detected: 0.000000 / 0
Script call stack:
	Function /Game/UI/W_Alienek.W_Alienek_C:GetPercent_0

[2025.12.16-21.06.48:914][316]LogScript: Warning: Script Msg: Divide by zero detected: 0.000000 / 0
Script call stack:
	Function /Game/UI/W_Alienek.W_Alienek_C:GetPercent_0

[2025.12.16-21.06.48:931][317]LogScript: Warning: Script Msg: Divide by zero detected: 0.000000 / 0
Script call stack:
	Function /Game/UI/W_Alienek.W_Alienek_C:GetPercent_0

[2025.12.16-21.06.48:951][318]LogScript: Warning: Script Msg: Divide by zero detected: 0.000000 / 0
Script call stack:
	Function /Game/UI/W_Alienek.W_Alienek_C:GetPercent_0

[2025.12.16-21.06.48:974][319]LogScript: Warning: Script Msg: Divide by zero detected: 0.000000 / 0
Script call stack:
	Function /Game/UI/W_Alienek.W_Alienek_C:GetPercent_0

[2025.12.16-21.06.48:997][320]LogScript: Warning: Script Msg: Divide by zero detected: 0.000000 / 0
Script call stack:
	Function /Game/UI/W_Alienek.W_Alienek_C:GetPercent_0

[2025.12.16-21.06.49:020][321]LogScript: Warning: Script Msg: Divide by zero detected: 0.000000 / 0
Script call stack:
	Function /Game/UI/W_Alienek.W_Alienek_C:GetPercent_0

[2025.12.16-21.06.49:042][322]LogScript: Warning: Script Msg: Divide by zero detected: 0.000000 / 0
Script call stack:
	Function /Game/UI/W_Alienek.W_Alienek_C:GetPercent_0

[2025.12.16-21.06.49:060][323]LogScript: Warning: Script Msg: Divide by zero detected: 0.000000 / 0
Script call stack:
	Function /Game/UI/W_Alienek.W_Alienek_C:GetPercent_0

[2025.12.16-21.06.49:080][324]LogScript: Warning: Script Msg: Divide by zero detected: 0.000000 / 0
Script call stack:
	Function /Game/UI/W_Alienek.W_Alienek_C:GetPercent_0

[2025.12.16-21.06.49:100][325]LogScript: Warning: Script Msg: Divide by zero detected: 0.000000 / 0
Script call stack:
	Function /Game/UI/W_Alienek.W_Alienek_C:GetPercent_0

[2025.12.16-21.06.49:119][326]LogScript: Warning: Script Msg: Divide by zero detected: 0.000000 / 0
Script call stack:
	Function /Game/UI/W_Alienek.W_Alienek_C:GetPercent_0

[2025.12.16-21.06.49:138][327]LogScript: Warning: Script Msg: Divide by zero detected: 0.000000 / 0
Script call stack:
	Function /Game/UI/W_Alienek.W_Alienek_C:GetPercent_0

[2025.12.16-21.06.49:160][328]LogScript: Warning: Script Msg: Divide by zero detected: 0.000000 / 0
Script call stack:
	Function /Game/UI/W_Alienek.W_Alienek_C:GetPercent_0

[2025.12.16-21.06.49:181][329]LogScript: Warning: Script Msg: Divide by zero detected: 0.000000 / 0
Script call stack:
	Function /Game/UI/W_Alienek.W_Alienek_C:GetPercent_0

[2025.12.16-21.06.49:202][330]LogScript: Warning: Script Msg: Divide by zero detected: 0.000000 / 0
Script call stack:
	Function /Game/UI/W_Alienek.W_Alienek_C:GetPercent_0

[2025.12.16-21.06.49:223][331]LogScript: Warning: Script Msg: Divide by zero detected: 0.000000 / 0
Script call stack:
	Function /Game/UI/W_Alienek.W_Alienek_C:GetPercent_0

[2025.12.16-21.06.49:243][332]LogScript: Warning: Script Msg: Divide by zero detected: 0.000000 / 0
Script call stack:
	Function /Game/UI/W_Alienek.W_Alienek_C:GetPercent_0

[2025.12.16-21.06.49:264][333]LogScript: Warning: Script Msg: Divide by zero detected: 0.000000 / 0
Script call stack:
	Function /Game/UI/W_Alienek.W_Alienek_C:GetPercent_0

[2025.12.16-21.06.49:287][334]LogScript: Warning: Script Msg: Divide by zero detected: 0.000000 / 0
Script call stack:
	Function /Game/UI/W_Alienek.W_Alienek_C:GetPercent_0

[2025.12.16-21.06.49:306][335]LogScript: Warning: Script Msg: Divide by zero detected: 0.000000 / 0
Script call stack:
	Function /Game/UI/W_Alienek.W_Alienek_C:GetPercent_0

[2025.12.16-21.06.49:323][336]LogScript: Warning: Script Msg: Divide by zero detected: 0.000000 / 0
Script call stack:
	Function /Game/UI/W_Alienek.W_Alienek_C:GetPercent_0

[2025.12.16-21.06.49:341][337]LogScript: Warning: Script Msg: Divide by zero detected: 0.000000 / 0
Script call stack:
	Function /Game/UI/W_Alienek.W_Alienek_C:GetPercent_0

[2025.12.16-21.06.49:359][338]LogScript: Warning: Script Msg: Divide by zero detected: 0.000000 / 0
Script call stack:
	Function /Game/UI/W_Alienek.W_Alienek_C:GetPercent_0

[2025.12.16-21.06.49:378][339]LogScript: Warning: Script Msg: Divide by zero detected: 0.000000 / 0
Script call stack:
	Function /Game/UI/W_Alienek.W_Alienek_C:GetPercent_0

[2025.12.16-21.06.49:397][340]LogScript: Warning: Script Msg: Divide by zero detected: 0.000000 / 0
Script call stack:
	Function /Game/UI/W_Alienek.W_Alienek_C:GetPercent_0

[2025.12.16-21.06.49:417][341]LogScript: Warning: Script Msg: Divide by zero detected: 0.000000 / 0
Script call stack:
	Function /Game/UI/W_Alienek.W_Alienek_C:GetPercent_0

[2025.12.16-21.06.49:438][342]LogScript: Warning: Script Msg: Divide by zero detected: 0.000000 / 0
Script call stack:
	Function /Game/UI/W_Alienek.W_Alienek_C:GetPercent_0

[2025.12.16-21.06.49:462][343]LogScript: Warning: Script Msg: Divide by zero detected: 0.000000 / 0
Script call stack:
	Function /Game/UI/W_Alienek.W_Alienek_C:GetPercent_0

[2025.12.16-21.06.49:483][344]LogScript: Warning: Script Msg: Divide by zero detected: 0.000000 / 0
Script call stack:
	Function /Game/UI/W_Alienek.W_Alienek_C:GetPercent_0

[2025.12.16-21.06.49:506][345]LogScript: Warning: Script Msg: Divide by zero detected: 0.000000 / 0
Script call stack:
	Function /Game/UI/W_Alienek.W_Alienek_C:GetPercent_0

[2025.12.16-21.06.49:527][346]LogScript: Warning: Script Msg: Divide by zero detected: 0.000000 / 0
Script call stack:
	Function /Game/UI/W_Alienek.W_Alienek_C:GetPercent_0

[2025.12.16-21.06.49:547][347]LogScript: Warning: Script Msg: Divide by zero detected: 0.000000 / 0
Script call stack:
	Function /Game/UI/W_Alienek.W_Alienek_C:GetPercent_0

[2025.12.16-21.06.49:567][348]LogScript: Warning: Script Msg: Divide by zero detected: 0.000000 / 0
Script call stack:
	Function /Game/UI/W_Alienek.W_Alienek_C:GetPercent_0

[2025.12.16-21.06.49:590][349]LogScript: Warning: Script Msg: Divide by zero detected: 0.000000 / 0
Script call stack:
	Function /Game/UI/W_Alienek.W_Alienek_C:GetPercent_0

[2025.12.16-21.06.49:609][350]LogScript: Warning: Script Msg: Divide by zero detected: 0.000000 / 0
Script call stack:
	Function /Game/UI/W_Alienek.W_Alienek_C:GetPercent_0

[2025.12.16-21.06.49:627][351]LogScript: Warning: Script Msg: Divide by zero detected: 0.000000 / 0
Script call stack:
	Function /Game/UI/W_Alienek.W_Alienek_C:GetPercent_0

[2025.12.16-21.06.49:648][352]LogScript: Warning: Script Msg: Divide by zero detected: 0.000000 / 0
Script call stack:
	Function /Game/UI/W_Alienek.W_Alienek_C:GetPercent_0

[2025.12.16-21.06.49:665][353]LogScript: Warning: Script Msg: Divide by zero detected: 0.000000 / 0
Script call stack:
	Function /Game/UI/W_Alienek.W_Alienek_C:GetPercent_0

[2025.12.16-21.06.49:686][354]LogScript: Warning: Script Msg: Divide by zero detected: 0.000000 / 0
Script call stack:
	Function /Game/UI/W_Alienek.W_Alienek_C:GetPercent_0

[2025.12.16-21.06.49:707][355]LogScript: Warning: Script Msg: Divide by zero detected: 0.000000 / 0
Script call stack:
	Function /Game/UI/W_Alienek.W_Alienek_C:GetPercent_0

[2025.12.16-21.06.49:730][356]LogScript: Warning: Script Msg: Divide by zero detected: 0.000000 / 0
Script call stack:
	Function /Game/UI/W_Alienek.W_Alienek_C:GetPercent_0

[2025.12.16-21.06.49:751][357]LogScript: Warning: Script Msg: Divide by zero detected: 0.000000 / 0
Script call stack:
	Function /Game/UI/W_Alienek.W_Alienek_C:GetPercent_0

[2025.12.16-21.06.49:773][358]LogScript: Warning: Script Msg: Divide by zero detected: 0.000000 / 0
Script call stack:
	Function /Game/UI/W_Alienek.W_Alienek_C:GetPercent_0

[2025.12.16-21.06.49:795][359]LogScript: Warning: Script Msg: Divide by zero detected: 0.000000 / 0
Script call stack:
	Function /Game/UI/W_Alienek.W_Alienek_C:GetPercent_0

[2025.12.16-21.06.49:820][360]LogScript: Warning: Script Msg: Divide by zero detected: 0.000000 / 0
Script call stack:
	Function /Game/UI/W_Alienek.W_Alienek_C:GetPercent_0

[2025.12.16-21.06.49:842][361]LogScript: Warning: Script Msg: Divide by zero detected: 0.000000 / 0
Script call stack:
	Function /Game/UI/W_Alienek.W_Alienek_C:GetPercent_0

[2025.12.16-21.06.49:864][362]LogScript: Warning: Script Msg: Divide by zero detected: 0.000000 / 0
Script call stack:
	Function /Game/UI/W_Alienek.W_Alienek_C:GetPercent_0

[2025.12.16-21.06.49:883][363]LogScript: Warning: Script Msg: Divide by zero detected: 0.000000 / 0
Script call stack:
	Function /Game/UI/W_Alienek.W_Alienek_C:GetPercent_0

[2025.12.16-21.06.49:904][364]LogScript: Warning: Script Msg: Divide by zero detected: 0.000000 / 0
Script call stack:
	Function /Game/UI/W_Alienek.W_Alienek_C:GetPercent_0

[2025.12.16-21.06.49:925][365]LogScript: Warning: Script Msg: Divide by zero detected: 0.000000 / 0
Script call stack:
	Function /Game/UI/W_Alienek.W_Alienek_C:GetPercent_0

[2025.12.16-21.06.49:945][366]LogScript: Warning: Script Msg: Divide by zero detected: 0.000000 / 0
Script call stack:
	Function /Game/UI/W_Alienek.W_Alienek_C:GetPercent_0

[2025.12.16-21.06.49:966][367]LogScript: Warning: Script Msg: Divide by zero detected: 0.000000 / 0
Script call stack:
	Function /Game/UI/W_Alienek.W_Alienek_C:GetPercent_0

[2025.12.16-21.06.49:987][368]LogScript: Warning: Script Msg: Divide by zero detected: 0.000000 / 0
Script call stack:
	Function /Game/UI/W_Alienek.W_Alienek_C:GetPercent_0

[2025.12.16-21.06.50:008][369]LogScript: Warning: Script Msg: Divide by zero detected: 0.000000 / 0
Script call stack:
	Function /Game/UI/W_Alienek.W_Alienek_C:GetPercent_0

[2025.12.16-21.06.50:030][370]LogScript: Warning: Script Msg: Divide by zero detected: 0.000000 / 0
Script call stack:
	Function /Game/UI/W_Alienek.W_Alienek_C:GetPercent_0

[2025.12.16-21.06.50:051][371]LogScript: Warning: Script Msg: Divide by zero detected: 0.000000 / 0
Script call stack:
	Function /Game/UI/W_Alienek.W_Alienek_C:GetPercent_0

[2025.12.16-21.06.50:071][372]LogScript: Warning: Script Msg: Divide by zero detected: 0.000000 / 0
Script call stack:
	Function /Game/UI/W_Alienek.W_Alienek_C:GetPercent_0

[2025.12.16-21.06.50:092][373]LogScript: Warning: Script Msg: Divide by zero detected: 0.000000 / 0
Script call stack:
	Function /Game/UI/W_Alienek.W_Alienek_C:GetPercent_0

[2025.12.16-21.06.50:111][374]LogScript: Warning: Script Msg: Divide by zero detected: 0.000000 / 0
Script call stack:
	Function /Game/UI/W_Alienek.W_Alienek_C:GetPercent_0

[2025.12.16-21.06.50:131][375]LogScript: Warning: Script Msg: Divide by zero detected: 0.000000 / 0
Script call stack:
	Function /Game/UI/W_Alienek.W_Alienek_C:GetPercent_0

[2025.12.16-21.06.50:152][376]LogScript: Warning: Script Msg: Divide by zero detected: 0.000000 / 0
Script call stack:
	Function /Game/UI/W_Alienek.W_Alienek_C:GetPercent_0

[2025.12.16-21.06.50:175][377]LogScript: Warning: Script Msg: Divide by zero detected: 0.000000 / 0
Script call stack:
	Function /Game/UI/W_Alienek.W_Alienek_C:GetPercent_0

[2025.12.16-21.06.50:190][378]LogScript: Warning: Script Msg: Divide by zero detected: 0.000000 / 0
Script call stack:
	Function /Game/UI/W_Alienek.W_Alienek_C:GetPercent_0

[2025.12.16-21.06.50:208][379]LogScript: Warning: Script Msg: Divide by zero detected: 0.000000 / 0
Script call stack:
	Function /Game/UI/W_Alienek.W_Alienek_C:GetPercent_0

[2025.12.16-21.06.50:224][380]LogScript: Warning: Script Msg: Divide by zero detected: 0.000000 / 0
Script call stack:
	Function /Game/UI/W_Alienek.W_Alienek_C:GetPercent_0

[2025.12.16-21.06.50:245][381]LogScript: Warning: Script Msg: Divide by zero detected: 0.000000 / 0
Script call stack:
	Function /Game/UI/W_Alienek.W_Alienek_C:GetPercent_0

[2025.12.16-21.06.50:263][382]LogScript: Warning: Script Msg: Divide by zero detected: 0.000000 / 0
Script call stack:
	Function /Game/UI/W_Alienek.W_Alienek_C:GetPercent_0

[2025.12.16-21.06.50:282][383]LogScript: Warning: Script Msg: Divide by zero detected: 0.000000 / 0
Script call stack:
	Function /Game/UI/W_Alienek.W_Alienek_C:GetPercent_0

[2025.12.16-21.06.50:305][384]LogScript: Warning: Script Msg: Divide by zero detected: 0.000000 / 0
Script call stack:
	Function /Game/UI/W_Alienek.W_Alienek_C:GetPercent_0

[2025.12.16-21.06.50:325][385]LogScript: Warning: Script Msg: Divide by zero detected: 0.000000 / 0
Script call stack:
	Function /Game/UI/W_Alienek.W_Alienek_C:GetPercent_0

[2025.12.16-21.06.50:346][386]LogScript: Warning: Script Msg: Divide by zero detected: 0.000000 / 0
Script call stack:
	Function /Game/UI/W_Alienek.W_Alienek_C:GetPercent_0

[2025.12.16-21.06.50:368][387]LogScript: Warning: Script Msg: Divide by zero detected: 0.000000 / 0
Script call stack:
	Function /Game/UI/W_Alienek.W_Alienek_C:GetPercent_0

[2025.12.16-21.06.50:387][388]LogScript: Warning: Script Msg: Divide by zero detected: 0.000000 / 0
Script call stack:
	Function /Game/UI/W_Alienek.W_Alienek_C:GetPercent_0

[2025.12.16-21.06.50:408][389]LogScript: Warning: Script Msg: Divide by zero detected: 0.000000 / 0
Script call stack:
	Function /Game/UI/W_Alienek.W_Alienek_C:GetPercent_0

[2025.12.16-21.06.50:428][390]LogScript: Warning: Script Msg: Divide by zero detected: 0.000000 / 0
Script call stack:
	Function /Game/UI/W_Alienek.W_Alienek_C:GetPercent_0

[2025.12.16-21.06.50:448][391]LogScript: Warning: Script Msg: Divide by zero detected: 0.000000 / 0
Script call stack:
	Function /Game/UI/W_Alienek.W_Alienek_C:GetPercent_0

[2025.12.16-21.06.50:469][392]LogScript: Warning: Script Msg: Divide by zero detected: 0.000000 / 0
Script call stack:
	Function /Game/UI/W_Alienek.W_Alienek_C:GetPercent_0

[2025.12.16-21.06.50:495][393]LogScript: Warning: Script Msg: Divide by zero detected: 0.000000 / 0
Script call stack:
	Function /Game/UI/W_Alienek.W_Alienek_C:GetPercent_0

[2025.12.16-21.06.50:518][394]LogScript: Warning: Script Msg: Divide by zero detected: 0.000000 / 0
Script call stack:
	Function /Game/UI/W_Alienek.W_Alienek_C:GetPercent_0

[2025.12.16-21.06.50:540][395]LogScript: Warning: Script Msg: Divide by zero detected: 0.000000 / 0
Script call stack:
	Function /Game/UI/W_Alienek.W_Alienek_C:GetPercent_0

[2025.12.16-21.06.50:562][396]LogScript: Warning: Script Msg: Divide by zero detected: 0.000000 / 0
Script call stack:
	Function /Game/UI/W_Alienek.W_Alienek_C:GetPercent_0

[2025.12.16-21.06.50:587][397]LogScript: Warning: Script Msg: Divide by zero detected: 0.000000 / 0
Script call stack:
	Function /Game/UI/W_Alienek.W_Alienek_C:GetPercent_0

[2025.12.16-21.06.50:617][398]LogScript: Warning: Script Msg: Divide by zero detected: 0.000000 / 0
Script call stack:
	Function /Game/UI/W_Alienek.W_Alienek_C:GetPercent_0

[2025.12.16-21.06.50:635][399]LogScript: Warning: Script Msg: Divide by zero detected: 0.000000 / 0
Script call stack:
	Function /Game/UI/W_Alienek.W_Alienek_C:GetPercent_0

[2025.12.16-21.06.50:652][400]LogScript: Warning: Script Msg: Divide by zero detected: 0.000000 / 0
Script call stack:
	Function /Game/UI/W_Alienek.W_Alienek_C:GetPercent_0

[2025.12.16-21.06.50:673][401]LogScript: Warning: Script Msg: Divide by zero detected: 0.000000 / 0
Script call stack:
	Function /Game/UI/W_Alienek.W_Alienek_C:GetPercent_0

[2025.12.16-21.06.50:691][402]LogScript: Warning: Script Msg: Divide by zero detected: 0.000000 / 0
Script call stack:
	Function /Game/UI/W_Alienek.W_Alienek_C:GetPercent_0

[2025.12.16-21.06.50:708][403]LogScript: Warning: Script Msg: Divide by zero detected: 0.000000 / 0
Script call stack:
	Function /Game/UI/W_Alienek.W_Alienek_C:GetPercent_0

[2025.12.16-21.06.50:730][404]LogScript: Warning: Script Msg: Divide by zero detected: 0.000000 / 0
Script call stack:
	Function /Game/UI/W_Alienek.W_Alienek_C:GetPercent_0

[2025.12.16-21.06.50:750][405]LogScript: Warning: Script Msg: Divide by zero detected: 0.000000 / 0
Script call stack:
	Function /Game/UI/W_Alienek.W_Alienek_C:GetPercent_0

[2025.12.16-21.06.50:774][406]LogScript: Warning: Script Msg: Divide by zero detected: 0.000000 / 0
Script call stack:
	Function /Game/UI/W_Alienek.W_Alienek_C:GetPercent_0

[2025.12.16-21.06.50:796][407]LogScript: Warning: Script Msg: Divide by zero detected: 0.000000 / 0
Script call stack:
	Function /Game/UI/W_Alienek.W_Alienek_C:GetPercent_0

[2025.12.16-21.06.50:818][408]LogScript: Warning: Script Msg: Divide by zero detected: 0.000000 / 0
Script call stack:
	Function /Game/UI/W_Alienek.W_Alienek_C:GetPercent_0

[2025.12.16-21.06.50:842][409]LogScript: Warning: Script Msg: Divide by zero detected: 0.000000 / 0
Script call stack:
	Function /Game/UI/W_Alienek.W_Alienek_C:GetPercent_0

[2025.12.16-21.06.50:863][410]LogScript: Warning: Script Msg: Divide by zero detected: 0.000000 / 0
Script call stack:
	Function /Game/UI/W_Alienek.W_Alienek_C:GetPercent_0

[2025.12.16-21.06.50:883][411]LogScript: Warning: Script Msg: Divide by zero detected: 0.000000 / 0
Script call stack:
	Function /Game/UI/W_Alienek.W_Alienek_C:GetPercent_0

[2025.12.16-21.06.50:905][412]LogScript: Warning: Script Msg: Divide by zero detected: 0.000000 / 0
Script call stack:
	Function /Game/UI/W_Alienek.W_Alienek_C:GetPercent_0

[2025.12.16-21.06.50:925][413]LogScript: Warning: Script Msg: Divide by zero detected: 0.000000 / 0
Script call stack:
	Function /Game/UI/W_Alienek.W_Alienek_C:GetPercent_0

[2025.12.16-21.06.50:946][414]LogScript: Warning: Script Msg: Divide by zero detected: 0.000000 / 0
Script call stack:
	Function /Game/UI/W_Alienek.W_Alienek_C:GetPercent_0

[2025.12.16-21.06.50:966][415]LogScript: Warning: Script Msg: Divide by zero detected: 0.000000 / 0
Script call stack:
	Function /Game/UI/W_Alienek.W_Alienek_C:GetPercent_0

[2025.12.16-21.06.50:988][416]LogScript: Warning: Script Msg: Divide by zero detected: 0.000000 / 0
Script call stack:
	Function /Game/UI/W_Alienek.W_Alienek_C:GetPercent_0

[2025.12.16-21.06.51:010][417]LogScript: Warning: Script Msg: Divide by zero detected: 0.000000 / 0
Script call stack:
	Function /Game/UI/W_Alienek.W_Alienek_C:GetPercent_0

[2025.12.16-21.06.51:033][418]LogScript: Warning: Script Msg: Divide by zero detected: 0.000000 / 0
Script call stack:
	Function /Game/UI/W_Alienek.W_Alienek_C:GetPercent_0

[2025.12.16-21.06.51:055][419]LogScript: Warning: Script Msg: Divide by zero detected: 0.000000 / 0
Script call stack:
	Function /Game/UI/W_Alienek.W_Alienek_C:GetPercent_0

[2025.12.16-21.06.51:077][420]LogScript: Warning: Script Msg: Divide by zero detected: 0.000000 / 0
Script call stack:
	Function /Game/UI/W_Alienek.W_Alienek_C:GetPercent_0

[2025.12.16-21.06.51:099][421]LogScript: Warning: Script Msg: Divide by zero detected: 0.000000 / 0
Script call stack:
	Function /Game/UI/W_Alienek.W_Alienek_C:GetPercent_0

[2025.12.16-21.06.51:120][422]LogScript: Warning: Script Msg: Divide by zero detected: 0.000000 / 0
Script call stack:
	Function /Game/UI/W_Alienek.W_Alienek_C:GetPercent_0

[2025.12.16-21.06.51:141][423]LogScript: Warning: Script Msg: Divide by zero detected: 0.000000 / 0
Script call stack:
	Function /Game/UI/W_Alienek.W_Alienek_C:GetPercent_0

[2025.12.16-21.06.51:162][424]LogScript: Warning: Script Msg: Divide by zero detected: 0.000000 / 0
Script call stack:
	Function /Game/UI/W_Alienek.W_Alienek_C:GetPercent_0

[2025.12.16-21.06.51:184][425]LogScript: Warning: Script Msg: Divide by zero detected: 0.000000 / 0
Script call stack:
	Function /Game/UI/W_Alienek.W_Alienek_C:GetPercent_0

[2025.12.16-21.06.51:207][426]LogScript: Warning: Script Msg: Divide by zero detected: 0.000000 / 0
Script call stack:
	Function /Game/UI/W_Alienek.W_Alienek_C:GetPercent_0

[2025.12.16-21.06.51:230][427]LogScript: Warning: Script Msg: Divide by zero detected: 0.000000 / 0
Script call stack:
	Function /Game/UI/W_Alienek.W_Alienek_C:GetPercent_0

[2025.12.16-21.06.51:250][428]LogScript: Warning: Script Msg: Divide by zero detected: 0.000000 / 0
Script call stack:
	Function /Game/UI/W_Alienek.W_Alienek_C:GetPercent_0

[2025.12.16-21.06.51:271][429]LogScript: Warning: Script Msg: Divide by zero detected: 0.000000 / 0
Script call stack:
	Function /Game/UI/W_Alienek.W_Alienek_C:GetPercent_0

[2025.12.16-21.06.51:293][430]LogScript: Warning: Script Msg: Divide by zero detected: 0.000000 / 0
Script call stack:
	Function /Game/UI/W_Alienek.W_Alienek_C:GetPercent_0

[2025.12.16-21.06.51:312][431]LogScript: Warning: Script Msg: Divide by zero detected: 0.000000 / 0
Script call stack:
	Function /Game/UI/W_Alienek.W_Alienek_C:GetPercent_0

[2025.12.16-21.06.51:336][432]LogScript: Warning: Script Msg: Divide by zero detected: 0.000000 / 0
Script call stack:
	Function /Game/UI/W_Alienek.W_Alienek_C:GetPercent_0

[2025.12.16-21.06.51:359][433]LogScript: Warning: Script Msg: Divide by zero detected: 0.000000 / 0
Script call stack:
	Function /Game/UI/W_Alienek.W_Alienek_C:GetPercent_0

[2025.12.16-21.06.51:381][434]LogScript: Warning: Script Msg: Divide by zero detected: 0.000000 / 0
Script call stack:
	Function /Game/UI/W_Alienek.W_Alienek_C:GetPercent_0

[2025.12.16-21.06.51:405][435]LogScript: Warning: Script Msg: Divide by zero detected: 0.000000 / 0
Script call stack:
	Function /Game/UI/W_Alienek.W_Alienek_C:GetPercent_0

[2025.12.16-21.06.51:429][436]LogScript: Warning: Script Msg: Divide by zero detected: 0.000000 / 0
Script call stack:
	Function /Game/UI/W_Alienek.W_Alienek_C:GetPercent_0

[2025.12.16-21.06.51:452][437]LogScript: Warning: Script Msg: Divide by zero detected: 0.000000 / 0
Script call stack:
	Function /Game/UI/W_Alienek.W_Alienek_C:GetPercent_0

[2025.12.16-21.06.51:474][438]LogScript: Warning: Script Msg: Divide by zero detected: 0.000000 / 0
Script call stack:
	Function /Game/UI/W_Alienek.W_Alienek_C:GetPercent_0

[2025.12.16-21.06.51:496][439]LogScript: Warning: Script Msg: Divide by zero detected: 0.000000 / 0
Script call stack:
	Function /Game/UI/W_Alienek.W_Alienek_C:GetPercent_0

[2025.12.16-21.06.51:518][440]LogScript: Warning: Script Msg: Divide by zero detected: 0.000000 / 0
Script call stack:
	Function /Game/UI/W_Alienek.W_Alienek_C:GetPercent_0

[2025.12.16-21.06.51:539][441]LogScript: Warning: Script Msg: Divide by zero detected: 0.000000 / 0
Script call stack:
	Function /Game/UI/W_Alienek.W_Alienek_C:GetPercent_0

[2025.12.16-21.06.51:567][441]LogSlate: Updating window title bar state: overlay mode, drag disabled, window buttons hidden, title bar hidden
[2025.12.16-21.06.51:567][441]LogWorld: BeginTearingDown for /Game/Levels/UEDPIE_0_Mars
[2025.12.16-21.06.51:568][441]LogWorld: UWorld::CleanupWorld for Mars, bSessionEnded=true, bCleanupResources=true
[2025.12.16-21.06.51:570][441]LogSlate: InvalidateAllWidgets triggered.  All widgets were invalidated
[2025.12.16-21.06.51:598][441]LogPlayLevel: Display: Shutting down PIE online subsystems
[2025.12.16-21.06.51:614][441]LogSlate: InvalidateAllWidgets triggered.  All widgets were invalidated
[2025.12.16-21.06.51:705][441]LogAudio: Display: Audio Device unregistered from world 'None'.
[2025.12.16-21.06.51:706][441]LogAudioMixer: FMixerPlatformXAudio2::StopAudioStream() called
[2025.12.16-21.06.51:709][441]LogAudioMixer: FMixerPlatformXAudio2::StopAudioStream() called
[2025.12.16-21.06.51:718][441]LogSlate: Updating window title bar state: overlay mode, drag disabled, window buttons hidden, title bar hidden
[2025.12.16-21.06.51:732][441]LogUObjectHash: Compacting FUObjectHashTables data took   7.60ms
[2025.12.16-21.06.51:779][442]LogPlayLevel: Display: Destroying online subsystem :Context_14
[2025.12.16-21.07.13:313][185]LogTemp: Repeating last play command: Selected Viewport
[2025.12.16-21.07.13:351][185]LogPlayLevel: PlayLevel: No blueprints needed recompiling
[2025.12.16-21.07.13:351][185]PIE: New page: PIE session: Mars (16 gru 2025, 23:07:13)
[2025.12.16-21.07.13:351][185]LogPlayLevel: Creating play world package: /Game/Levels/UEDPIE_0_Mars
[2025.12.16-21.07.13:485][185]LogPlayLevel: PIE: StaticDuplicateObject took: (0.132841s)
[2025.12.16-21.07.13:488][185]LogAIModule: Creating AISystem for world Mars
[2025.12.16-21.07.13:490][185]LogPlayLevel: PIE: World Init took: (0.004456s)
[2025.12.16-21.07.13:490][185]LogPlayLevel: PIE: Created PIE world by copying editor world from /Game/Levels/Mars.Mars to /Game/Levels/UEDPIE_0_Mars.Mars (0.138286s)
[2025.12.16-21.07.13:668][185]LogUObjectHash: Compacting FUObjectHashTables data took  13.49ms
[2025.12.16-21.07.13:673][185]LogAudio: Display: Creating Audio Device:                 Id: 4, Scope: Unique, Realtime: True
[2025.12.16-21.07.13:674][185]LogAudioMixer: Display: Audio Mixer Platform Settings:
[2025.12.16-21.07.13:674][185]LogAudioMixer: Display: 	Sample Rate:						  48000
[2025.12.16-21.07.13:674][185]LogAudioMixer: Display: 	Callback Buffer Frame Size Requested: 1024
[2025.12.16-21.07.13:674][185]LogAudioMixer: Display: 	Callback Buffer Frame Size To Use:	  1024
[2025.12.16-21.07.13:674][185]LogAudioMixer: Display: 	Number of buffers to queue:			  2
[2025.12.16-21.07.13:674][185]LogAudioMixer: Display: 	Max Channels (voices):				  32
[2025.12.16-21.07.13:674][185]LogAudioMixer: Display: 	Number of Async Source Workers:		  0
[2025.12.16-21.07.13:674][185]LogAudio: Display: AudioDevice MaxSources: 32
[2025.12.16-21.07.13:677][185]LogAudio: Display: Audio Spatialization Plugin: None (built-in).
[2025.12.16-21.07.13:677][185]LogAudio: Display: Audio Reverb Plugin: None (built-in).
[2025.12.16-21.07.13:677][185]LogAudio: Display: Audio Occlusion Plugin: None (built-in).
[2025.12.16-21.07.13:677][185]LogAudioMixer: Display: Initializing audio mixer.
[2025.12.16-21.07.13:698][185]LogAudioMixer: Display: 0: FrontLeft
[2025.12.16-21.07.13:698][185]LogAudioMixer: Display: 1: FrontRight
[2025.12.16-21.07.13:883][185]LogAudioMixer: Display: Using Audio Device Głośniki (Realtek(R) Audio)
[2025.12.16-21.07.13:884][185]LogAudioMixer: Display: Initializing Sound Submixes...
[2025.12.16-21.07.13:884][185]LogAudioMixer: Display: Creating Master Submix 'MasterSubmixDefault'
[2025.12.16-21.07.13:884][185]LogAudioMixer: Display: Creating Master Submix 'MasterReverbSubmixDefault'
[2025.12.16-21.07.13:886][185]LogAudioMixer: Display: Creating Master Submix 'MasterEQSubmixDefault'
[2025.12.16-21.07.13:886][185]LogAudioMixer: FMixerPlatformXAudio2::StartAudioStream() called
[2025.12.16-21.07.13:886][185]LogAudioMixer: Display: Output buffers initialized: Frames=1024, Channels=2, Samples=2048
[2025.12.16-21.07.13:891][185]LogAudioMixer: Display: Starting AudioMixerPlatformInterface::RunInternal()
[2025.12.16-21.07.13:891][185]LogAudioMixer: Display: FMixerPlatformXAudio2::SubmitBuffer() called for the first time
[2025.12.16-21.07.13:891][185]LogInit: FAudioDevice initialized.
[2025.12.16-21.07.13:891][185]LogAudio: Display: Audio Device (ID: 4) registered with world 'Mars'.
[2025.12.16-21.07.13:919][185]LogLoad: Game class is 'BP_MarsMarine_GameMode_C'
[2025.12.16-21.07.13:934][185]LogWorld: Bringing World /Game/Levels/UEDPIE_0_Mars.Mars up for play (max tick rate 60) at 2025.12.16-22.07.13
[2025.12.16-21.07.13:936][185]LogWorld: Bringing up level for play took: 0.013869
[2025.12.16-21.07.13:938][185]LogOnline: OSS: Creating online subsystem instance for: :Context_15
[2025.12.16-21.07.13:957][185]PIE: Server logged in
[2025.12.16-21.07.13:960][185]PIE: Play in editor total start time 0,617 seconds.
[2025.12.16-21.07.14:238][187]LogScript: Warning: Script Msg: Divide by zero detected: 0.000000 / 0
Script call stack:
	Function /Game/UI/W_Alienek.W_Alienek_C:GetPercent_0

[2025.12.16-21.07.14:263][188]LogScript: Warning: Script Msg: Divide by zero detected: 0.000000 / 0
Script call stack:
	Function /Game/UI/W_Alienek.W_Alienek_C:GetPercent_0

[2025.12.16-21.07.14:285][189]LogScript: Warning: Script Msg: Divide by zero detected: 0.000000 / 0
Script call stack:
	Function /Game/UI/W_Alienek.W_Alienek_C:GetPercent_0

[2025.12.16-21.07.14:311][190]LogScript: Warning: Script Msg: Divide by zero detected: 0.000000 / 0
Script call stack:
	Function /Game/UI/W_Alienek.W_Alienek_C:GetPercent_0

[2025.12.16-21.07.14:347][191]LogScript: Warning: Script Msg: Divide by zero detected: 0.000000 / 0
Script call stack:
	Function /Game/UI/W_Alienek.W_Alienek_C:GetPercent_0

[2025.12.16-21.07.14:401][192]LogScript: Warning: Script Msg: Divide by zero detected: 0.000000 / 0
Script call stack:
	Function /Game/UI/W_Alienek.W_Alienek_C:GetPercent_0

[2025.12.16-21.07.14:427][193]LogScript: Warning: Script Msg: Divide by zero detected: 0.000000 / 0
Script call stack:
	Function /Game/UI/W_Alienek.W_Alienek_C:GetPercent_0

[2025.12.16-21.07.14:459][194]LogScript: Warning: Script Msg: Divide by zero detected: 0.000000 / 0
Script call stack:
	Function /Game/UI/W_Alienek.W_Alienek_C:GetPercent_0

[2025.12.16-21.07.14:485][195]LogScript: Warning: Script Msg: Divide by zero detected: 0.000000 / 0
Script call stack:
	Function /Game/UI/W_Alienek.W_Alienek_C:GetPercent_0

[2025.12.16-21.07.14:509][196]LogScript: Warning: Script Msg: Divide by zero detected: 0.000000 / 0
Script call stack:
	Function /Game/UI/W_Alienek.W_Alienek_C:GetPercent_0

[2025.12.16-21.07.14:534][197]LogScript: Warning: Script Msg: Divide by zero detected: 0.000000 / 0
Script call stack:
	Function /Game/UI/W_Alienek.W_Alienek_C:GetPercent_0

[2025.12.16-21.07.14:556][198]LogScript: Warning: Script Msg: Divide by zero detected: 0.000000 / 0
Script call stack:
	Function /Game/UI/W_Alienek.W_Alienek_C:GetPercent_0

[2025.12.16-21.07.14:579][199]LogScript: Warning: Script Msg: Divide by zero detected: 0.000000 / 0
Script call stack:
	Function /Game/UI/W_Alienek.W_Alienek_C:GetPercent_0

[2025.12.16-21.07.14:603][200]LogScript: Warning: Script Msg: Divide by zero detected: 0.000000 / 0
Script call stack:
	Function /Game/UI/W_Alienek.W_Alienek_C:GetPercent_0

[2025.12.16-21.07.14:627][201]LogScript: Warning: Script Msg: Divide by zero detected: 0.000000 / 0
Script call stack:
	Function /Game/UI/W_Alienek.W_Alienek_C:GetPercent_0

[2025.12.16-21.07.14:650][202]LogScript: Warning: Script Msg: Divide by zero detected: 0.000000 / 0
Script call stack:
	Function /Game/UI/W_Alienek.W_Alienek_C:GetPercent_0

[2025.12.16-21.07.14:680][203]LogScript: Warning: Script Msg: Divide by zero detected: 0.000000 / 0
Script call stack:
	Function /Game/UI/W_Alienek.W_Alienek_C:GetPercent_0

[2025.12.16-21.07.14:707][204]LogScript: Warning: Script Msg: Divide by zero detected: 0.000000 / 0
Script call stack:
	Function /Game/UI/W_Alienek.W_Alienek_C:GetPercent_0

[2025.12.16-21.07.14:734][205]LogScript: Warning: Script Msg: Divide by zero detected: 0.000000 / 0
Script call stack:
	Function /Game/UI/W_Alienek.W_Alienek_C:GetPercent_0

[2025.12.16-21.07.14:758][206]LogScript: Warning: Script Msg: Divide by zero detected: 0.000000 / 0
Script call stack:
	Function /Game/UI/W_Alienek.W_Alienek_C:GetPercent_0

[2025.12.16-21.07.14:793][207]LogScript: Warning: Script Msg: Divide by zero detected: 0.000000 / 0
Script call stack:
	Function /Game/UI/W_Alienek.W_Alienek_C:GetPercent_0

[2025.12.16-21.07.14:817][208]LogScript: Warning: Script Msg: Divide by zero detected: 0.000000 / 0
Script call stack:
	Function /Game/UI/W_Alienek.W_Alienek_C:GetPercent_0

[2025.12.16-21.07.14:840][209]LogScript: Warning: Script Msg: Divide by zero detected: 0.000000 / 0
Script call stack:
	Function /Game/UI/W_Alienek.W_Alienek_C:GetPercent_0

[2025.12.16-21.07.14:864][210]LogScript: Warning: Script Msg: Divide by zero detected: 0.000000 / 0
Script call stack:
	Function /Game/UI/W_Alienek.W_Alienek_C:GetPercent_0

[2025.12.16-21.07.14:888][211]LogScript: Warning: Script Msg: Divide by zero detected: 0.000000 / 0
Script call stack:
	Function /Game/UI/W_Alienek.W_Alienek_C:GetPercent_0

[2025.12.16-21.07.14:909][212]LogScript: Warning: Script Msg: Divide by zero detected: 0.000000 / 0
Script call stack:
	Function /Game/UI/W_Alienek.W_Alienek_C:GetPercent_0

[2025.12.16-21.07.14:930][213]LogScript: Warning: Script Msg: Divide by zero detected: 0.000000 / 0
Script call stack:
	Function /Game/UI/W_Alienek.W_Alienek_C:GetPercent_0

[2025.12.16-21.07.14:950][214]LogScript: Warning: Script Msg: Divide by zero detected: 0.000000 / 0
Script call stack:
	Function /Game/UI/W_Alienek.W_Alienek_C:GetPercent_0

[2025.12.16-21.07.14:974][215]LogScript: Warning: Script Msg: Divide by zero detected: 0.000000 / 0
Script call stack:
	Function /Game/UI/W_Alienek.W_Alienek_C:GetPercent_0

[2025.12.16-21.07.14:996][216]LogScript: Warning: Script Msg: Divide by zero detected: 0.000000 / 0
Script call stack:
	Function /Game/UI/W_Alienek.W_Alienek_C:GetPercent_0

[2025.12.16-21.07.15:021][217]LogScript: Warning: Script Msg: Divide by zero detected: 0.000000 / 0
Script call stack:
	Function /Game/UI/W_Alienek.W_Alienek_C:GetPercent_0

[2025.12.16-21.07.15:048][218]LogScript: Warning: Script Msg: Divide by zero detected: 0.000000 / 0
Script call stack:
	Function /Game/UI/W_Alienek.W_Alienek_C:GetPercent_0

[2025.12.16-21.07.15:073][219]LogScript: Warning: Script Msg: Divide by zero detected: 0.000000 / 0
Script call stack:
	Function /Game/UI/W_Alienek.W_Alienek_C:GetPercent_0

[2025.12.16-21.07.15:099][220]LogScript: Warning: Script Msg: Divide by zero detected: 0.000000 / 0
Script call stack:
	Function /Game/UI/W_Alienek.W_Alienek_C:GetPercent_0

[2025.12.16-21.07.15:129][221]LogScript: Warning: Script Msg: Divide by zero detected: 0.000000 / 0
Script call stack:
	Function /Game/UI/W_Alienek.W_Alienek_C:GetPercent_0

[2025.12.16-21.07.15:157][222]LogScript: Warning: Script Msg: Divide by zero detected: 0.000000 / 0
Script call stack:
	Function /Game/UI/W_Alienek.W_Alienek_C:GetPercent_0

[2025.12.16-21.07.15:185][223]LogScript: Warning: Script Msg: Divide by zero detected: 0.000000 / 0
Script call stack:
	Function /Game/UI/W_Alienek.W_Alienek_C:GetPercent_0

[2025.12.16-21.07.15:215][224]LogScript: Warning: Script Msg: Divide by zero detected: 0.000000 / 0
Script call stack:
	Function /Game/UI/W_Alienek.W_Alienek_C:GetPercent_0

[2025.12.16-21.07.15:241][225]LogScript: Warning: Script Msg: Divide by zero detected: 0.000000 / 0
Script call stack:
	Function /Game/UI/W_Alienek.W_Alienek_C:GetPercent_0

[2025.12.16-21.07.15:269][226]LogScript: Warning: Script Msg: Divide by zero detected: 0.000000 / 0
Script call stack:
	Function /Game/UI/W_Alienek.W_Alienek_C:GetPercent_0

[2025.12.16-21.07.15:296][227]LogScript: Warning: Script Msg: Divide by zero detected: 0.000000 / 0
Script call stack:
	Function /Game/UI/W_Alienek.W_Alienek_C:GetPercent_0

[2025.12.16-21.07.15:322][228]LogScript: Warning: Script Msg: Divide by zero detected: 0.000000 / 0
Script call stack:
	Function /Game/UI/W_Alienek.W_Alienek_C:GetPercent_0

[2025.12.16-21.07.15:348][229]LogScript: Warning: Script Msg: Divide by zero detected: 0.000000 / 0
Script call stack:
	Function /Game/UI/W_Alienek.W_Alienek_C:GetPercent_0

[2025.12.16-21.07.15:374][230]LogScript: Warning: Script Msg: Divide by zero detected: 0.000000 / 0
Script call stack:
	Function /Game/UI/W_Alienek.W_Alienek_C:GetPercent_0

[2025.12.16-21.07.15:401][231]LogScript: Warning: Script Msg: Divide by zero detected: 0.000000 / 0
Script call stack:
	Function /Game/UI/W_Alienek.W_Alienek_C:GetPercent_0

[2025.12.16-21.07.15:429][232]LogScript: Warning: Script Msg: Divide by zero detected: 0.000000 / 0
Script call stack:
	Function /Game/UI/W_Alienek.W_Alienek_C:GetPercent_0

[2025.12.16-21.07.15:454][233]LogScript: Warning: Script Msg: Divide by zero detected: 0.000000 / 0
Script call stack:
	Function /Game/UI/W_Alienek.W_Alienek_C:GetPercent_0

[2025.12.16-21.07.15:479][234]LogScript: Warning: Script Msg: Divide by zero detected: 0.000000 / 0
Script call stack:
	Function /Game/UI/W_Alienek.W_Alienek_C:GetPercent_0

[2025.12.16-21.07.15:507][235]LogScript: Warning: Script Msg: Divide by zero detected: 0.000000 / 0
Script call stack:
	Function /Game/UI/W_Alienek.W_Alienek_C:GetPercent_0

[2025.12.16-21.07.15:534][236]LogScript: Warning: Script Msg: Divide by zero detected: 0.000000 / 0
Script call stack:
	Function /Game/UI/W_Alienek.W_Alienek_C:GetPercent_0

[2025.12.16-21.07.15:558][237]LogScript: Warning: Script Msg: Divide by zero detected: 0.000000 / 0
Script call stack:
	Function /Game/UI/W_Alienek.W_Alienek_C:GetPercent_0

[2025.12.16-21.07.15:584][238]LogScript: Warning: Script Msg: Divide by zero detected: 0.000000 / 0
Script call stack:
	Function /Game/UI/W_Alienek.W_Alienek_C:GetPercent_0

[2025.12.16-21.07.15:610][239]LogScript: Warning: Script Msg: Divide by zero detected: 0.000000 / 0
Script call stack:
	Function /Game/UI/W_Alienek.W_Alienek_C:GetPercent_0

[2025.12.16-21.07.15:636][240]LogScript: Warning: Script Msg: Divide by zero detected: 0.000000 / 0
Script call stack:
	Function /Game/UI/W_Alienek.W_Alienek_C:GetPercent_0

[2025.12.16-21.07.15:663][241]LogScript: Warning: Script Msg: Divide by zero detected: 0.000000 / 0
Script call stack:
	Function /Game/UI/W_Alienek.W_Alienek_C:GetPercent_0

[2025.12.16-21.07.15:688][242]LogScript: Warning: Script Msg: Divide by zero detected: 0.000000 / 0
Script call stack:
	Function /Game/UI/W_Alienek.W_Alienek_C:GetPercent_0

[2025.12.16-21.07.15:720][243]LogScript: Warning: Script Msg: Divide by zero detected: 0.000000 / 0
Script call stack:
	Function /Game/UI/W_Alienek.W_Alienek_C:GetPercent_0

[2025.12.16-21.07.15:747][244]LogScript: Warning: Script Msg: Divide by zero detected: 0.000000 / 0
Script call stack:
	Function /Game/UI/W_Alienek.W_Alienek_C:GetPercent_0

[2025.12.16-21.07.15:771][245]LogScript: Warning: Script Msg: Divide by zero detected: 0.000000 / 0
Script call stack:
	Function /Game/UI/W_Alienek.W_Alienek_C:GetPercent_0

[2025.12.16-21.07.15:796][246]LogScript: Warning: Script Msg: Divide by zero detected: 0.000000 / 0
Script call stack:
	Function /Game/UI/W_Alienek.W_Alienek_C:GetPercent_0

[2025.12.16-21.07.15:824][247]LogScript: Warning: Script Msg: Divide by zero detected: 0.000000 / 0
Script call stack:
	Function /Game/UI/W_Alienek.W_Alienek_C:GetPercent_0

[2025.12.16-21.07.15:850][248]LogScript: Warning: Script Msg: Divide by zero detected: 0.000000 / 0
Script call stack:
	Function /Game/UI/W_Alienek.W_Alienek_C:GetPercent_0

[2025.12.16-21.07.15:876][249]LogScript: Warning: Script Msg: Divide by zero detected: 0.000000 / 0
Script call stack:
	Function /Game/UI/W_Alienek.W_Alienek_C:GetPercent_0

[2025.12.16-21.07.15:901][250]LogScript: Warning: Script Msg: Divide by zero detected: 0.000000 / 0
Script call stack:
	Function /Game/UI/W_Alienek.W_Alienek_C:GetPercent_0

[2025.12.16-21.07.15:926][251]LogScript: Warning: Script Msg: Divide by zero detected: 0.000000 / 0
Script call stack:
	Function /Game/UI/W_Alienek.W_Alienek_C:GetPercent_0

[2025.12.16-21.07.15:955][252]LogScript: Warning: Script Msg: Divide by zero detected: 0.000000 / 0
Script call stack:
	Function /Game/UI/W_Alienek.W_Alienek_C:GetPercent_0

[2025.12.16-21.07.15:981][253]LogScript: Warning: Script Msg: Divide by zero detected: 0.000000 / 0
Script call stack:
	Function /Game/UI/W_Alienek.W_Alienek_C:GetPercent_0

[2025.12.16-21.07.16:008][254]LogScript: Warning: Script Msg: Divide by zero detected: 0.000000 / 0
Script call stack:
	Function /Game/UI/W_Alienek.W_Alienek_C:GetPercent_0

[2025.12.16-21.07.16:032][255]LogScript: Warning: Script Msg: Divide by zero detected: 0.000000 / 0
Script call stack:
	Function /Game/UI/W_Alienek.W_Alienek_C:GetPercent_0

[2025.12.16-21.07.16:058][256]LogScript: Warning: Script Msg: Divide by zero detected: 0.000000 / 0
Script call stack:
	Function /Game/UI/W_Alienek.W_Alienek_C:GetPercent_0

[2025.12.16-21.07.16:101][257]LogScript: Warning: Script Msg: Divide by zero detected: 0.000000 / 0
Script call stack:
	Function /Game/UI/W_Alienek.W_Alienek_C:GetPercent_0

[2025.12.16-21.07.16:129][258]LogScript: Warning: Script Msg: Divide by zero detected: 0.000000 / 0
Script call stack:
	Function /Game/UI/W_Alienek.W_Alienek_C:GetPercent_0

[2025.12.16-21.07.16:155][259]LogScript: Warning: Script Msg: Divide by zero detected: 0.000000 / 0
Script call stack:
	Function /Game/UI/W_Alienek.W_Alienek_C:GetPercent_0

[2025.12.16-21.07.16:183][260]LogScript: Warning: Script Msg: Divide by zero detected: 0.000000 / 0
Script call stack:
	Function /Game/UI/W_Alienek.W_Alienek_C:GetPercent_0

[2025.12.16-21.07.16:208][261]LogScript: Warning: Script Msg: Divide by zero detected: 0.000000 / 0
Script call stack:
	Function /Game/UI/W_Alienek.W_Alienek_C:GetPercent_0

[2025.12.16-21.07.16:237][262]LogScript: Warning: Script Msg: Divide by zero detected: 0.000000 / 0
Script call stack:
	Function /Game/UI/W_Alienek.W_Alienek_C:GetPercent_0

[2025.12.16-21.07.16:265][263]LogScript: Warning: Script Msg: Divide by zero detected: 0.000000 / 0
Script call stack:
	Function /Game/UI/W_Alienek.W_Alienek_C:GetPercent_0

[2025.12.16-21.07.16:292][264]LogScript: Warning: Script Msg: Divide by zero detected: 0.000000 / 0
Script call stack:
	Function /Game/UI/W_Alienek.W_Alienek_C:GetPercent_0

[2025.12.16-21.07.16:316][265]LogScript: Warning: Script Msg: Divide by zero detected: 0.000000 / 0
Script call stack:
	Function /Game/UI/W_Alienek.W_Alienek_C:GetPercent_0

[2025.12.16-21.07.16:339][266]LogScript: Warning: Script Msg: Divide by zero detected: 0.000000 / 0
Script call stack:
	Function /Game/UI/W_Alienek.W_Alienek_C:GetPercent_0

[2025.12.16-21.07.16:362][267]LogScript: Warning: Script Msg: Divide by zero detected: 0.000000 / 0
Script call stack:
	Function /Game/UI/W_Alienek.W_Alienek_C:GetPercent_0

[2025.12.16-21.07.16:388][268]LogScript: Warning: Script Msg: Divide by zero detected: 0.000000 / 0
Script call stack:
	Function /Game/UI/W_Alienek.W_Alienek_C:GetPercent_0

[2025.12.16-21.07.16:414][269]LogScript: Warning: Script Msg: Divide by zero detected: 0.000000 / 0
Script call stack:
	Function /Game/UI/W_Alienek.W_Alienek_C:GetPercent_0

[2025.12.16-21.07.16:438][270]LogScript: Warning: Script Msg: Divide by zero detected: 0.000000 / 0
Script call stack:
	Function /Game/UI/W_Alienek.W_Alienek_C:GetPercent_0

[2025.12.16-21.07.16:467][271]LogScript: Warning: Script Msg: Divide by zero detected: 0.000000 / 0
Script call stack:
	Function /Game/UI/W_Alienek.W_Alienek_C:GetPercent_0

[2025.12.16-21.07.16:498][272]LogScript: Warning: Script Msg: Divide by zero detected: 0.000000 / 0
Script call stack:
	Function /Game/UI/W_Alienek.W_Alienek_C:GetPercent_0

[2025.12.16-21.07.16:524][273]LogScript: Warning: Script Msg: Divide by zero detected: 0.000000 / 0
Script call stack:
	Function /Game/UI/W_Alienek.W_Alienek_C:GetPercent_0

[2025.12.16-21.07.16:549][274]LogScript: Warning: Script Msg: Divide by zero detected: 0.000000 / 0
Script call stack:
	Function /Game/UI/W_Alienek.W_Alienek_C:GetPercent_0

[2025.12.16-21.07.16:579][275]LogScript: Warning: Script Msg: Divide by zero detected: 0.000000 / 0
Script call stack:
	Function /Game/UI/W_Alienek.W_Alienek_C:GetPercent_0

[2025.12.16-21.07.16:605][276]LogScript: Warning: Script Msg: Divide by zero detected: 0.000000 / 0
Script call stack:
	Function /Game/UI/W_Alienek.W_Alienek_C:GetPercent_0

[2025.12.16-21.07.16:629][277]LogScript: Warning: Script Msg: Divide by zero detected: 0.000000 / 0
Script call stack:
	Function /Game/UI/W_Alienek.W_Alienek_C:GetPercent_0

[2025.12.16-21.07.16:650][278]LogScript: Warning: Script Msg: Divide by zero detected: 0.000000 / 0
Script call stack:
	Function /Game/UI/W_Alienek.W_Alienek_C:GetPercent_0

[2025.12.16-21.07.16:671][279]LogScript: Warning: Script Msg: Divide by zero detected: 0.000000 / 0
Script call stack:
	Function /Game/UI/W_Alienek.W_Alienek_C:GetPercent_0

[2025.12.16-21.07.16:698][280]LogScript: Warning: Script Msg: Divide by zero detected: 0.000000 / 0
Script call stack:
	Function /Game/UI/W_Alienek.W_Alienek_C:GetPercent_0

[2025.12.16-21.07.16:725][281]LogScript: Warning: Script Msg: Divide by zero detected: 0.000000 / 0
Script call stack:
	Function /Game/UI/W_Alienek.W_Alienek_C:GetPercent_0

[2025.12.16-21.07.16:751][282]LogScript: Warning: Script Msg: Divide by zero detected: 0.000000 / 0
Script call stack:
	Function /Game/UI/W_Alienek.W_Alienek_C:GetPercent_0

[2025.12.16-21.07.16:776][283]LogScript: Warning: Script Msg: Divide by zero detected: 0.000000 / 0
Script call stack:
	Function /Game/UI/W_Alienek.W_Alienek_C:GetPercent_0

[2025.12.16-21.07.16:799][284]LogScript: Warning: Script Msg: Divide by zero detected: 0.000000 / 0
Script call stack:
	Function /Game/UI/W_Alienek.W_Alienek_C:GetPercent_0

[2025.12.16-21.07.16:826][285]LogScript: Warning: Script Msg: Divide by zero detected: 0.000000 / 0
Script call stack:
	Function /Game/UI/W_Alienek.W_Alienek_C:GetPercent_0

[2025.12.16-21.07.16:856][286]LogScript: Warning: Script Msg: Divide by zero detected: 0.000000 / 0
Script call stack:
	Function /Game/UI/W_Alienek.W_Alienek_C:GetPercent_0

[2025.12.16-21.07.16:879][287]LogScript: Warning: Script Msg: Divide by zero detected: 0.000000 / 0
Script call stack:
	Function /Game/UI/W_Alienek.W_Alienek_C:GetPercent_0

[2025.12.16-21.07.16:903][288]LogScript: Warning: Script Msg: Divide by zero detected: 0.000000 / 0
Script call stack:
	Function /Game/UI/W_Alienek.W_Alienek_C:GetPercent_0

[2025.12.16-21.07.16:926][289]LogScript: Warning: Script Msg: Divide by zero detected: 0.000000 / 0
Script call stack:
	Function /Game/UI/W_Alienek.W_Alienek_C:GetPercent_0

[2025.12.16-21.07.16:952][290]LogScript: Warning: Script Msg: Divide by zero detected: 0.000000 / 0
Script call stack:
	Function /Game/UI/W_Alienek.W_Alienek_C:GetPercent_0

[2025.12.16-21.07.16:980][291]LogScript: Warning: Script Msg: Divide by zero detected: 0.000000 / 0
Script call stack:
	Function /Game/UI/W_Alienek.W_Alienek_C:GetPercent_0

[2025.12.16-21.07.17:008][292]LogScript: Warning: Script Msg: Divide by zero detected: 0.000000 / 0
Script call stack:
	Function /Game/UI/W_Alienek.W_Alienek_C:GetPercent_0

[2025.12.16-21.07.17:036][293]LogScript: Warning: Script Msg: Divide by zero detected: 0.000000 / 0
Script call stack:
	Function /Game/UI/W_Alienek.W_Alienek_C:GetPercent_0

[2025.12.16-21.07.17:064][294]LogScript: Warning: Script Msg: Divide by zero detected: 0.000000 / 0
Script call stack:
	Function /Game/UI/W_Alienek.W_Alienek_C:GetPercent_0

[2025.12.16-21.07.17:088][295]LogScript: Warning: Script Msg: Divide by zero detected: 0.000000 / 0
Script call stack:
	Function /Game/UI/W_Alienek.W_Alienek_C:GetPercent_0

[2025.12.16-21.07.17:116][296]LogScript: Warning: Script Msg: Divide by zero detected: 0.000000 / 0
Script call stack:
	Function /Game/UI/W_Alienek.W_Alienek_C:GetPercent_0

[2025.12.16-21.07.17:141][297]LogScript: Warning: Script Msg: Divide by zero detected: 0.000000 / 0
Script call stack:
	Function /Game/UI/W_Alienek.W_Alienek_C:GetPercent_0

[2025.12.16-21.07.17:166][298]LogScript: Warning: Script Msg: Divide by zero detected: 0.000000 / 0
Script call stack:
	Function /Game/UI/W_Alienek.W_Alienek_C:GetPercent_0

[2025.12.16-21.07.17:199][299]LogScript: Warning: Script Msg: Divide by zero detected: 0.000000 / 0
Script call stack:
	Function /Game/UI/W_Alienek.W_Alienek_C:GetPercent_0

[2025.12.16-21.07.17:227][300]LogScript: Warning: Script Msg: Divide by zero detected: 0.000000 / 0
Script call stack:
	Function /Game/UI/W_Alienek.W_Alienek_C:GetPercent_0

[2025.12.16-21.07.17:256][301]LogScript: Warning: Script Msg: Divide by zero detected: 0.000000 / 0
Script call stack:
	Function /Game/UI/W_Alienek.W_Alienek_C:GetPercent_0

[2025.12.16-21.07.17:284][302]LogScript: Warning: Script Msg: Divide by zero detected: 0.000000 / 0
Script call stack:
	Function /Game/UI/W_Alienek.W_Alienek_C:GetPercent_0

[2025.12.16-21.07.17:311][303]LogScript: Warning: Script Msg: Divide by zero detected: 0.000000 / 0
Script call stack:
	Function /Game/UI/W_Alienek.W_Alienek_C:GetPercent_0

[2025.12.16-21.07.17:338][304]LogScript: Warning: Script Msg: Divide by zero detected: 0.000000 / 0
Script call stack:
	Function /Game/UI/W_Alienek.W_Alienek_C:GetPercent_0

[2025.12.16-21.07.17:365][305]LogScript: Warning: Script Msg: Divide by zero detected: 0.000000 / 0
Script call stack:
	Function /Game/UI/W_Alienek.W_Alienek_C:GetPercent_0

[2025.12.16-21.07.17:390][306]LogScript: Warning: Script Msg: Divide by zero detected: 0.000000 / 0
Script call stack:
	Function /Game/UI/W_Alienek.W_Alienek_C:GetPercent_0

[2025.12.16-21.07.17:420][307]LogScript: Warning: Script Msg: Divide by zero detected: 0.000000 / 0
Script call stack:
	Function /Game/UI/W_Alienek.W_Alienek_C:GetPercent_0

[2025.12.16-21.07.17:456][308]LogScript: Warning: Script Msg: Divide by zero detected: 0.000000 / 0
Script call stack:
	Function /Game/UI/W_Alienek.W_Alienek_C:GetPercent_0

[2025.12.16-21.07.17:490][309]LogScript: Warning: Script Msg: Divide by zero detected: 0.000000 / 0
Script call stack:
	Function /Game/UI/W_Alienek.W_Alienek_C:GetPercent_0

[2025.12.16-21.07.17:526][310]LogScript: Warning: Script Msg: Divide by zero detected: 0.000000 / 0
Script call stack:
	Function /Game/UI/W_Alienek.W_Alienek_C:GetPercent_0

[2025.12.16-21.07.17:554][311]LogScript: Warning: Script Msg: Divide by zero detected: 0.000000 / 0
Script call stack:
	Function /Game/UI/W_Alienek.W_Alienek_C:GetPercent_0

[2025.12.16-21.07.17:581][312]LogScript: Warning: Script Msg: Divide by zero detected: 0.000000 / 0
Script call stack:
	Function /Game/UI/W_Alienek.W_Alienek_C:GetPercent_0

[2025.12.16-21.07.17:612][313]LogScript: Warning: Script Msg: Divide by zero detected: 0.000000 / 0
Script call stack:
	Function /Game/UI/W_Alienek.W_Alienek_C:GetPercent_0

[2025.12.16-21.07.17:640][314]LogScript: Warning: Script Msg: Divide by zero detected: 0.000000 / 0
Script call stack:
	Function /Game/UI/W_Alienek.W_Alienek_C:GetPercent_0

[2025.12.16-21.07.17:667][315]LogScript: Warning: Script Msg: Divide by zero detected: 0.000000 / 0
Script call stack:
	Function /Game/UI/W_Alienek.W_Alienek_C:GetPercent_0

[2025.12.16-21.07.17:695][316]LogScript: Warning: Script Msg: Divide by zero detected: 0.000000 / 0
Script call stack:
	Function /Game/UI/W_Alienek.W_Alienek_C:GetPercent_0

[2025.12.16-21.07.17:723][317]LogScript: Warning: Script Msg: Divide by zero detected: 0.000000 / 0
Script call stack:
	Function /Game/UI/W_Alienek.W_Alienek_C:GetPercent_0

[2025.12.16-21.07.17:750][318]LogScript: Warning: Script Msg: Divide by zero detected: 0.000000 / 0
Script call stack:
	Function /Game/UI/W_Alienek.W_Alienek_C:GetPercent_0

[2025.12.16-21.07.17:778][319]LogScript: Warning: Script Msg: Divide by zero detected: 0.000000 / 0
Script call stack:
	Function /Game/UI/W_Alienek.W_Alienek_C:GetPercent_0

[2025.12.16-21.07.17:805][320]LogScript: Warning: Script Msg: Divide by zero detected: 0.000000 / 0
Script call stack:
	Function /Game/UI/W_Alienek.W_Alienek_C:GetPercent_0

[2025.12.16-21.07.17:834][321]LogScript: Warning: Script Msg: Divide by zero detected: 0.000000 / 0
Script call stack:
	Function /Game/UI/W_Alienek.W_Alienek_C:GetPercent_0

[2025.12.16-21.07.17:862][322]LogScript: Warning: Script Msg: Divide by zero detected: 0.000000 / 0
Script call stack:
	Function /Game/UI/W_Alienek.W_Alienek_C:GetPercent_0

[2025.12.16-21.07.17:891][323]LogScript: Warning: Script Msg: Divide by zero detected: 0.000000 / 0
Script call stack:
	Function /Game/UI/W_Alienek.W_Alienek_C:GetPercent_0

[2025.12.16-21.07.17:917][324]LogScript: Warning: Script Msg: Divide by zero detected: 0.000000 / 0
Script call stack:
	Function /Game/UI/W_Alienek.W_Alienek_C:GetPercent_0

[2025.12.16-21.07.17:943][325]LogScript: Warning: Script Msg: Divide by zero detected: 0.000000 / 0
Script call stack:
	Function /Game/UI/W_Alienek.W_Alienek_C:GetPercent_0

[2025.12.16-21.07.17:973][326]LogScript: Warning: Script Msg: Divide by zero detected: 0.000000 / 0
Script call stack:
	Function /Game/UI/W_Alienek.W_Alienek_C:GetPercent_0

[2025.12.16-21.07.18:001][327]LogScript: Warning: Script Msg: Divide by zero detected: 0.000000 / 0
Script call stack:
	Function /Game/UI/W_Alienek.W_Alienek_C:GetPercent_0

[2025.12.16-21.07.18:028][328]LogScript: Warning: Script Msg: Divide by zero detected: 0.000000 / 0
Script call stack:
	Function /Game/UI/W_Alienek.W_Alienek_C:GetPercent_0

[2025.12.16-21.07.18:057][329]LogScript: Warning: Script Msg: Divide by zero detected: 0.000000 / 0
Script call stack:
	Function /Game/UI/W_Alienek.W_Alienek_C:GetPercent_0

[2025.12.16-21.07.18:085][330]LogScript: Warning: Script Msg: Divide by zero detected: 0.000000 / 0
Script call stack:
	Function /Game/UI/W_Alienek.W_Alienek_C:GetPercent_0

[2025.12.16-21.07.18:110][331]LogScript: Warning: Script Msg: Divide by zero detected: 0.000000 / 0
Script call stack:
	Function /Game/UI/W_Alienek.W_Alienek_C:GetPercent_0

[2025.12.16-21.07.18:139][332]LogScript: Warning: Script Msg: Divide by zero detected: 0.000000 / 0
Script call stack:
	Function /Game/UI/W_Alienek.W_Alienek_C:GetPercent_0

[2025.12.16-21.07.18:166][333]LogScript: Warning: Script Msg: Divide by zero detected: 0.000000 / 0
Script call stack:
	Function /Game/UI/W_Alienek.W_Alienek_C:GetPercent_0

[2025.12.16-21.07.18:193][334]LogScript: Warning: Script Msg: Divide by zero detected: 0.000000 / 0
Script call stack:
	Function /Game/UI/W_Alienek.W_Alienek_C:GetPercent_0

[2025.12.16-21.07.18:219][335]LogScript: Warning: Script Msg: Divide by zero detected: 0.000000 / 0
Script call stack:
	Function /Game/UI/W_Alienek.W_Alienek_C:GetPercent_0

[2025.12.16-21.07.18:247][336]LogScript: Warning: Script Msg: Divide by zero detected: 0.000000 / 0
Script call stack:
	Function /Game/UI/W_Alienek.W_Alienek_C:GetPercent_0

[2025.12.16-21.07.18:276][337]LogScript: Warning: Script Msg: Divide by zero detected: 0.000000 / 0
Script call stack:
	Function /Game/UI/W_Alienek.W_Alienek_C:GetPercent_0

[2025.12.16-21.07.18:304][338]LogScript: Warning: Script Msg: Divide by zero detected: 0.000000 / 0
Script call stack:
	Function /Game/UI/W_Alienek.W_Alienek_C:GetPercent_0

[2025.12.16-21.07.18:332][339]LogScript: Warning: Script Msg: Divide by zero detected: 0.000000 / 0
Script call stack:
	Function /Game/UI/W_Alienek.W_Alienek_C:GetPercent_0

[2025.12.16-21.07.18:360][340]LogScript: Warning: Script Msg: Divide by zero detected: 0.000000 / 0
Script call stack:
	Function /Game/UI/W_Alienek.W_Alienek_C:GetPercent_0

[2025.12.16-21.07.18:386][341]LogScript: Warning: Script Msg: Divide by zero detected: 0.000000 / 0
Script call stack:
	Function /Game/UI/W_Alienek.W_Alienek_C:GetPercent_0

[2025.12.16-21.07.18:415][342]LogScript: Warning: Script Msg: Divide by zero detected: 0.000000 / 0
Script call stack:
	Function /Game/UI/W_Alienek.W_Alienek_C:GetPercent_0

[2025.12.16-21.07.18:442][343]LogScript: Warning: Script Msg: Divide by zero detected: 0.000000 / 0
Script call stack:
	Function /Game/UI/W_Alienek.W_Alienek_C:GetPercent_0

[2025.12.16-21.07.18:472][344]LogScript: Warning: Script Msg: Divide by zero detected: 0.000000 / 0
Script call stack:
	Function /Game/UI/W_Alienek.W_Alienek_C:GetPercent_0

[2025.12.16-21.07.18:500][345]LogScript: Warning: Script Msg: Divide by zero detected: 0.000000 / 0
Script call stack:
	Function /Game/UI/W_Alienek.W_Alienek_C:GetPercent_0

[2025.12.16-21.07.18:528][346]LogScript: Warning: Script Msg: Divide by zero detected: 0.000000 / 0
Script call stack:
	Function /Game/UI/W_Alienek.W_Alienek_C:GetPercent_0

[2025.12.16-21.07.18:556][347]LogScript: Warning: Script Msg: Divide by zero detected: 0.000000 / 0
Script call stack:
	Function /Game/UI/W_Alienek.W_Alienek_C:GetPercent_0

[2025.12.16-21.07.18:585][348]LogScript: Warning: Script Msg: Divide by zero detected: 0.000000 / 0
Script call stack:
	Function /Game/UI/W_Alienek.W_Alienek_C:GetPercent_0

[2025.12.16-21.07.18:614][349]LogScript: Warning: Script Msg: Divide by zero detected: 0.000000 / 0
Script call stack:
	Function /Game/UI/W_Alienek.W_Alienek_C:GetPercent_0

[2025.12.16-21.07.18:646][350]LogScript: Warning: Script Msg: Divide by zero detected: 0.000000 / 0
Script call stack:
	Function /Game/UI/W_Alienek.W_Alienek_C:GetPercent_0

[2025.12.16-21.07.18:673][351]LogScript: Warning: Script Msg: Divide by zero detected: 0.000000 / 0
Script call stack:
	Function /Game/UI/W_Alienek.W_Alienek_C:GetPercent_0

[2025.12.16-21.07.18:698][352]LogScript: Warning: Script Msg: Divide by zero detected: 0.000000 / 0
Script call stack:
	Function /Game/UI/W_Alienek.W_Alienek_C:GetPercent_0

[2025.12.16-21.07.18:726][353]LogScript: Warning: Script Msg: Divide by zero detected: 0.000000 / 0
Script call stack:
	Function /Game/UI/W_Alienek.W_Alienek_C:GetPercent_0

[2025.12.16-21.07.18:756][354]LogScript: Warning: Script Msg: Divide by zero detected: 0.000000 / 0
Script call stack:
	Function /Game/UI/W_Alienek.W_Alienek_C:GetPercent_0

[2025.12.16-21.07.18:786][355]LogScript: Warning: Script Msg: Divide by zero detected: 0.000000 / 0
Script call stack:
	Function /Game/UI/W_Alienek.W_Alienek_C:GetPercent_0

[2025.12.16-21.07.18:813][356]LogScript: Warning: Script Msg: Divide by zero detected: 0.000000 / 0
Script call stack:
	Function /Game/UI/W_Alienek.W_Alienek_C:GetPercent_0

[2025.12.16-21.07.18:837][357]LogScript: Warning: Script Msg: Divide by zero detected: 0.000000 / 0
Script call stack:
	Function /Game/UI/W_Alienek.W_Alienek_C:GetPercent_0

[2025.12.16-21.07.18:865][358]LogScript: Warning: Script Msg: Divide by zero detected: 0.000000 / 0
Script call stack:
	Function /Game/UI/W_Alienek.W_Alienek_C:GetPercent_0

[2025.12.16-21.07.18:892][359]LogScript: Warning: Script Msg: Divide by zero detected: 0.000000 / 0
Script call stack:
	Function /Game/UI/W_Alienek.W_Alienek_C:GetPercent_0

[2025.12.16-21.07.18:923][360]LogScript: Warning: Script Msg: Divide by zero detected: 0.000000 / 0
Script call stack:
	Function /Game/UI/W_Alienek.W_Alienek_C:GetPercent_0

[2025.12.16-21.07.18:958][361]LogScript: Warning: Script Msg: Divide by zero detected: 0.000000 / 0
Script call stack:
	Function /Game/UI/W_Alienek.W_Alienek_C:GetPercent_0

[2025.12.16-21.07.18:987][362]LogScript: Warning: Script Msg: Divide by zero detected: 0.000000 / 0
Script call stack:
	Function /Game/UI/W_Alienek.W_Alienek_C:GetPercent_0

[2025.12.16-21.07.19:018][363]LogScript: Warning: Script Msg: Divide by zero detected: 0.000000 / 0
Script call stack:
	Function /Game/UI/W_Alienek.W_Alienek_C:GetPercent_0

[2025.12.16-21.07.19:047][364]LogScript: Warning: Script Msg: Divide by zero detected: 0.000000 / 0
Script call stack:
	Function /Game/UI/W_Alienek.W_Alienek_C:GetPercent_0

[2025.12.16-21.07.19:077][365]LogScript: Warning: Script Msg: Divide by zero detected: 0.000000 / 0
Script call stack:
	Function /Game/UI/W_Alienek.W_Alienek_C:GetPercent_0

[2025.12.16-21.07.19:107][366]LogScript: Warning: Script Msg: Divide by zero detected: 0.000000 / 0
Script call stack:
	Function /Game/UI/W_Alienek.W_Alienek_C:GetPercent_0

[2025.12.16-21.07.19:136][367]LogScript: Warning: Script Msg: Divide by zero detected: 0.000000 / 0
Script call stack:
	Function /Game/UI/W_Alienek.W_Alienek_C:GetPercent_0

[2025.12.16-21.07.19:168][368]LogScript: Warning: Script Msg: Divide by zero detected: 0.000000 / 0
Script call stack:
	Function /Game/UI/W_Alienek.W_Alienek_C:GetPercent_0

[2025.12.16-21.07.19:198][369]LogScript: Warning: Script Msg: Divide by zero detected: 0.000000 / 0
Script call stack:
	Function /Game/UI/W_Alienek.W_Alienek_C:GetPercent_0

[2025.12.16-21.07.19:229][370]LogScript: Warning: Script Msg: Divide by zero detected: 0.000000 / 0
Script call stack:
	Function /Game/UI/W_Alienek.W_Alienek_C:GetPercent_0

[2025.12.16-21.07.19:259][371]LogScript: Warning: Script Msg: Divide by zero detected: 0.000000 / 0
Script call stack:
	Function /Game/UI/W_Alienek.W_Alienek_C:GetPercent_0

[2025.12.16-21.07.19:291][372]LogScript: Warning: Script Msg: Divide by zero detected: 0.000000 / 0
Script call stack:
	Function /Game/UI/W_Alienek.W_Alienek_C:GetPercent_0

[2025.12.16-21.07.19:321][373]LogScript: Warning: Script Msg: Divide by zero detected: 0.000000 / 0
Script call stack:
	Function /Game/UI/W_Alienek.W_Alienek_C:GetPercent_0

[2025.12.16-21.07.19:350][374]LogScript: Warning: Script Msg: Divide by zero detected: 0.000000 / 0
Script call stack:
	Function /Game/UI/W_Alienek.W_Alienek_C:GetPercent_0

[2025.12.16-21.07.19:379][375]LogScript: Warning: Script Msg: Divide by zero detected: 0.000000 / 0
Script call stack:
	Function /Game/UI/W_Alienek.W_Alienek_C:GetPercent_0

[2025.12.16-21.07.19:408][376]LogScript: Warning: Script Msg: Divide by zero detected: 0.000000 / 0
Script call stack:
	Function /Game/UI/W_Alienek.W_Alienek_C:GetPercent_0

[2025.12.16-21.07.19:439][377]LogScript: Warning: Script Msg: Divide by zero detected: 0.000000 / 0
Script call stack:
	Function /Game/UI/W_Alienek.W_Alienek_C:GetPercent_0

[2025.12.16-21.07.19:468][378]LogScript: Warning: Script Msg: Divide by zero detected: 0.000000 / 0
Script call stack:
	Function /Game/UI/W_Alienek.W_Alienek_C:GetPercent_0

[2025.12.16-21.07.19:497][379]LogScript: Warning: Script Msg: Divide by zero detected: 0.000000 / 0
Script call stack:
	Function /Game/UI/W_Alienek.W_Alienek_C:GetPercent_0

[2025.12.16-21.07.19:526][380]LogScript: Warning: Script Msg: Divide by zero detected: 0.000000 / 0
Script call stack:
	Function /Game/UI/W_Alienek.W_Alienek_C:GetPercent_0

[2025.12.16-21.07.19:558][381]LogScript: Warning: Script Msg: Divide by zero detected: 0.000000 / 0
Script call stack:
	Function /Game/UI/W_Alienek.W_Alienek_C:GetPercent_0

[2025.12.16-21.07.19:587][382]LogScript: Warning: Script Msg: Divide by zero detected: 0.000000 / 0
Script call stack:
	Function /Game/UI/W_Alienek.W_Alienek_C:GetPercent_0

[2025.12.16-21.07.19:619][383]LogScript: Warning: Script Msg: Divide by zero detected: 0.000000 / 0
Script call stack:
	Function /Game/UI/W_Alienek.W_Alienek_C:GetPercent_0

[2025.12.16-21.07.19:649][384]LogScript: Warning: Script Msg: Divide by zero detected: 0.000000 / 0
Script call stack:
	Function /Game/UI/W_Alienek.W_Alienek_C:GetPercent_0

[2025.12.16-21.07.19:680][385]LogScript: Warning: Script Msg: Divide by zero detected: 0.000000 / 0
Script call stack:
	Function /Game/UI/W_Alienek.W_Alienek_C:GetPercent_0

[2025.12.16-21.07.19:710][386]LogScript: Warning: Script Msg: Divide by zero detected: 0.000000 / 0
Script call stack:
	Function /Game/UI/W_Alienek.W_Alienek_C:GetPercent_0

[2025.12.16-21.07.19:738][387]LogScript: Warning: Script Msg: Divide by zero detected: 0.000000 / 0
Script call stack:
	Function /Game/UI/W_Alienek.W_Alienek_C:GetPercent_0

[2025.12.16-21.07.19:767][388]LogScript: Warning: Script Msg: Divide by zero detected: 0.000000 / 0
Script call stack:
	Function /Game/UI/W_Alienek.W_Alienek_C:GetPercent_0

[2025.12.16-21.07.19:795][389]LogScript: Warning: Script Msg: Divide by zero detected: 0.000000 / 0
Script call stack:
	Function /Game/UI/W_Alienek.W_Alienek_C:GetPercent_0

[2025.12.16-21.07.19:829][390]LogScript: Warning: Script Msg: Divide by zero detected: 0.000000 / 0
Script call stack:
	Function /Game/UI/W_Alienek.W_Alienek_C:GetPercent_0

[2025.12.16-21.07.19:858][391]LogScript: Warning: Script Msg: Divide by zero detected: 0.000000 / 0
Script call stack:
	Function /Game/UI/W_Alienek.W_Alienek_C:GetPercent_0

[2025.12.16-21.07.19:890][392]LogScript: Warning: Script Msg: Divide by zero detected: 0.000000 / 0
Script call stack:
	Function /Game/UI/W_Alienek.W_Alienek_C:GetPercent_0

[2025.12.16-21.07.19:921][393]LogScript: Warning: Script Msg: Divide by zero detected: 0.000000 / 0
Script call stack:
	Function /Game/UI/W_Alienek.W_Alienek_C:GetPercent_0

[2025.12.16-21.07.19:951][394]LogScript: Warning: Script Msg: Divide by zero detected: 0.000000 / 0
Script call stack:
	Function /Game/UI/W_Alienek.W_Alienek_C:GetPercent_0

[2025.12.16-21.07.19:978][395]LogScript: Warning: Script Msg: Divide by zero detected: 0.000000 / 0
Script call stack:
	Function /Game/UI/W_Alienek.W_Alienek_C:GetPercent_0

[2025.12.16-21.07.20:006][396]LogScript: Warning: Script Msg: Divide by zero detected: 0.000000 / 0
Script call stack:
	Function /Game/UI/W_Alienek.W_Alienek_C:GetPercent_0

[2025.12.16-21.07.20:037][397]LogScript: Warning: Script Msg: Divide by zero detected: 0.000000 / 0
Script call stack:
	Function /Game/UI/W_Alienek.W_Alienek_C:GetPercent_0

[2025.12.16-21.07.20:065][398]LogScript: Warning: Script Msg: Divide by zero detected: 0.000000 / 0
Script call stack:
	Function /Game/UI/W_Alienek.W_Alienek_C:GetPercent_0

[2025.12.16-21.07.20:092][399]LogScript: Warning: Script Msg: Divide by zero detected: 0.000000 / 0
Script call stack:
	Function /Game/UI/W_Alienek.W_Alienek_C:GetPercent_0

[2025.12.16-21.07.20:124][400]LogScript: Warning: Script Msg: Divide by zero detected: 0.000000 / 0
Script call stack:
	Function /Game/UI/W_Alienek.W_Alienek_C:GetPercent_0

[2025.12.16-21.07.20:167][401]LogScript: Warning: Script Msg: Divide by zero detected: 0.000000 / 0
Script call stack:
	Function /Game/UI/W_Alienek.W_Alienek_C:GetPercent_0

[2025.12.16-21.07.20:197][402]LogScript: Warning: Script Msg: Divide by zero detected: 0.000000 / 0
Script call stack:
	Function /Game/UI/W_Alienek.W_Alienek_C:GetPercent_0

[2025.12.16-21.07.20:226][403]LogScript: Warning: Script Msg: Divide by zero detected: 0.000000 / 0
Script call stack:
	Function /Game/UI/W_Alienek.W_Alienek_C:GetPercent_0

[2025.12.16-21.07.20:256][404]LogScript: Warning: Script Msg: Divide by zero detected: 0.000000 / 0
Script call stack:
	Function /Game/UI/W_Alienek.W_Alienek_C:GetPercent_0

[2025.12.16-21.07.20:285][405]LogScript: Warning: Script Msg: Divide by zero detected: 0.000000 / 0
Script call stack:
	Function /Game/UI/W_Alienek.W_Alienek_C:GetPercent_0

[2025.12.16-21.07.20:314][406]LogScript: Warning: Script Msg: Divide by zero detected: 0.000000 / 0
Script call stack:
	Function /Game/UI/W_Alienek.W_Alienek_C:GetPercent_0

[2025.12.16-21.07.20:344][407]LogScript: Warning: Script Msg: Divide by zero detected: 0.000000 / 0
Script call stack:
	Function /Game/UI/W_Alienek.W_Alienek_C:GetPercent_0

[2025.12.16-21.07.20:371][408]LogScript: Warning: Script Msg: Divide by zero detected: 0.000000 / 0
Script call stack:
	Function /Game/UI/W_Alienek.W_Alienek_C:GetPercent_0

[2025.12.16-21.07.20:401][409]LogScript: Warning: Script Msg: Divide by zero detected: 0.000000 / 0
Script call stack:
	Function /Game/UI/W_Alienek.W_Alienek_C:GetPercent_0

[2025.12.16-21.07.20:438][409]LogSlate: Updating window title bar state: overlay mode, drag disabled, window buttons hidden, title bar hidden
[2025.12.16-21.07.20:438][409]LogWorld: BeginTearingDown for /Game/Levels/UEDPIE_0_Mars
[2025.12.16-21.07.20:440][409]LogWorld: UWorld::CleanupWorld for Mars, bSessionEnded=true, bCleanupResources=true
[2025.12.16-21.07.20:443][409]LogSlate: InvalidateAllWidgets triggered.  All widgets were invalidated
[2025.12.16-21.07.20:473][409]LogPlayLevel: Display: Shutting down PIE online subsystems
[2025.12.16-21.07.20:494][409]LogSlate: InvalidateAllWidgets triggered.  All widgets were invalidated
[2025.12.16-21.07.20:636][409]LogAudio: Display: Audio Device unregistered from world 'None'.
[2025.12.16-21.07.20:637][409]LogAudioMixer: FMixerPlatformXAudio2::StopAudioStream() called
[2025.12.16-21.07.20:642][409]LogAudioMixer: FMixerPlatformXAudio2::StopAudioStream() called
[2025.12.16-21.07.20:662][409]LogSlate: Updating window title bar state: overlay mode, drag disabled, window buttons hidden, title bar hidden
[2025.12.16-21.07.20:680][409]LogUObjectHash: Compacting FUObjectHashTables data took  12.63ms
[2025.12.16-21.07.20:761][410]LogPlayLevel: Display: Destroying online subsystem :Context_15
[2025.12.16-21.08.00:430][514]BlueprintLog: New page: Compile BP_Alien
[2025.12.16-21.08.00:594][514]LogUObjectHash: Compacting FUObjectHashTables data took   8.63ms
[2025.12.16-21.12.05:966][302]BlueprintLog: New page: Compile BP_Alien
[2025.12.16-21.12.06:075][302]LogUObjectHash: Compacting FUObjectHashTables data took   6.59ms
[2025.12.16-21.12.06:602][324]Cmd: OBJ SAVEPACKAGE PACKAGE="/Game/Blueprints/AI/BP_Alien" FILE="../../../../../../Rzeczy/gry/rok 2/MARIN/03_MarsMarine 4.27 — kopia/03_MarsMarine 4.27/Content/Blueprints/AI/BP_Alien.uasset" SILENT=true
[2025.12.16-21.12.06:639][324]LogSavePackage: Moving '../../../../../../Rzeczy/gry/rok 2/MARIN/03_MarsMarine 4.27 — kopia/03_MarsMarine 4.27/Saved/BP_AlienC600AB324A14CD482EEDF49B9E9A58EA.tmp' to '../../../../../../Rzeczy/gry/rok 2/MARIN/03_MarsMarine 4.27 — kopia/03_MarsMarine 4.27/Content/Blueprints/AI/BP_Alien.uasset'
[2025.12.16-21.12.06:700][324]AssetCheck: New page: Asset Save: BP_Alien
[2025.12.16-21.12.06:700][324]LogContentValidation: Display: Validating Blueprint /Game/Blueprints/AI/BP_Alien.BP_Alien
[2025.12.16-21.12.37:304][ 27]BlueprintLog: New page: Compile BP_Alien
[2025.12.16-21.12.37:405][ 27]LogUObjectHash: Compacting FUObjectHashTables data took   6.52ms
[2025.12.16-21.12.43:914][399]Cmd: OBJ SAVEPACKAGE PACKAGE="/Game/Blueprints/AI/BP_Alien" FILE="../../../../../../Rzeczy/gry/rok 2/MARIN/03_MarsMarine 4.27 — kopia/03_MarsMarine 4.27/Content/Blueprints/AI/BP_Alien.uasset" SILENT=true
[2025.12.16-21.12.43:948][399]LogSavePackage: Moving '../../../../../../Rzeczy/gry/rok 2/MARIN/03_MarsMarine 4.27 — kopia/03_MarsMarine 4.27/Saved/BP_AlienAF5E7BA144F2BF4795B9F28E5EE34694.tmp' to '../../../../../../Rzeczy/gry/rok 2/MARIN/03_MarsMarine 4.27 — kopia/03_MarsMarine 4.27/Content/Blueprints/AI/BP_Alien.uasset'
[2025.12.16-21.12.43:994][399]AssetCheck: New page: Asset Save: BP_Alien
[2025.12.16-21.12.43:994][399]LogContentValidation: Display: Validating Blueprint /Game/Blueprints/AI/BP_Alien.BP_Alien
[2025.12.16-21.12.46:850][518]LogTemp: Repeating last play command: Selected Viewport
[2025.12.16-21.12.46:872][518]LogPlayLevel: PlayLevel: No blueprints needed recompiling
[2025.12.16-21.12.46:872][518]PIE: New page: PIE session: Mars (16 gru 2025, 23:12:46)
[2025.12.16-21.12.46:903][518]LogPlayLevel: Creating play world package: /Game/Levels/UEDPIE_0_Mars
[2025.12.16-21.12.47:005][518]LogPlayLevel: PIE: StaticDuplicateObject took: (0.101808s)
[2025.12.16-21.12.47:008][518]LogAIModule: Creating AISystem for world Mars
[2025.12.16-21.12.47:008][518]LogPlayLevel: PIE: World Init took: (0.003319s)
[2025.12.16-21.12.47:008][518]LogPlayLevel: PIE: Created PIE world by copying editor world from /Game/Levels/Mars.Mars to /Game/Levels/UEDPIE_0_Mars.Mars (0.105781s)
[2025.12.16-21.12.47:139][518]LogUObjectHash: Compacting FUObjectHashTables data took  14.27ms
[2025.12.16-21.12.47:147][518]LogAudio: Display: Creating Audio Device:                 Id: 5, Scope: Unique, Realtime: True
[2025.12.16-21.12.47:148][518]LogAudioMixer: Display: Audio Mixer Platform Settings:
[2025.12.16-21.12.47:148][518]LogAudioMixer: Display: 	Sample Rate:						  48000
[2025.12.16-21.12.47:148][518]LogAudioMixer: Display: 	Callback Buffer Frame Size Requested: 1024
[2025.12.16-21.12.47:148][518]LogAudioMixer: Display: 	Callback Buffer Frame Size To Use:	  1024
[2025.12.16-21.12.47:148][518]LogAudioMixer: Display: 	Number of buffers to queue:			  2
[2025.12.16-21.12.47:148][518]LogAudioMixer: Display: 	Max Channels (voices):				  32
[2025.12.16-21.12.47:148][518]LogAudioMixer: Display: 	Number of Async Source Workers:		  0
[2025.12.16-21.12.47:148][518]LogAudio: Display: AudioDevice MaxSources: 32
[2025.12.16-21.12.47:149][518]LogAudio: Display: Audio Spatialization Plugin: None (built-in).
[2025.12.16-21.12.47:149][518]LogAudio: Display: Audio Reverb Plugin: None (built-in).
[2025.12.16-21.12.47:149][518]LogAudio: Display: Audio Occlusion Plugin: None (built-in).
[2025.12.16-21.12.47:149][518]LogAudioMixer: Display: Initializing audio mixer.
[2025.12.16-21.12.47:167][518]LogAudioMixer: Display: 0: FrontLeft
[2025.12.16-21.12.47:168][518]LogAudioMixer: Display: 1: FrontRight
[2025.12.16-21.12.47:257][518]LogAudioMixer: Display: Using Audio Device Głośniki (Realtek(R) Audio)
[2025.12.16-21.12.47:258][518]LogAudioMixer: Display: Initializing Sound Submixes...
[2025.12.16-21.12.47:258][518]LogAudioMixer: Display: Creating Master Submix 'MasterSubmixDefault'
[2025.12.16-21.12.47:258][518]LogAudioMixer: Display: Creating Master Submix 'MasterReverbSubmixDefault'
[2025.12.16-21.12.47:258][518]LogAudioMixer: Display: Creating Master Submix 'MasterEQSubmixDefault'
[2025.12.16-21.12.47:258][518]LogAudioMixer: FMixerPlatformXAudio2::StartAudioStream() called
[2025.12.16-21.12.47:258][518]LogAudioMixer: Display: Output buffers initialized: Frames=1024, Channels=2, Samples=2048
[2025.12.16-21.12.47:261][518]LogAudioMixer: Display: Starting AudioMixerPlatformInterface::RunInternal()
[2025.12.16-21.12.47:261][518]LogAudioMixer: Display: FMixerPlatformXAudio2::SubmitBuffer() called for the first time
[2025.12.16-21.12.47:261][518]LogInit: FAudioDevice initialized.
[2025.12.16-21.12.47:261][518]LogAudio: Display: Audio Device (ID: 5) registered with world 'Mars'.
[2025.12.16-21.12.47:284][518]LogLoad: Game class is 'BP_MarsMarine_GameMode_C'
[2025.12.16-21.12.47:290][518]LogWorld: Bringing World /Game/Levels/UEDPIE_0_Mars.Mars up for play (max tick rate 60) at 2025.12.16-22.12.47
[2025.12.16-21.12.47:291][518]LogWorld: Bringing up level for play took: 0.004521
[2025.12.16-21.12.47:292][518]LogOnline: OSS: Creating online subsystem instance for: :Context_16
[2025.12.16-21.12.47:302][518]PIE: Server logged in
[2025.12.16-21.12.47:303][518]PIE: Play in editor total start time 0,435 seconds.
[2025.12.16-21.13.03:477][282]LogSlate: Updating window title bar state: overlay mode, drag disabled, window buttons hidden, title bar hidden
[2025.12.16-21.13.03:477][282]LogWorld: BeginTearingDown for /Game/Levels/UEDPIE_0_Mars
[2025.12.16-21.13.03:478][282]LogWorld: UWorld::CleanupWorld for Mars, bSessionEnded=true, bCleanupResources=true
[2025.12.16-21.13.03:480][282]LogSlate: InvalidateAllWidgets triggered.  All widgets were invalidated
[2025.12.16-21.13.03:506][282]LogPlayLevel: Display: Shutting down PIE online subsystems
[2025.12.16-21.13.03:519][282]LogSlate: InvalidateAllWidgets triggered.  All widgets were invalidated
[2025.12.16-21.13.03:601][282]LogAudio: Display: Audio Device unregistered from world 'None'.
[2025.12.16-21.13.03:602][282]LogAudioMixer: FMixerPlatformXAudio2::StopAudioStream() called
[2025.12.16-21.13.03:605][282]LogAudioMixer: FMixerPlatformXAudio2::StopAudioStream() called
[2025.12.16-21.13.03:615][282]LogSlate: Updating window title bar state: overlay mode, drag disabled, window buttons hidden, title bar hidden
[2025.12.16-21.13.03:629][282]LogUObjectHash: Compacting FUObjectHashTables data took   8.42ms
[2025.12.16-21.13.03:672][283]LogPlayLevel: Display: Destroying online subsystem :Context_16
[2025.12.16-21.13.16:046][944]BlueprintLog: New page: Compile BP_Marine
[2025.12.16-21.13.16:218][944]LogUObjectHash: Compacting FUObjectHashTables data took   6.40ms
[2025.12.16-21.13.18:353][ 20]LogTemp: Repeating last play command: Selected Viewport
[2025.12.16-21.13.18:382][ 20]LogPlayLevel: PlayLevel: No blueprints needed recompiling
[2025.12.16-21.13.18:382][ 20]PIE: New page: PIE session: Mars (16 gru 2025, 23:13:18)
[2025.12.16-21.13.18:383][ 20]LogPlayLevel: Creating play world package: /Game/Levels/UEDPIE_0_Mars
[2025.12.16-21.13.18:476][ 20]LogPlayLevel: PIE: StaticDuplicateObject took: (0.092807s)
[2025.12.16-21.13.18:479][ 20]LogAIModule: Creating AISystem for world Mars
[2025.12.16-21.13.18:479][ 20]LogPlayLevel: PIE: World Init took: (0.004041s)
[2025.12.16-21.13.18:481][ 20]LogPlayLevel: PIE: Created PIE world by copying editor world from /Game/Levels/Mars.Mars to /Game/Levels/UEDPIE_0_Mars.Mars (0.097426s)
[2025.12.16-21.13.18:613][ 20]LogUObjectHash: Compacting FUObjectHashTables data took  18.93ms
[2025.12.16-21.13.18:623][ 20]LogAudio: Display: Creating Audio Device:                 Id: 6, Scope: Unique, Realtime: True
[2025.12.16-21.13.18:623][ 20]LogAudioMixer: Display: Audio Mixer Platform Settings:
[2025.12.16-21.13.18:623][ 20]LogAudioMixer: Display: 	Sample Rate:						  48000
[2025.12.16-21.13.18:624][ 20]LogAudioMixer: Display: 	Callback Buffer Frame Size Requested: 1024
[2025.12.16-21.13.18:624][ 20]LogAudioMixer: Display: 	Callback Buffer Frame Size To Use:	  1024
[2025.12.16-21.13.18:624][ 20]LogAudioMixer: Display: 	Number of buffers to queue:			  2
[2025.12.16-21.13.18:624][ 20]LogAudioMixer: Display: 	Max Channels (voices):				  32
[2025.12.16-21.13.18:624][ 20]LogAudioMixer: Display: 	Number of Async Source Workers:		  0
[2025.12.16-21.13.18:624][ 20]LogAudio: Display: AudioDevice MaxSources: 32
[2025.12.16-21.13.18:625][ 20]LogAudio: Display: Audio Spatialization Plugin: None (built-in).
[2025.12.16-21.13.18:625][ 20]LogAudio: Display: Audio Reverb Plugin: None (built-in).
[2025.12.16-21.13.18:625][ 20]LogAudio: Display: Audio Occlusion Plugin: None (built-in).
[2025.12.16-21.13.18:625][ 20]LogAudioMixer: Display: Initializing audio mixer.
[2025.12.16-21.13.18:644][ 20]LogAudioMixer: Display: 0: FrontLeft
[2025.12.16-21.13.18:644][ 20]LogAudioMixer: Display: 1: FrontRight
[2025.12.16-21.13.18:759][ 20]LogAudioMixer: Display: Using Audio Device Głośniki (Realtek(R) Audio)
[2025.12.16-21.13.18:759][ 20]LogAudioMixer: Display: Initializing Sound Submixes...
[2025.12.16-21.13.18:759][ 20]LogAudioMixer: Display: Creating Master Submix 'MasterSubmixDefault'
[2025.12.16-21.13.18:759][ 20]LogAudioMixer: Display: Creating Master Submix 'MasterReverbSubmixDefault'
[2025.12.16-21.13.18:760][ 20]LogAudioMixer: Display: Creating Master Submix 'MasterEQSubmixDefault'
[2025.12.16-21.13.18:760][ 20]LogAudioMixer: FMixerPlatformXAudio2::StartAudioStream() called
[2025.12.16-21.13.18:760][ 20]LogAudioMixer: Display: Output buffers initialized: Frames=1024, Channels=2, Samples=2048
[2025.12.16-21.13.18:763][ 20]LogAudioMixer: Display: Starting AudioMixerPlatformInterface::RunInternal()
[2025.12.16-21.13.18:763][ 20]LogAudioMixer: Display: FMixerPlatformXAudio2::SubmitBuffer() called for the first time
[2025.12.16-21.13.18:763][ 20]LogInit: FAudioDevice initialized.
[2025.12.16-21.13.18:763][ 20]LogAudio: Display: Audio Device (ID: 6) registered with world 'Mars'.
[2025.12.16-21.13.18:782][ 20]LogLoad: Game class is 'BP_MarsMarine_GameMode_C'
[2025.12.16-21.13.18:789][ 20]LogWorld: Bringing World /Game/Levels/UEDPIE_0_Mars.Mars up for play (max tick rate 60) at 2025.12.16-22.13.18
[2025.12.16-21.13.18:790][ 20]LogWorld: Bringing up level for play took: 0.004358
[2025.12.16-21.13.18:790][ 20]LogOnline: OSS: Creating online subsystem instance for: :Context_18
[2025.12.16-21.13.18:800][ 20]PIE: Server logged in
[2025.12.16-21.13.18:801][ 20]PIE: Play in editor total start time 0,424 seconds.
[2025.12.16-21.13.46:640][ 17]LogSlate: Updating window title bar state: overlay mode, drag disabled, window buttons hidden, title bar hidden
[2025.12.16-21.13.46:640][ 17]LogWorld: BeginTearingDown for /Game/Levels/UEDPIE_0_Mars
[2025.12.16-21.13.46:641][ 17]LogWorld: UWorld::CleanupWorld for Mars, bSessionEnded=true, bCleanupResources=true
[2025.12.16-21.13.46:643][ 17]LogSlate: InvalidateAllWidgets triggered.  All widgets were invalidated
[2025.12.16-21.13.46:670][ 17]LogPlayLevel: Display: Shutting down PIE online subsystems
[2025.12.16-21.13.46:690][ 17]LogSlate: InvalidateAllWidgets triggered.  All widgets were invalidated
[2025.12.16-21.13.46:818][ 17]LogAudio: Display: Audio Device unregistered from world 'None'.
[2025.12.16-21.13.46:820][ 17]LogAudioMixer: FMixerPlatformXAudio2::StopAudioStream() called
[2025.12.16-21.13.46:824][ 17]LogAudioMixer: FMixerPlatformXAudio2::StopAudioStream() called
[2025.12.16-21.13.46:840][ 17]LogSlate: Updating window title bar state: overlay mode, drag disabled, window buttons hidden, title bar hidden
[2025.12.16-21.13.46:861][ 17]LogUObjectHash: Compacting FUObjectHashTables data took  12.82ms
[2025.12.16-21.13.46:937][ 18]LogPlayLevel: Display: Destroying online subsystem :Context_18
[2025.12.16-21.14.28:946][247]BlueprintLog: New page: Compile W_Alienek
[2025.12.16-21.14.29:079][247]LogUObjectHash: Compacting FUObjectHashTables data took   5.23ms
[2025.12.16-21.14.33:104][421]LogTemp: Repeating last play command: Selected Viewport
[2025.12.16-21.14.33:122][421]LogPlayLevel: PlayLevel: No blueprints needed recompiling
[2025.12.16-21.14.33:123][421]PIE: New page: PIE session: Mars (16 gru 2025, 23:14:33)
[2025.12.16-21.14.33:123][421]LogPlayLevel: Creating play world package: /Game/Levels/UEDPIE_0_Mars
[2025.12.16-21.14.33:173][421]LogPlayLevel: PIE: StaticDuplicateObject took: (0.049987s)
[2025.12.16-21.14.33:175][421]LogAIModule: Creating AISystem for world Mars
[2025.12.16-21.14.33:175][421]LogPlayLevel: PIE: World Init took: (0.002125s)
[2025.12.16-21.14.33:175][421]LogPlayLevel: PIE: Created PIE world by copying editor world from /Game/Levels/Mars.Mars to /Game/Levels/UEDPIE_0_Mars.Mars (0.052440s)
[2025.12.16-21.14.33:263][421]LogUObjectHash: Compacting FUObjectHashTables data took   9.53ms
[2025.12.16-21.14.33:267][421]LogAudio: Display: Creating Audio Device:                 Id: 7, Scope: Unique, Realtime: True
[2025.12.16-21.14.33:267][421]LogAudioMixer: Display: Audio Mixer Platform Settings:
[2025.12.16-21.14.33:267][421]LogAudioMixer: Display: 	Sample Rate:						  48000
[2025.12.16-21.14.33:267][421]LogAudioMixer: Display: 	Callback Buffer Frame Size Requested: 1024
[2025.12.16-21.14.33:267][421]LogAudioMixer: Display: 	Callback Buffer Frame Size To Use:	  1024
[2025.12.16-21.14.33:267][421]LogAudioMixer: Display: 	Number of buffers to queue:			  2
[2025.12.16-21.14.33:267][421]LogAudioMixer: Display: 	Max Channels (voices):				  32
[2025.12.16-21.14.33:267][421]LogAudioMixer: Display: 	Number of Async Source Workers:		  0
[2025.12.16-21.14.33:268][421]LogAudio: Display: AudioDevice MaxSources: 32
[2025.12.16-21.14.33:268][421]LogAudio: Display: Audio Spatialization Plugin: None (built-in).
[2025.12.16-21.14.33:268][421]LogAudio: Display: Audio Reverb Plugin: None (built-in).
[2025.12.16-21.14.33:268][421]LogAudio: Display: Audio Occlusion Plugin: None (built-in).
[2025.12.16-21.14.33:268][421]LogAudioMixer: Display: Initializing audio mixer.
[2025.12.16-21.14.33:277][421]LogAudioMixer: Display: 0: FrontLeft
[2025.12.16-21.14.33:277][421]LogAudioMixer: Display: 1: FrontRight
[2025.12.16-21.14.33:350][421]LogAudioMixer: Display: Using Audio Device Głośniki (Realtek(R) Audio)
[2025.12.16-21.14.33:350][421]LogAudioMixer: Display: Initializing Sound Submixes...
[2025.12.16-21.14.33:350][421]LogAudioMixer: Display: Creating Master Submix 'MasterSubmixDefault'
[2025.12.16-21.14.33:350][421]LogAudioMixer: Display: Creating Master Submix 'MasterReverbSubmixDefault'
[2025.12.16-21.14.33:351][421]LogAudioMixer: Display: Creating Master Submix 'MasterEQSubmixDefault'
[2025.12.16-21.14.33:351][421]LogAudioMixer: FMixerPlatformXAudio2::StartAudioStream() called
[2025.12.16-21.14.33:351][421]LogAudioMixer: Display: Output buffers initialized: Frames=1024, Channels=2, Samples=2048
[2025.12.16-21.14.33:353][421]LogAudioMixer: Display: Starting AudioMixerPlatformInterface::RunInternal()
[2025.12.16-21.14.33:353][421]LogAudioMixer: Display: FMixerPlatformXAudio2::SubmitBuffer() called for the first time
[2025.12.16-21.14.33:353][421]LogInit: FAudioDevice initialized.
[2025.12.16-21.14.33:353][421]LogAudio: Display: Audio Device (ID: 7) registered with world 'Mars'.
[2025.12.16-21.14.33:365][421]LogLoad: Game class is 'BP_MarsMarine_GameMode_C'
[2025.12.16-21.14.33:370][421]LogWorld: Bringing World /Game/Levels/UEDPIE_0_Mars.Mars up for play (max tick rate 60) at 2025.12.16-22.14.33
[2025.12.16-21.14.33:370][421]LogWorld: Bringing up level for play took: 0.003568
[2025.12.16-21.14.33:371][421]LogOnline: OSS: Creating online subsystem instance for: :Context_19
[2025.12.16-21.14.33:379][421]PIE: Server logged in
[2025.12.16-21.14.33:380][421]PIE: Play in editor total start time 0,259 seconds.
[2025.12.16-21.14.38:285][656]LogSlate: Updating window title bar state: overlay mode, drag disabled, window buttons hidden, title bar hidden
[2025.12.16-21.14.38:285][656]LogWorld: BeginTearingDown for /Game/Levels/UEDPIE_0_Mars
[2025.12.16-21.14.38:286][656]LogWorld: UWorld::CleanupWorld for Mars, bSessionEnded=true, bCleanupResources=true
[2025.12.16-21.14.38:287][656]LogSlate: InvalidateAllWidgets triggered.  All widgets were invalidated
[2025.12.16-21.14.38:307][656]LogPlayLevel: Display: Shutting down PIE online subsystems
[2025.12.16-21.14.38:318][656]LogSlate: InvalidateAllWidgets triggered.  All widgets were invalidated
[2025.12.16-21.14.38:395][656]LogAudio: Display: Audio Device unregistered from world 'None'.
[2025.12.16-21.14.38:396][656]LogAudioMixer: FMixerPlatformXAudio2::StopAudioStream() called
[2025.12.16-21.14.38:399][656]LogAudioMixer: FMixerPlatformXAudio2::StopAudioStream() called
[2025.12.16-21.14.38:406][656]LogSlate: Updating window title bar state: overlay mode, drag disabled, window buttons hidden, title bar hidden
[2025.12.16-21.14.38:420][656]LogUObjectHash: Compacting FUObjectHashTables data took   7.50ms
[2025.12.16-21.14.38:462][657]LogPlayLevel: Display: Destroying online subsystem :Context_19
[2025.12.16-21.17.21:546][765]BlueprintLog: New page: Compile W_Alienek
[2025.12.16-21.17.21:673][765]LogUObjectHash: Compacting FUObjectHashTables data took   7.48ms
[2025.12.16-21.17.24:183][857]LogTemp: Repeating last play command: Selected Viewport
[2025.12.16-21.17.24:213][857]LogPlayLevel: PlayLevel: No blueprints needed recompiling
[2025.12.16-21.17.24:213][857]PIE: New page: PIE session: Mars (16 gru 2025, 23:17:24)
[2025.12.16-21.17.24:213][857]LogPlayLevel: Creating play world package: /Game/Levels/UEDPIE_0_Mars
[2025.12.16-21.17.24:319][857]LogPlayLevel: PIE: StaticDuplicateObject took: (0.104775s)
[2025.12.16-21.17.24:322][857]LogAIModule: Creating AISystem for world Mars
[2025.12.16-21.17.24:322][857]LogPlayLevel: PIE: World Init took: (0.003629s)
[2025.12.16-21.17.24:322][857]LogPlayLevel: PIE: Created PIE world by copying editor world from /Game/Levels/Mars.Mars to /Game/Levels/UEDPIE_0_Mars.Mars (0.108997s)
[2025.12.16-21.17.24:453][857]LogUObjectHash: Compacting FUObjectHashTables data took  14.08ms
[2025.12.16-21.17.24:458][857]LogAudio: Display: Creating Audio Device:                 Id: 8, Scope: Unique, Realtime: True
[2025.12.16-21.17.24:458][857]LogAudioMixer: Display: Audio Mixer Platform Settings:
[2025.12.16-21.17.24:458][857]LogAudioMixer: Display: 	Sample Rate:						  48000
[2025.12.16-21.17.24:458][857]LogAudioMixer: Display: 	Callback Buffer Frame Size Requested: 1024
[2025.12.16-21.17.24:458][857]LogAudioMixer: Display: 	Callback Buffer Frame Size To Use:	  1024
[2025.12.16-21.17.24:458][857]LogAudioMixer: Display: 	Number of buffers to queue:			  2
[2025.12.16-21.17.24:458][857]LogAudioMixer: Display: 	Max Channels (voices):				  32
[2025.12.16-21.17.24:458][857]LogAudioMixer: Display: 	Number of Async Source Workers:		  0
[2025.12.16-21.17.24:458][857]LogAudio: Display: AudioDevice MaxSources: 32
[2025.12.16-21.17.24:459][857]LogAudio: Display: Audio Spatialization Plugin: None (built-in).
[2025.12.16-21.17.24:460][857]LogAudio: Display: Audio Reverb Plugin: None (built-in).
[2025.12.16-21.17.24:460][857]LogAudio: Display: Audio Occlusion Plugin: None (built-in).
[2025.12.16-21.17.24:460][857]LogAudioMixer: Display: Initializing audio mixer.
[2025.12.16-21.17.24:480][857]LogAudioMixer: Display: 0: FrontLeft
[2025.12.16-21.17.24:480][857]LogAudioMixer: Display: 1: FrontRight
[2025.12.16-21.17.24:571][857]LogAudioMixer: Display: Using Audio Device Głośniki (Realtek(R) Audio)
[2025.12.16-21.17.24:572][857]LogAudioMixer: Display: Initializing Sound Submixes...
[2025.12.16-21.17.24:572][857]LogAudioMixer: Display: Creating Master Submix 'MasterSubmixDefault'
[2025.12.16-21.17.24:572][857]LogAudioMixer: Display: Creating Master Submix 'MasterReverbSubmixDefault'
[2025.12.16-21.17.24:573][857]LogAudioMixer: Display: Creating Master Submix 'MasterEQSubmixDefault'
[2025.12.16-21.17.24:573][857]LogAudioMixer: FMixerPlatformXAudio2::StartAudioStream() called
[2025.12.16-21.17.24:573][857]LogAudioMixer: Display: Output buffers initialized: Frames=1024, Channels=2, Samples=2048
[2025.12.16-21.17.24:577][857]LogAudioMixer: Display: Starting AudioMixerPlatformInterface::RunInternal()
[2025.12.16-21.17.24:577][857]LogAudioMixer: Display: FMixerPlatformXAudio2::SubmitBuffer() called for the first time
[2025.12.16-21.17.24:577][857]LogInit: FAudioDevice initialized.
[2025.12.16-21.17.24:577][857]LogAudio: Display: Audio Device (ID: 8) registered with world 'Mars'.
[2025.12.16-21.17.24:594][857]LogLoad: Game class is 'BP_MarsMarine_GameMode_C'
[2025.12.16-21.17.24:600][857]LogWorld: Bringing World /Game/Levels/UEDPIE_0_Mars.Mars up for play (max tick rate 60) at 2025.12.16-22.17.24
[2025.12.16-21.17.24:601][857]LogWorld: Bringing up level for play took: 0.004488
[2025.12.16-21.17.24:602][857]LogOnline: OSS: Creating online subsystem instance for: :Context_20
[2025.12.16-21.17.24:612][857]PIE: Server logged in
[2025.12.16-21.17.24:614][857]PIE: Play in editor total start time 0,406 seconds.
[2025.12.16-21.17.34:096][326]LogSlate: Updating window title bar state: overlay mode, drag disabled, window buttons hidden, title bar hidden
[2025.12.16-21.17.34:096][326]LogWorld: BeginTearingDown for /Game/Levels/UEDPIE_0_Mars
[2025.12.16-21.17.34:097][326]LogWorld: UWorld::CleanupWorld for Mars, bSessionEnded=true, bCleanupResources=true
[2025.12.16-21.17.34:098][326]LogSlate: InvalidateAllWidgets triggered.  All widgets were invalidated
[2025.12.16-21.17.34:120][326]LogPlayLevel: Display: Shutting down PIE online subsystems
[2025.12.16-21.17.34:130][326]LogSlate: InvalidateAllWidgets triggered.  All widgets were invalidated
[2025.12.16-21.17.34:213][326]LogAudio: Display: Audio Device unregistered from world 'None'.
[2025.12.16-21.17.34:214][326]LogAudioMixer: FMixerPlatformXAudio2::StopAudioStream() called
[2025.12.16-21.17.34:217][326]LogAudioMixer: FMixerPlatformXAudio2::StopAudioStream() called
[2025.12.16-21.17.34:224][326]LogSlate: Updating window title bar state: overlay mode, drag disabled, window buttons hidden, title bar hidden
[2025.12.16-21.17.34:237][326]LogUObjectHash: Compacting FUObjectHashTables data took   6.73ms
[2025.12.16-21.17.34:280][327]LogPlayLevel: Display: Destroying online subsystem :Context_20
[2025.12.16-21.17.47:732][999]BlueprintLog: New page: Compile W_Alienek
[2025.12.16-21.17.47:848][999]LogUObjectHash: Compacting FUObjectHashTables data took   5.79ms
[2025.12.16-21.17.51:252][154]LogTemp: Repeating last play command: Selected Viewport
[2025.12.16-21.17.51:285][154]LogPlayLevel: PlayLevel: No blueprints needed recompiling
[2025.12.16-21.17.51:286][154]PIE: New page: PIE session: Mars (16 gru 2025, 23:17:51)
[2025.12.16-21.17.51:286][154]LogPlayLevel: Creating play world package: /Game/Levels/UEDPIE_0_Mars
[2025.12.16-21.17.51:405][154]LogPlayLevel: PIE: StaticDuplicateObject took: (0.117193s)
[2025.12.16-21.17.51:408][154]LogAIModule: Creating AISystem for world Mars
[2025.12.16-21.17.51:409][154]LogPlayLevel: PIE: World Init took: (0.004326s)
[2025.12.16-21.17.51:409][154]LogPlayLevel: PIE: Created PIE world by copying editor world from /Game/Levels/Mars.Mars to /Game/Levels/UEDPIE_0_Mars.Mars (0.122288s)
[2025.12.16-21.17.51:552][154]LogUObjectHash: Compacting FUObjectHashTables data took  15.33ms
[2025.12.16-21.17.51:556][154]LogAudio: Display: Creating Audio Device:                 Id: 9, Scope: Unique, Realtime: True
[2025.12.16-21.17.51:556][154]LogAudioMixer: Display: Audio Mixer Platform Settings:
[2025.12.16-21.17.51:556][154]LogAudioMixer: Display: 	Sample Rate:						  48000
[2025.12.16-21.17.51:556][154]LogAudioMixer: Display: 	Callback Buffer Frame Size Requested: 1024
[2025.12.16-21.17.51:556][154]LogAudioMixer: Display: 	Callback Buffer Frame Size To Use:	  1024
[2025.12.16-21.17.51:556][154]LogAudioMixer: Display: 	Number of buffers to queue:			  2
[2025.12.16-21.17.51:556][154]LogAudioMixer: Display: 	Max Channels (voices):				  32
[2025.12.16-21.17.51:556][154]LogAudioMixer: Display: 	Number of Async Source Workers:		  0
[2025.12.16-21.17.51:556][154]LogAudio: Display: AudioDevice MaxSources: 32
[2025.12.16-21.17.51:557][154]LogAudio: Display: Audio Spatialization Plugin: None (built-in).
[2025.12.16-21.17.51:557][154]LogAudio: Display: Audio Reverb Plugin: None (built-in).
[2025.12.16-21.17.51:557][154]LogAudio: Display: Audio Occlusion Plugin: None (built-in).
[2025.12.16-21.17.51:557][154]LogAudioMixer: Display: Initializing audio mixer.
[2025.12.16-21.17.51:574][154]LogAudioMixer: Display: 0: FrontLeft
[2025.12.16-21.17.51:574][154]LogAudioMixer: Display: 1: FrontRight
[2025.12.16-21.17.51:708][154]LogAudioMixer: Display: Using Audio Device Głośniki (Realtek(R) Audio)
[2025.12.16-21.17.51:708][154]LogAudioMixer: Display: Initializing Sound Submixes...
[2025.12.16-21.17.51:708][154]LogAudioMixer: Display: Creating Master Submix 'MasterSubmixDefault'
[2025.12.16-21.17.51:708][154]LogAudioMixer: Display: Creating Master Submix 'MasterReverbSubmixDefault'
[2025.12.16-21.17.51:709][154]LogAudioMixer: Display: Creating Master Submix 'MasterEQSubmixDefault'
[2025.12.16-21.17.51:709][154]LogAudioMixer: FMixerPlatformXAudio2::StartAudioStream() called
[2025.12.16-21.17.51:709][154]LogAudioMixer: Display: Output buffers initialized: Frames=1024, Channels=2, Samples=2048
[2025.12.16-21.17.51:714][154]LogAudioMixer: Display: Starting AudioMixerPlatformInterface::RunInternal()
[2025.12.16-21.17.51:714][154]LogAudioMixer: Display: FMixerPlatformXAudio2::SubmitBuffer() called for the first time
[2025.12.16-21.17.51:714][154]LogInit: FAudioDevice initialized.
[2025.12.16-21.17.51:714][154]LogAudio: Display: Audio Device (ID: 9) registered with world 'Mars'.
[2025.12.16-21.17.51:729][154]LogLoad: Game class is 'BP_MarsMarine_GameMode_C'
[2025.12.16-21.17.51:738][154]LogWorld: Bringing World /Game/Levels/UEDPIE_0_Mars.Mars up for play (max tick rate 60) at 2025.12.16-22.17.51
[2025.12.16-21.17.51:740][154]LogWorld: Bringing up level for play took: 0.008960
[2025.12.16-21.17.51:742][154]LogOnline: OSS: Creating online subsystem instance for: :Context_21
[2025.12.16-21.17.51:753][154]PIE: Server logged in
[2025.12.16-21.17.51:754][154]PIE: Play in editor total start time 0,475 seconds.
[2025.12.16-21.18.15:935][245]LogSlate: Updating window title bar state: overlay mode, drag disabled, window buttons hidden, title bar hidden
[2025.12.16-21.18.15:935][245]LogWorld: BeginTearingDown for /Game/Levels/UEDPIE_0_Mars
[2025.12.16-21.18.15:936][245]LogWorld: UWorld::CleanupWorld for Mars, bSessionEnded=true, bCleanupResources=true
[2025.12.16-21.18.15:937][245]LogSlate: InvalidateAllWidgets triggered.  All widgets were invalidated
[2025.12.16-21.18.15:949][245]LogPlayLevel: Display: Shutting down PIE online subsystems
[2025.12.16-21.18.15:958][245]LogSlate: InvalidateAllWidgets triggered.  All widgets were invalidated
[2025.12.16-21.18.16:032][245]LogAudio: Display: Audio Device unregistered from world 'None'.
[2025.12.16-21.18.16:032][245]LogAudioMixer: FMixerPlatformXAudio2::StopAudioStream() called
[2025.12.16-21.18.16:035][245]LogAudioMixer: FMixerPlatformXAudio2::StopAudioStream() called
[2025.12.16-21.18.16:043][245]LogSlate: Updating window title bar state: overlay mode, drag disabled, window buttons hidden, title bar hidden
[2025.12.16-21.18.16:058][245]LogUObjectHash: Compacting FUObjectHashTables data took  10.23ms
[2025.12.16-21.18.16:106][246]LogPlayLevel: Display: Destroying online subsystem :Context_21
[2025.12.16-21.18.18:935][330]LogTemp: Repeating last play command: Selected Viewport
[2025.12.16-21.18.18:967][330]BlueprintLog: New page: Pre-Play auto-recompile
[2025.12.16-21.18.18:975][330]LogPlayLevel: [PlayLevel] Compiling W_Alienek before play...
[2025.12.16-21.18.19:425][330]LogUObjectHash: Compacting FUObjectHashTables data took  14.90ms
[2025.12.16-21.18.19:425][330]LogPlayLevel: PlayLevel: Blueprint regeneration took 458 ms (1 blueprints)
[2025.12.16-21.18.19:426][330]PIE: New page: PIE session: Mars (16 gru 2025, 23:18:19)
[2025.12.16-21.18.19:426][330]LogPlayLevel: Creating play world package: /Game/Levels/UEDPIE_0_Mars
[2025.12.16-21.18.19:496][330]LogPlayLevel: PIE: StaticDuplicateObject took: (0.068563s)
[2025.12.16-21.18.19:497][330]LogAIModule: Creating AISystem for world Mars
[2025.12.16-21.18.19:498][330]LogPlayLevel: PIE: World Init took: (0.002195s)
[2025.12.16-21.18.19:498][330]LogPlayLevel: PIE: Created PIE world by copying editor world from /Game/Levels/Mars.Mars to /Game/Levels/UEDPIE_0_Mars.Mars (0.071145s)
[2025.12.16-21.18.19:595][330]LogUObjectHash: Compacting FUObjectHashTables data took   7.93ms
[2025.12.16-21.18.19:597][330]LogAudio: Display: Creating Audio Device:                 Id: 10, Scope: Unique, Realtime: True
[2025.12.16-21.18.19:597][330]LogAudioMixer: Display: Audio Mixer Platform Settings:
[2025.12.16-21.18.19:597][330]LogAudioMixer: Display: 	Sample Rate:						  48000
[2025.12.16-21.18.19:597][330]LogAudioMixer: Display: 	Callback Buffer Frame Size Requested: 1024
[2025.12.16-21.18.19:597][330]LogAudioMixer: Display: 	Callback Buffer Frame Size To Use:	  1024
[2025.12.16-21.18.19:597][330]LogAudioMixer: Display: 	Number of buffers to queue:			  2
[2025.12.16-21.18.19:597][330]LogAudioMixer: Display: 	Max Channels (voices):				  32
[2025.12.16-21.18.19:597][330]LogAudioMixer: Display: 	Number of Async Source Workers:		  0
[2025.12.16-21.18.19:597][330]LogAudio: Display: AudioDevice MaxSources: 32
[2025.12.16-21.18.19:598][330]LogAudio: Display: Audio Spatialization Plugin: None (built-in).
[2025.12.16-21.18.19:598][330]LogAudio: Display: Audio Reverb Plugin: None (built-in).
[2025.12.16-21.18.19:598][330]LogAudio: Display: Audio Occlusion Plugin: None (built-in).
[2025.12.16-21.18.19:598][330]LogAudioMixer: Display: Initializing audio mixer.
[2025.12.16-21.18.19:613][330]LogAudioMixer: Display: 0: FrontLeft
[2025.12.16-21.18.19:613][330]LogAudioMixer: Display: 1: FrontRight
[2025.12.16-21.18.19:717][330]LogAudioMixer: Display: Using Audio Device Głośniki (Realtek(R) Audio)
[2025.12.16-21.18.19:718][330]LogAudioMixer: Display: Initializing Sound Submixes...
[2025.12.16-21.18.19:718][330]LogAudioMixer: Display: Creating Master Submix 'MasterSubmixDefault'
[2025.12.16-21.18.19:718][330]LogAudioMixer: Display: Creating Master Submix 'MasterReverbSubmixDefault'
[2025.12.16-21.18.19:719][330]LogAudioMixer: Display: Creating Master Submix 'MasterEQSubmixDefault'
[2025.12.16-21.18.19:719][330]LogAudioMixer: FMixerPlatformXAudio2::StartAudioStream() called
[2025.12.16-21.18.19:719][330]LogAudioMixer: Display: Output buffers initialized: Frames=1024, Channels=2, Samples=2048
[2025.12.16-21.18.19:722][330]LogAudioMixer: Display: Starting AudioMixerPlatformInterface::RunInternal()
[2025.12.16-21.18.19:722][330]LogAudioMixer: Display: FMixerPlatformXAudio2::SubmitBuffer() called for the first time
[2025.12.16-21.18.19:723][330]LogInit: FAudioDevice initialized.
[2025.12.16-21.18.19:723][330]LogAudio: Display: Audio Device (ID: 10) registered with world 'Mars'.
[2025.12.16-21.18.19:740][330]LogLoad: Game class is 'BP_MarsMarine_GameMode_C'
[2025.12.16-21.18.19:748][330]LogWorld: Bringing World /Game/Levels/UEDPIE_0_Mars.Mars up for play (max tick rate 60) at 2025.12.16-22.18.19
[2025.12.16-21.18.19:749][330]LogWorld: Bringing up level for play took: 0.006555
[2025.12.16-21.18.19:750][330]LogOnline: OSS: Creating online subsystem instance for: :Context_22
[2025.12.16-21.18.19:761][330]PIE: Server logged in
[2025.12.16-21.18.19:762][330]PIE: Play in editor total start time 0,802 seconds.
[2025.12.16-21.18.24:719][502]LogSlate: Updating window title bar state: overlay mode, drag disabled, window buttons hidden, title bar hidden
[2025.12.16-21.18.24:720][502]LogWorld: BeginTearingDown for /Game/Levels/UEDPIE_0_Mars
[2025.12.16-21.18.24:720][502]LogWorld: UWorld::CleanupWorld for Mars, bSessionEnded=true, bCleanupResources=true
[2025.12.16-21.18.24:724][502]LogSlate: InvalidateAllWidgets triggered.  All widgets were invalidated
[2025.12.16-21.18.24:749][502]LogPlayLevel: Display: Shutting down PIE online subsystems
[2025.12.16-21.18.24:767][502]LogSlate: InvalidateAllWidgets triggered.  All widgets were invalidated
[2025.12.16-21.18.24:879][502]LogSlate: Updating window title bar state: overlay mode, drag disabled, window buttons hidden, title bar hidden
[2025.12.16-21.18.24:882][502]LogAudioMixer: FMixerPlatformXAudio2::StopAudioStream() called
[2025.12.16-21.18.24:887][502]LogAudioMixer: FMixerPlatformXAudio2::StopAudioStream() called
[2025.12.16-21.18.24:943][502]LogUObjectHash: Compacting FUObjectHashTables data took  10.04ms
[2025.12.16-21.18.25:014][503]LogPlayLevel: Display: Destroying online subsystem :Context_22
[2025.12.16-21.21.32:013][762]BlueprintLog: New page: Compile BP_Alien
[2025.12.16-21.21.32:128][762]LogUObjectHash: Compacting FUObjectHashTables data took   6.50ms
[2025.12.16-21.21.32:995][798]Cmd: OBJ SAVEPACKAGE PACKAGE="/Game/Blueprints/AI/BP_Alien" FILE="../../../../../../Rzeczy/gry/rok 2/MARIN/03_MarsMarine 4.27 — kopia/03_MarsMarine 4.27/Content/Blueprints/AI/BP_Alien.uasset" SILENT=true
[2025.12.16-21.21.33:029][798]LogSavePackage: Moving '../../../../../../Rzeczy/gry/rok 2/MARIN/03_MarsMarine 4.27 — kopia/03_MarsMarine 4.27/Saved/BP_Alien4FFE6ED94FCB40C9C28014BA72F0EBEC.tmp' to '../../../../../../Rzeczy/gry/rok 2/MARIN/03_MarsMarine 4.27 — kopia/03_MarsMarine 4.27/Content/Blueprints/AI/BP_Alien.uasset'
[2025.12.16-21.21.33:122][798]AssetCheck: New page: Asset Save: BP_Alien
[2025.12.16-21.21.33:122][798]LogContentValidation: Display: Validating Blueprint /Game/Blueprints/AI/BP_Alien.BP_Alien
[2025.12.16-21.21.35:094][878]LogTemp: Repeating last play command: Selected Viewport
[2025.12.16-21.21.35:111][878]LogPlayLevel: PlayLevel: No blueprints needed recompiling
[2025.12.16-21.21.35:111][878]PIE: New page: PIE session: Mars (16 gru 2025, 23:21:35)
[2025.12.16-21.21.35:111][878]LogPlayLevel: Creating play world package: /Game/Levels/UEDPIE_0_Mars
[2025.12.16-21.21.35:170][878]LogPlayLevel: PIE: StaticDuplicateObject took: (0.058684s)
[2025.12.16-21.21.35:172][878]LogAIModule: Creating AISystem for world Mars
[2025.12.16-21.21.35:172][878]LogPlayLevel: PIE: World Init took: (0.002311s)
[2025.12.16-21.21.35:173][878]LogPlayLevel: PIE: Created PIE world by copying editor world from /Game/Levels/Mars.Mars to /Game/Levels/UEDPIE_0_Mars.Mars (0.061330s)
[2025.12.16-21.21.35:260][878]LogUObjectHash: Compacting FUObjectHashTables data took   9.57ms
[2025.12.16-21.21.35:264][878]LogAudio: Display: Creating Audio Device:                 Id: 11, Scope: Unique, Realtime: True
[2025.12.16-21.21.35:264][878]LogAudioMixer: Display: Audio Mixer Platform Settings:
[2025.12.16-21.21.35:264][878]LogAudioMixer: Display: 	Sample Rate:						  48000
[2025.12.16-21.21.35:264][878]LogAudioMixer: Display: 	Callback Buffer Frame Size Requested: 1024
[2025.12.16-21.21.35:264][878]LogAudioMixer: Display: 	Callback Buffer Frame Size To Use:	  1024
[2025.12.16-21.21.35:264][878]LogAudioMixer: Display: 	Number of buffers to queue:			  2
[2025.12.16-21.21.35:264][878]LogAudioMixer: Display: 	Max Channels (voices):				  32
[2025.12.16-21.21.35:264][878]LogAudioMixer: Display: 	Number of Async Source Workers:		  0
[2025.12.16-21.21.35:264][878]LogAudio: Display: AudioDevice MaxSources: 32
[2025.12.16-21.21.35:265][878]LogAudio: Display: Audio Spatialization Plugin: None (built-in).
[2025.12.16-21.21.35:265][878]LogAudio: Display: Audio Reverb Plugin: None (built-in).
[2025.12.16-21.21.35:265][878]LogAudio: Display: Audio Occlusion Plugin: None (built-in).
[2025.12.16-21.21.35:265][878]LogAudioMixer: Display: Initializing audio mixer.
[2025.12.16-21.21.35:276][878]LogAudioMixer: Display: 0: FrontLeft
[2025.12.16-21.21.35:276][878]LogAudioMixer: Display: 1: FrontRight
[2025.12.16-21.21.35:398][878]LogAudioMixer: Display: Using Audio Device Głośniki (Realtek(R) Audio)
[2025.12.16-21.21.35:398][878]LogAudioMixer: Display: Initializing Sound Submixes...
[2025.12.16-21.21.35:400][878]LogAudioMixer: Display: Creating Master Submix 'MasterSubmixDefault'
[2025.12.16-21.21.35:400][878]LogAudioMixer: Display: Creating Master Submix 'MasterReverbSubmixDefault'
[2025.12.16-21.21.35:401][878]LogAudioMixer: Display: Creating Master Submix 'MasterEQSubmixDefault'
[2025.12.16-21.21.35:401][878]LogAudioMixer: FMixerPlatformXAudio2::StartAudioStream() called
[2025.12.16-21.21.35:402][878]LogAudioMixer: Display: Output buffers initialized: Frames=1024, Channels=2, Samples=2048
[2025.12.16-21.21.35:405][878]LogAudioMixer: Display: Starting AudioMixerPlatformInterface::RunInternal()
[2025.12.16-21.21.35:405][878]LogAudioMixer: Display: FMixerPlatformXAudio2::SubmitBuffer() called for the first time
[2025.12.16-21.21.35:405][878]LogInit: FAudioDevice initialized.
[2025.12.16-21.21.35:405][878]LogAudio: Display: Audio Device (ID: 11) registered with world 'Mars'.
[2025.12.16-21.21.35:434][878]LogLoad: Game class is 'BP_MarsMarine_GameMode_C'
[2025.12.16-21.21.35:444][878]LogWorld: Bringing World /Game/Levels/UEDPIE_0_Mars.Mars up for play (max tick rate 60) at 2025.12.16-22.21.35
[2025.12.16-21.21.35:446][878]LogWorld: Bringing up level for play took: 0.009571
[2025.12.16-21.21.35:447][878]LogOnline: OSS: Creating online subsystem instance for: :Context_23
[2025.12.16-21.21.35:465][878]PIE: Server logged in
[2025.12.16-21.21.35:467][878]PIE: Play in editor total start time 0,359 seconds.
[2025.12.16-21.21.50:665][612]LogSlate: Updating window title bar state: overlay mode, drag disabled, window buttons hidden, title bar hidden
[2025.12.16-21.21.50:666][612]LogWorld: BeginTearingDown for /Game/Levels/UEDPIE_0_Mars
[2025.12.16-21.21.50:666][612]LogWorld: UWorld::CleanupWorld for Mars, bSessionEnded=true, bCleanupResources=true
[2025.12.16-21.21.50:667][612]LogSlate: InvalidateAllWidgets triggered.  All widgets were invalidated
[2025.12.16-21.21.50:687][612]LogPlayLevel: Display: Shutting down PIE online subsystems
[2025.12.16-21.21.50:699][612]LogSlate: InvalidateAllWidgets triggered.  All widgets were invalidated
[2025.12.16-21.21.50:778][612]LogAudio: Display: Audio Device unregistered from world 'None'.
[2025.12.16-21.21.50:779][612]LogAudioMixer: FMixerPlatformXAudio2::StopAudioStream() called
[2025.12.16-21.21.50:781][612]LogAudioMixer: FMixerPlatformXAudio2::StopAudioStream() called
[2025.12.16-21.21.50:789][612]LogSlate: Updating window title bar state: overlay mode, drag disabled, window buttons hidden, title bar hidden
[2025.12.16-21.21.50:803][612]LogUObjectHash: Compacting FUObjectHashTables data took   7.58ms
[2025.12.16-21.21.50:844][613]LogPlayLevel: Display: Destroying online subsystem :Context_23
[2025.12.16-21.23.14:899][968]LogUObjectHash: Compacting FUObjectHashTables data took   6.01ms
[2025.12.16-21.23.14:976][968]LogSavePackage: Moving '../../../../../../Rzeczy/gry/rok 2/MARIN/03_MarsMarine 4.27 — kopia/03_MarsMarine 4.27/Saved/Mars_Auto40327D79D42EA4AD566FF1599F8E9DC84.tmp' to '../../../../../../Rzeczy/gry/rok 2/MARIN/03_MarsMarine 4.27 — kopia/03_MarsMarine 4.27/Saved/Autosaves/Game/Levels/Mars_Auto4.umap'
[2025.12.16-21.23.14:977][968]LogFileHelpers: Editor autosave (incl. external actors) for '/Game/Levels/Mars' took 0.139
[2025.12.16-21.23.14:977][968]LogFileHelpers: Editor autosave (incl. sublevels & external actors) for all levels took 0.139
[2025.12.16-21.23.14:977][968]OBJ SavePackage: Generating thumbnails for [1] asset(s) in package [/Game/Blueprints/AI/BP_Alien] ([2] browsable assets)...
[2025.12.16-21.23.15:010][968]OBJ SavePackage:     Rendered thumbnail for [Blueprint /Game/Blueprints/AI/BP_Alien.BP_Alien]
[2025.12.16-21.23.15:010][968]OBJ SavePackage: Finished generating thumbnails for package [/Game/Blueprints/AI/BP_Alien]
[2025.12.16-21.23.15:045][968]LogSavePackage: Moving '../../../../../../Rzeczy/gry/rok 2/MARIN/03_MarsMarine 4.27 — kopia/03_MarsMarine 4.27/Saved/BP_Alien_Auto433A92DFF4E96DDA78AF889B400A80B3D.tmp' to '../../../../../../Rzeczy/gry/rok 2/MARIN/03_MarsMarine 4.27 — kopia/03_MarsMarine 4.27/Saved/Autosaves/Game/Blueprints/AI/BP_Alien_Auto4.uasset'
[2025.12.16-21.23.15:046][968]OBJ SavePackage: Generating thumbnails for [1] asset(s) in package [/Game/Blueprints/Pawns/BP_Marine] ([2] browsable assets)...
[2025.12.16-21.23.15:074][968]OBJ SavePackage:     Rendered thumbnail for [Blueprint /Game/Blueprints/Pawns/BP_Marine.BP_Marine]
[2025.12.16-21.23.15:074][968]OBJ SavePackage: Finished generating thumbnails for package [/Game/Blueprints/Pawns/BP_Marine]
[2025.12.16-21.23.15:124][968]LogSavePackage: Moving '../../../../../../Rzeczy/gry/rok 2/MARIN/03_MarsMarine 4.27 — kopia/03_MarsMarine 4.27/Saved/BP_Marine_Auto457E4911A4860AEFB47765891903683C4.tmp' to '../../../../../../Rzeczy/gry/rok 2/MARIN/03_MarsMarine 4.27 — kopia/03_MarsMarine 4.27/Saved/Autosaves/Game/Blueprints/Pawns/BP_Marine_Auto4.uasset'
[2025.12.16-21.23.15:126][968]OBJ SavePackage: Generating thumbnails for [0] asset(s) in package [/Game/UI/W_Alienek] ([2] browsable assets)...
[2025.12.16-21.23.15:126][968]OBJ SavePackage: Finished generating thumbnails for package [/Game/UI/W_Alienek]
[2025.12.16-21.23.15:136][968]LogSavePackage: Moving '../../../../../../Rzeczy/gry/rok 2/MARIN/03_MarsMarine 4.27 — kopia/03_MarsMarine 4.27/Saved/W_Alienek_Auto4D0FB45E1456964BAB5CF268CF4EAF0AB.tmp' to '../../../../../../Rzeczy/gry/rok 2/MARIN/03_MarsMarine 4.27 — kopia/03_MarsMarine 4.27/Saved/Autosaves/Game/UI/W_Alienek_Auto4.uasset'
[2025.12.16-21.23.15:137][968]LogFileHelpers: Auto-saving content packages took 0.160
[2025.12.16-21.25.23:162][ 70]BlueprintLog: New page: Compile BP_Alien
[2025.12.16-21.25.23:265][ 70]LogUObjectHash: Compacting FUObjectHashTables data took   4.84ms
[2025.12.16-21.25.23:880][ 97]Cmd: OBJ SAVEPACKAGE PACKAGE="/Game/Blueprints/AI/BP_Alien" FILE="../../../../../../Rzeczy/gry/rok 2/MARIN/03_MarsMarine 4.27 — kopia/03_MarsMarine 4.27/Content/Blueprints/AI/BP_Alien.uasset" SILENT=true
[2025.12.16-21.25.23:922][ 97]LogSavePackage: Moving '../../../../../../Rzeczy/gry/rok 2/MARIN/03_MarsMarine 4.27 — kopia/03_MarsMarine 4.27/Saved/BP_AlienBA77503847210FF3D15F50B96A15A9BD.tmp' to '../../../../../../Rzeczy/gry/rok 2/MARIN/03_MarsMarine 4.27 — kopia/03_MarsMarine 4.27/Content/Blueprints/AI/BP_Alien.uasset'
[2025.12.16-21.25.23:967][ 97]AssetCheck: New page: Asset Save: BP_Alien
[2025.12.16-21.25.23:967][ 97]LogContentValidation: Display: Validating Blueprint /Game/Blueprints/AI/BP_Alien.BP_Alien
[2025.12.16-21.25.25:927][178]LogTemp: Repeating last play command: Selected Viewport
[2025.12.16-21.25.25:952][178]LogPlayLevel: PlayLevel: No blueprints needed recompiling
[2025.12.16-21.25.25:953][178]PIE: New page: PIE session: Mars (16 gru 2025, 23:25:25)
[2025.12.16-21.25.25:953][178]LogPlayLevel: Creating play world package: /Game/Levels/UEDPIE_0_Mars
[2025.12.16-21.25.26:074][178]LogPlayLevel: PIE: StaticDuplicateObject took: (0.119425s)
[2025.12.16-21.25.26:077][178]LogAIModule: Creating AISystem for world Mars
[2025.12.16-21.25.26:078][178]LogPlayLevel: PIE: World Init took: (0.003898s)
[2025.12.16-21.25.26:078][178]LogPlayLevel: PIE: Created PIE world by copying editor world from /Game/Levels/Mars.Mars to /Game/Levels/UEDPIE_0_Mars.Mars (0.124655s)
[2025.12.16-21.25.26:219][178]LogUObjectHash: Compacting FUObjectHashTables data took  17.14ms
[2025.12.16-21.25.26:229][178]LogAudio: Display: Creating Audio Device:                 Id: 12, Scope: Unique, Realtime: True
[2025.12.16-21.25.26:230][178]LogAudioMixer: Display: Audio Mixer Platform Settings:
[2025.12.16-21.25.26:230][178]LogAudioMixer: Display: 	Sample Rate:						  48000
[2025.12.16-21.25.26:230][178]LogAudioMixer: Display: 	Callback Buffer Frame Size Requested: 1024
[2025.12.16-21.25.26:230][178]LogAudioMixer: Display: 	Callback Buffer Frame Size To Use:	  1024
[2025.12.16-21.25.26:230][178]LogAudioMixer: Display: 	Number of buffers to queue:			  2
[2025.12.16-21.25.26:230][178]LogAudioMixer: Display: 	Max Channels (voices):				  32
[2025.12.16-21.25.26:230][178]LogAudioMixer: Display: 	Number of Async Source Workers:		  0
[2025.12.16-21.25.26:230][178]LogAudio: Display: AudioDevice MaxSources: 32
[2025.12.16-21.25.26:232][178]LogAudio: Display: Audio Spatialization Plugin: None (built-in).
[2025.12.16-21.25.26:232][178]LogAudio: Display: Audio Reverb Plugin: None (built-in).
[2025.12.16-21.25.26:232][178]LogAudio: Display: Audio Occlusion Plugin: None (built-in).
[2025.12.16-21.25.26:232][178]LogAudioMixer: Display: Initializing audio mixer.
[2025.12.16-21.25.26:252][178]LogAudioMixer: Display: 0: FrontLeft
[2025.12.16-21.25.26:252][178]LogAudioMixer: Display: 1: FrontRight
[2025.12.16-21.25.26:366][178]LogAudioMixer: Display: Using Audio Device Głośniki (Realtek(R) Audio)
[2025.12.16-21.25.26:367][178]LogAudioMixer: Display: Initializing Sound Submixes...
[2025.12.16-21.25.26:367][178]LogAudioMixer: Display: Creating Master Submix 'MasterSubmixDefault'
[2025.12.16-21.25.26:368][178]LogAudioMixer: Display: Creating Master Submix 'MasterReverbSubmixDefault'
[2025.12.16-21.25.26:368][178]LogAudioMixer: Display: Creating Master Submix 'MasterEQSubmixDefault'
[2025.12.16-21.25.26:368][178]LogAudioMixer: FMixerPlatformXAudio2::StartAudioStream() called
[2025.12.16-21.25.26:368][178]LogAudioMixer: Display: Output buffers initialized: Frames=1024, Channels=2, Samples=2048
[2025.12.16-21.25.26:371][178]LogAudioMixer: Display: Starting AudioMixerPlatformInterface::RunInternal()
[2025.12.16-21.25.26:371][178]LogAudioMixer: Display: FMixerPlatformXAudio2::SubmitBuffer() called for the first time
[2025.12.16-21.25.26:371][178]LogInit: FAudioDevice initialized.
[2025.12.16-21.25.26:372][178]LogAudio: Display: Audio Device (ID: 12) registered with world 'Mars'.
[2025.12.16-21.25.26:392][178]LogLoad: Game class is 'BP_MarsMarine_GameMode_C'
[2025.12.16-21.25.26:399][178]LogWorld: Bringing World /Game/Levels/UEDPIE_0_Mars.Mars up for play (max tick rate 60) at 2025.12.16-22.25.26
[2025.12.16-21.25.26:400][178]LogWorld: Bringing up level for play took: 0.004534
[2025.12.16-21.25.26:401][178]LogOnline: OSS: Creating online subsystem instance for: :Context_24
[2025.12.16-21.25.26:411][178]PIE: Server logged in
[2025.12.16-21.25.26:413][178]PIE: Play in editor total start time 0,466 seconds.
[2025.12.16-21.25.34:668][577]LogSlate: Updating window title bar state: overlay mode, drag disabled, window buttons hidden, title bar hidden
[2025.12.16-21.25.34:668][577]LogWorld: BeginTearingDown for /Game/Levels/UEDPIE_0_Mars
[2025.12.16-21.25.34:669][577]LogWorld: UWorld::CleanupWorld for Mars, bSessionEnded=true, bCleanupResources=true
[2025.12.16-21.25.34:670][577]LogSlate: InvalidateAllWidgets triggered.  All widgets were invalidated
[2025.12.16-21.25.34:691][577]LogPlayLevel: Display: Shutting down PIE online subsystems
[2025.12.16-21.25.34:703][577]LogSlate: InvalidateAllWidgets triggered.  All widgets were invalidated
[2025.12.16-21.25.34:780][577]LogAudio: Display: Audio Device unregistered from world 'None'.
[2025.12.16-21.25.34:782][577]LogAudioMixer: FMixerPlatformXAudio2::StopAudioStream() called
[2025.12.16-21.25.34:785][577]LogAudioMixer: FMixerPlatformXAudio2::StopAudioStream() called
[2025.12.16-21.25.34:793][577]LogSlate: Updating window title bar state: overlay mode, drag disabled, window buttons hidden, title bar hidden
[2025.12.16-21.25.34:806][577]LogUObjectHash: Compacting FUObjectHashTables data took   7.37ms
[2025.12.16-21.25.34:848][578]LogPlayLevel: Display: Destroying online subsystem :Context_24
[2025.12.16-21.27.41:554][274]LogTexture: Display: Building textures: ThumbnailTexture (OODLE_DXT1, 512X512)
[2025.12.16-21.27.41:554][274]LogStaticMesh: Building static mesh Ammo...
[2025.12.16-21.27.41:633][274]LogStaticMesh: Built static mesh [0.08s] /Game/Effects/Misc/Meshes/Gameplay/Pickups/Ammo.Ammo
[2025.12.16-21.27.41:662][274]LogMaterial: Display: Missing cached shadermap for M_PickUp_Master in PCD3D_SM5, Default, SM5 (DDC key hash: C73216660B136F412D083D4A232BB781480E7549), compiling. 
[2025.12.16-21.27.41:775][274]LogShaderCompilers: Display: Submitted 24 shader compile jobs with 'Low' priority
[2025.12.16-21.27.41:803][274]LogShaderCompilers: Display: Worker (1/9): shaders left to compile 24
[2025.12.16-21.27.41:804][274]LogShaderCompilers: Display: Worker (2/9): shaders left to compile 20
[2025.12.16-21.27.41:804][274]LogShaderCompilers: Display: Worker (3/9): shaders left to compile 16
[2025.12.16-21.27.41:804][274]LogShaderCompilers: Display: Worker (4/9): shaders left to compile 12
[2025.12.16-21.27.41:804][274]LogShaderCompilers: Display: Worker (5/9): shaders left to compile 8
[2025.12.16-21.27.41:804][274]LogShaderCompilers: Display: Worker (6/9): shaders left to compile 4
[2025.12.16-21.27.41:804][274]LogShaderCompilers: Display: Started 24 'Local' shader compile jobs with 'Low' priority
[2025.12.16-21.27.41:804][274]LogStaticMesh: Building static mesh S_Sphere...
[2025.12.16-21.27.41:878][274]LogStaticMesh: Built static mesh [0.07s] /Game/Effects/Misc/Meshes/General/S_Sphere.S_Sphere
[2025.12.16-21.27.45:656][405]LogShaderCompilers: Display: === FShaderJobCache stats ===
[2025.12.16-21.27.45:657][405]LogShaderCompilers: Display: Total job queries 24, among them cache hits 0 (0.00%)
[2025.12.16-21.27.45:657][405]LogShaderCompilers: Display: Tracking 4 distinct input hashes that result in 4 distinct outputs (100.00%)
[2025.12.16-21.27.45:657][405]LogShaderCompilers: Display: RAM used: 0.01 MB (0.00 GB) of 819.20 MB (0.80 GB) budget. Usage: 0.00%
[2025.12.16-21.27.45:657][405]LogShaderCompilers: Display: ================================================
[2025.12.16-21.28.43:643][467]BlueprintLog: New page: Compile BP_Alien
[2025.12.16-21.28.43:650][467]LogBlueprint: Error: [AssetLog] C:\Rzeczy\gry\rok 2\MARIN\03_MarsMarine 4.27 — kopia\03_MarsMarine 4.27\Content\Blueprints\AI\BP_Alien.uasset: [Compiler] This blueprint (self) is not a SkeletalMeshComponent, therefore ' Target ' must have a connection.
[2025.12.16-21.28.43:747][467]LogUObjectHash: Compacting FUObjectHashTables data took   5.48ms
[2025.12.16-21.29.15:485][168]BlueprintLog: New page: Compile BP_Alien
[2025.12.16-21.29.15:596][168]LogUObjectHash: Compacting FUObjectHashTables data took   6.53ms
[2025.12.16-21.29.18:910][316]LogTemp: Repeating last play command: Selected Viewport
[2025.12.16-21.29.18:934][316]LogPlayLevel: PlayLevel: No blueprints needed recompiling
[2025.12.16-21.29.18:935][316]PIE: New page: PIE session: Mars (16 gru 2025, 23:29:18)
[2025.12.16-21.29.18:935][316]LogPlayLevel: Creating play world package: /Game/Levels/UEDPIE_0_Mars
[2025.12.16-21.29.19:026][316]LogPlayLevel: PIE: StaticDuplicateObject took: (0.090606s)
[2025.12.16-21.29.19:029][316]LogAIModule: Creating AISystem for world Mars
[2025.12.16-21.29.19:030][316]LogPlayLevel: PIE: World Init took: (0.004098s)
[2025.12.16-21.29.19:030][316]LogPlayLevel: PIE: Created PIE world by copying editor world from /Game/Levels/Mars.Mars to /Game/Levels/UEDPIE_0_Mars.Mars (0.095340s)
[2025.12.16-21.29.19:197][316]LogUObjectHash: Compacting FUObjectHashTables data took  17.00ms
[2025.12.16-21.29.19:205][316]LogAudio: Display: Creating Audio Device:                 Id: 13, Scope: Unique, Realtime: True
[2025.12.16-21.29.19:205][316]LogAudioMixer: Display: Audio Mixer Platform Settings:
[2025.12.16-21.29.19:205][316]LogAudioMixer: Display: 	Sample Rate:						  48000
[2025.12.16-21.29.19:205][316]LogAudioMixer: Display: 	Callback Buffer Frame Size Requested: 1024
[2025.12.16-21.29.19:205][316]LogAudioMixer: Display: 	Callback Buffer Frame Size To Use:	  1024
[2025.12.16-21.29.19:205][316]LogAudioMixer: Display: 	Number of buffers to queue:			  2
[2025.12.16-21.29.19:205][316]LogAudioMixer: Display: 	Max Channels (voices):				  32
[2025.12.16-21.29.19:205][316]LogAudioMixer: Display: 	Number of Async Source Workers:		  0
[2025.12.16-21.29.19:205][316]LogAudio: Display: AudioDevice MaxSources: 32
[2025.12.16-21.29.19:206][316]LogAudio: Display: Audio Spatialization Plugin: None (built-in).
[2025.12.16-21.29.19:206][316]LogAudio: Display: Audio Reverb Plugin: None (built-in).
[2025.12.16-21.29.19:206][316]LogAudio: Display: Audio Occlusion Plugin: None (built-in).
[2025.12.16-21.29.19:206][316]LogAudioMixer: Display: Initializing audio mixer.
[2025.12.16-21.29.19:229][316]LogAudioMixer: Display: 0: FrontLeft
[2025.12.16-21.29.19:229][316]LogAudioMixer: Display: 1: FrontRight
[2025.12.16-21.29.19:391][316]LogAudioMixer: Display: Using Audio Device Głośniki (Realtek(R) Audio)
[2025.12.16-21.29.19:391][316]LogAudioMixer: Display: Initializing Sound Submixes...
[2025.12.16-21.29.19:391][316]LogAudioMixer: Display: Creating Master Submix 'MasterSubmixDefault'
[2025.12.16-21.29.19:391][316]LogAudioMixer: Display: Creating Master Submix 'MasterReverbSubmixDefault'
[2025.12.16-21.29.19:392][316]LogAudioMixer: Display: Creating Master Submix 'MasterEQSubmixDefault'
[2025.12.16-21.29.19:393][316]LogAudioMixer: FMixerPlatformXAudio2::StartAudioStream() called
[2025.12.16-21.29.19:393][316]LogAudioMixer: Display: Output buffers initialized: Frames=1024, Channels=2, Samples=2048
[2025.12.16-21.29.19:395][316]LogAudioMixer: Display: Starting AudioMixerPlatformInterface::RunInternal()
[2025.12.16-21.29.19:395][316]LogAudioMixer: Display: FMixerPlatformXAudio2::SubmitBuffer() called for the first time
[2025.12.16-21.29.19:395][316]LogInit: FAudioDevice initialized.
[2025.12.16-21.29.19:395][316]LogAudio: Display: Audio Device (ID: 13) registered with world 'Mars'.
[2025.12.16-21.29.19:417][316]LogLoad: Game class is 'BP_MarsMarine_GameMode_C'
[2025.12.16-21.29.19:424][316]LogWorld: Bringing World /Game/Levels/UEDPIE_0_Mars.Mars up for play (max tick rate 60) at 2025.12.16-22.29.19
[2025.12.16-21.29.19:425][316]LogWorld: Bringing up level for play took: 0.005164
[2025.12.16-21.29.19:426][316]LogOnline: OSS: Creating online subsystem instance for: :Context_27
[2025.12.16-21.29.19:437][316]PIE: Server logged in
[2025.12.16-21.29.19:438][316]PIE: Play in editor total start time 0,508 seconds.
[2025.12.16-21.29.32:136][922]LogSlate: Updating window title bar state: overlay mode, drag disabled, window buttons hidden, title bar hidden
[2025.12.16-21.29.32:136][922]LogWorld: BeginTearingDown for /Game/Levels/UEDPIE_0_Mars
[2025.12.16-21.29.32:136][922]LogWorld: UWorld::CleanupWorld for Mars, bSessionEnded=true, bCleanupResources=true
[2025.12.16-21.29.32:137][922]LogSlate: InvalidateAllWidgets triggered.  All widgets were invalidated
[2025.12.16-21.29.32:156][922]LogPlayLevel: Display: Shutting down PIE online subsystems
[2025.12.16-21.29.32:170][922]LogSlate: InvalidateAllWidgets triggered.  All widgets were invalidated
[2025.12.16-21.29.32:251][922]LogAudio: Display: Audio Device unregistered from world 'None'.
[2025.12.16-21.29.32:251][922]LogAudioMixer: FMixerPlatformXAudio2::StopAudioStream() called
[2025.12.16-21.29.32:254][922]LogAudioMixer: FMixerPlatformXAudio2::StopAudioStream() called
[2025.12.16-21.29.32:264][922]LogSlate: Updating window title bar state: overlay mode, drag disabled, window buttons hidden, title bar hidden
[2025.12.16-21.29.32:276][922]LogUObjectHash: Compacting FUObjectHashTables data took   7.27ms
[2025.12.16-21.29.32:311][923]LogPlayLevel: Display: Destroying online subsystem :Context_27
[2025.12.16-21.29.56:969][188]BlueprintLog: New page: Compile BP_Alien
[2025.12.16-21.29.57:076][188]LogUObjectHash: Compacting FUObjectHashTables data took   4.72ms
[2025.12.16-21.31.49:162][114]BlueprintLog: New page: Compile BP_Alien
[2025.12.16-21.31.49:281][114]LogUObjectHash: Compacting FUObjectHashTables data took   6.07ms
[2025.12.16-21.31.51:414][200]LogTemp: Repeating last play command: Selected Viewport
[2025.12.16-21.31.51:449][200]LogPlayLevel: PlayLevel: No blueprints needed recompiling
[2025.12.16-21.31.51:449][200]PIE: New page: PIE session: Mars (16 gru 2025, 23:31:51)
[2025.12.16-21.31.51:450][200]LogPlayLevel: Creating play world package: /Game/Levels/UEDPIE_0_Mars
[2025.12.16-21.31.51:561][200]LogPlayLevel: PIE: StaticDuplicateObject took: (0.111988s)
[2025.12.16-21.31.51:565][200]LogAIModule: Creating AISystem for world Mars
[2025.12.16-21.31.51:566][200]LogPlayLevel: PIE: World Init took: (0.004172s)
[2025.12.16-21.31.51:566][200]LogPlayLevel: PIE: Created PIE world by copying editor world from /Game/Levels/Mars.Mars to /Game/Levels/UEDPIE_0_Mars.Mars (0.116798s)
[2025.12.16-21.31.51:715][200]LogUObjectHash: Compacting FUObjectHashTables data took  14.57ms
[2025.12.16-21.31.51:718][200]LogAudio: Display: Creating Audio Device:                 Id: 14, Scope: Unique, Realtime: True
[2025.12.16-21.31.51:718][200]LogAudioMixer: Display: Audio Mixer Platform Settings:
[2025.12.16-21.31.51:718][200]LogAudioMixer: Display: 	Sample Rate:						  48000
[2025.12.16-21.31.51:718][200]LogAudioMixer: Display: 	Callback Buffer Frame Size Requested: 1024
[2025.12.16-21.31.51:718][200]LogAudioMixer: Display: 	Callback Buffer Frame Size To Use:	  1024
[2025.12.16-21.31.51:718][200]LogAudioMixer: Display: 	Number of buffers to queue:			  2
[2025.12.16-21.31.51:718][200]LogAudioMixer: Display: 	Max Channels (voices):				  32
[2025.12.16-21.31.51:718][200]LogAudioMixer: Display: 	Number of Async Source Workers:		  0
[2025.12.16-21.31.51:718][200]LogAudio: Display: AudioDevice MaxSources: 32
[2025.12.16-21.31.51:719][200]LogAudio: Display: Audio Spatialization Plugin: None (built-in).
[2025.12.16-21.31.51:720][200]LogAudio: Display: Audio Reverb Plugin: None (built-in).
[2025.12.16-21.31.51:720][200]LogAudio: Display: Audio Occlusion Plugin: None (built-in).
[2025.12.16-21.31.51:720][200]LogAudioMixer: Display: Initializing audio mixer.
[2025.12.16-21.31.51:738][200]LogAudioMixer: Display: 0: FrontLeft
[2025.12.16-21.31.51:738][200]LogAudioMixer: Display: 1: FrontRight
[2025.12.16-21.31.51:838][200]LogAudioMixer: Display: Using Audio Device Głośniki (Realtek(R) Audio)
[2025.12.16-21.31.51:838][200]LogAudioMixer: Display: Initializing Sound Submixes...
[2025.12.16-21.31.51:839][200]LogAudioMixer: Display: Creating Master Submix 'MasterSubmixDefault'
[2025.12.16-21.31.51:839][200]LogAudioMixer: Display: Creating Master Submix 'MasterReverbSubmixDefault'
[2025.12.16-21.31.51:839][200]LogAudioMixer: Display: Creating Master Submix 'MasterEQSubmixDefault'
[2025.12.16-21.31.51:840][200]LogAudioMixer: FMixerPlatformXAudio2::StartAudioStream() called
[2025.12.16-21.31.51:840][200]LogAudioMixer: Display: Output buffers initialized: Frames=1024, Channels=2, Samples=2048
[2025.12.16-21.31.51:842][200]LogAudioMixer: Display: Starting AudioMixerPlatformInterface::RunInternal()
[2025.12.16-21.31.51:842][200]LogAudioMixer: Display: FMixerPlatformXAudio2::SubmitBuffer() called for the first time
[2025.12.16-21.31.51:842][200]LogInit: FAudioDevice initialized.
[2025.12.16-21.31.51:842][200]LogAudio: Display: Audio Device (ID: 14) registered with world 'Mars'.
[2025.12.16-21.31.51:858][200]LogLoad: Game class is 'BP_MarsMarine_GameMode_C'
[2025.12.16-21.31.51:867][200]LogWorld: Bringing World /Game/Levels/UEDPIE_0_Mars.Mars up for play (max tick rate 60) at 2025.12.16-22.31.51
[2025.12.16-21.31.51:868][200]LogWorld: Bringing up level for play took: 0.007578
[2025.12.16-21.31.51:869][200]LogOnline: OSS: Creating online subsystem instance for: :Context_28
[2025.12.16-21.31.51:879][200]PIE: Server logged in
[2025.12.16-21.31.51:881][200]PIE: Play in editor total start time 0,437 seconds.
[2025.12.16-21.32.05:086][820]LogSlate: Updating window title bar state: overlay mode, drag disabled, window buttons hidden, title bar hidden
[2025.12.16-21.32.05:086][820]LogWorld: BeginTearingDown for /Game/Levels/UEDPIE_0_Mars
[2025.12.16-21.32.05:087][820]LogWorld: UWorld::CleanupWorld for Mars, bSessionEnded=true, bCleanupResources=true
[2025.12.16-21.32.05:088][820]LogSlate: InvalidateAllWidgets triggered.  All widgets were invalidated
[2025.12.16-21.32.05:107][820]LogPlayLevel: Display: Shutting down PIE online subsystems
[2025.12.16-21.32.05:118][820]LogSlate: InvalidateAllWidgets triggered.  All widgets were invalidated
[2025.12.16-21.32.05:198][820]LogAudio: Display: Audio Device unregistered from world 'None'.
[2025.12.16-21.32.05:199][820]LogAudioMixer: FMixerPlatformXAudio2::StopAudioStream() called
[2025.12.16-21.32.05:201][820]LogAudioMixer: FMixerPlatformXAudio2::StopAudioStream() called
[2025.12.16-21.32.05:209][820]LogSlate: Updating window title bar state: overlay mode, drag disabled, window buttons hidden, title bar hidden
[2025.12.16-21.32.05:223][820]LogUObjectHash: Compacting FUObjectHashTables data took   8.59ms
[2025.12.16-21.32.05:269][821]LogPlayLevel: Display: Destroying online subsystem :Context_28
[2025.12.16-21.33.03:480][499]LogMaterial: Display: Missing cached shadermap for M_radial_ramp_soft in PCD3D_SM5, Default, SM5 (DDC key hash: 7A511B2A275F4CA6191B6B8AE369DDC30B307BA6), compiling. 
[2025.12.16-21.33.03:545][499]LogTexture: Display: Building textures: ThumbnailTexture (OODLE_DXT1, 512X512)
[2025.12.16-21.33.03:546][499]LogTexture: Display: Building textures: Flare_02 (BGRA8, 1024X1024)
[2025.12.16-21.33.03:546][499]LogShaderCompilers: Display: Submitted 36 shader compile jobs with 'Low' priority
[2025.12.16-21.33.04:900][499]LogShaderCompilers: Display: Worker (1/9): shaders left to compile 36
[2025.12.16-21.33.04:900][499]LogShaderCompilers: Display: Worker (2/9): shaders left to compile 31
[2025.12.16-21.33.04:900][499]LogShaderCompilers: Display: Worker (3/9): shaders left to compile 26
[2025.12.16-21.33.04:900][499]LogShaderCompilers: Display: Worker (4/9): shaders left to compile 21
[2025.12.16-21.33.04:900][499]LogShaderCompilers: Display: Worker (5/9): shaders left to compile 16
[2025.12.16-21.33.04:900][499]LogShaderCompilers: Display: Worker (6/9): shaders left to compile 11
[2025.12.16-21.33.04:900][499]LogShaderCompilers: Display: Worker (7/9): shaders left to compile 6
[2025.12.16-21.33.04:900][499]LogShaderCompilers: Display: Worker (8/9): shaders left to compile 1
[2025.12.16-21.33.04:900][499]LogShaderCompilers: Display: Started 36 'Local' shader compile jobs with 'Low' priority
[2025.12.16-21.33.04:900][499]LogTexture: Display: Building textures: T_SparkCore_2X2 (BGRA8, 2048X2048)
[2025.12.16-21.33.04:900][499]LogTexture: Display: Building textures: T_Steam_02_Packed (OODLE_AutoDXT, 2048X2048)
[2025.12.16-21.33.04:901][499]LogTextureFormatOodle: Display: non-RDO encode 2048 x 2048 x 1 to format OODLE_AutoDXT (Oodle OodleTex_BC3) lambda=0 effort=20 
[2025.12.16-21.33.04:901][499]LogTextureFormatOodle: Display: non-RDO encode 1024 x 1024 x 1 to format OODLE_AutoDXT (Oodle OodleTex_BC3) lambda=0 effort=20 
[2025.12.16-21.33.04:901][499]LogMaterial: Display: Missing cached shadermap for M_MuzzleSmokeDetail_GPU in PCD3D_SM5, Default, SM5 (DDC key hash: DE7B30023F21CB4D4D6553F555A60C28146E2F49), compiling. 
[2025.12.16-21.33.05:022][499]LogShaderCompilers: Display: Submitted 48 shader compile jobs with 'Low' priority
[2025.12.16-21.33.05:029][499]LogMaterial: Display: Missing cached shadermap for M_LensFlare_02 in PCD3D_SM5, Default, SM5 (DDC key hash: AF54E9BA1E640E014E2735BA3B5CDF0E1C716243), compiling. 
[2025.12.16-21.33.05:112][499]LogShaderCompilers: Display: Submitted 36 shader compile jobs with 'Low' priority
[2025.12.16-21.33.05:118][499]LogMaterial: Display: Missing cached shadermap for M_spark_subUV in PCD3D_SM5, Default, SM5 (DDC key hash: 24D17CF25C447B1EA92C912641420B01FA5C603C), compiling. 
[2025.12.16-21.33.05:204][499]LogShaderCompilers: Display: Submitted 36 shader compile jobs with 'Low' priority
[2025.12.16-21.33.07:138][532]BlueprintLog: New page: Compile BP_Alien
[2025.12.16-21.33.07:363][532]LogUObjectHash: Compacting FUObjectHashTables data took  14.12ms
[2025.12.16-21.33.07:529][532]LogShaderCompilers: Display: Worker (8/9): shaders left to compile 120
[2025.12.16-21.33.07:529][532]LogShaderCompilers: Display: Started 10 'Local' shader compile jobs with 'Low' priority
[2025.12.16-21.33.07:529][532]LogShaderCompilers: Display: === FShaderJobCache stats ===
[2025.12.16-21.33.07:529][532]LogShaderCompilers: Display: Total job queries 180, among them cache hits 0 (0.00%)
[2025.12.16-21.33.07:529][532]LogShaderCompilers: Display: Tracking 25 distinct input hashes that result in 20 distinct outputs (80.00%)
[2025.12.16-21.33.07:529][532]LogShaderCompilers: Display: RAM used: 0.08 MB (0.00 GB) of 819.20 MB (0.80 GB) budget. Usage: 0.01%
[2025.12.16-21.33.07:529][532]LogShaderCompilers: Display: ================================================
[2025.12.16-21.33.11:793][646]LogTemp: Repeating last play command: Selected Viewport
[2025.12.16-21.33.11:821][646]LogPlayLevel: PlayLevel: No blueprints needed recompiling
[2025.12.16-21.33.11:821][646]PIE: New page: PIE session: Mars (16 gru 2025, 23:33:11)
[2025.12.16-21.33.11:823][646]LogPlayLevel: Creating play world package: /Game/Levels/UEDPIE_0_Mars
[2025.12.16-21.33.11:917][646]LogPlayLevel: PIE: StaticDuplicateObject took: (0.095157s)
[2025.12.16-21.33.11:919][646]LogAIModule: Creating AISystem for world Mars
[2025.12.16-21.33.11:920][646]LogPlayLevel: PIE: World Init took: (0.002529s)
[2025.12.16-21.33.11:920][646]LogPlayLevel: PIE: Created PIE world by copying editor world from /Game/Levels/Mars.Mars to /Game/Levels/UEDPIE_0_Mars.Mars (0.098180s)
[2025.12.16-21.33.12:049][646]LogUObjectHash: Compacting FUObjectHashTables data took  10.98ms
[2025.12.16-21.33.12:055][646]LogAudio: Display: Creating Audio Device:                 Id: 15, Scope: Unique, Realtime: True
[2025.12.16-21.33.12:055][646]LogAudioMixer: Display: Audio Mixer Platform Settings:
[2025.12.16-21.33.12:055][646]LogAudioMixer: Display: 	Sample Rate:						  48000
[2025.12.16-21.33.12:055][646]LogAudioMixer: Display: 	Callback Buffer Frame Size Requested: 1024
[2025.12.16-21.33.12:055][646]LogAudioMixer: Display: 	Callback Buffer Frame Size To Use:	  1024
[2025.12.16-21.33.12:055][646]LogAudioMixer: Display: 	Number of buffers to queue:			  2
[2025.12.16-21.33.12:055][646]LogAudioMixer: Display: 	Max Channels (voices):				  32
[2025.12.16-21.33.12:055][646]LogAudioMixer: Display: 	Number of Async Source Workers:		  0
[2025.12.16-21.33.12:055][646]LogAudio: Display: AudioDevice MaxSources: 32
[2025.12.16-21.33.12:056][646]LogAudio: Display: Audio Spatialization Plugin: None (built-in).
[2025.12.16-21.33.12:056][646]LogAudio: Display: Audio Reverb Plugin: None (built-in).
[2025.12.16-21.33.12:056][646]LogAudio: Display: Audio Occlusion Plugin: None (built-in).
[2025.12.16-21.33.12:056][646]LogAudioMixer: Display: Initializing audio mixer.
[2025.12.16-21.33.12:070][646]LogAudioMixer: Display: 0: FrontLeft
[2025.12.16-21.33.12:070][646]LogAudioMixer: Display: 1: FrontRight
[2025.12.16-21.33.12:334][646]LogAudioMixer: Display: Using Audio Device Głośniki (Realtek(R) Audio)
[2025.12.16-21.33.12:336][646]LogAudioMixer: Display: Initializing Sound Submixes...
[2025.12.16-21.33.12:336][646]LogAudioMixer: Display: Creating Master Submix 'MasterSubmixDefault'
[2025.12.16-21.33.12:337][646]LogAudioMixer: Display: Creating Master Submix 'MasterReverbSubmixDefault'
[2025.12.16-21.33.12:338][646]LogAudioMixer: Display: Creating Master Submix 'MasterEQSubmixDefault'
[2025.12.16-21.33.12:338][646]LogAudioMixer: FMixerPlatformXAudio2::StartAudioStream() called
[2025.12.16-21.33.12:338][646]LogAudioMixer: Display: Output buffers initialized: Frames=1024, Channels=2, Samples=2048
[2025.12.16-21.33.12:343][646]LogAudioMixer: Display: Starting AudioMixerPlatformInterface::RunInternal()
[2025.12.16-21.33.12:343][646]LogAudioMixer: Display: FMixerPlatformXAudio2::SubmitBuffer() called for the first time
[2025.12.16-21.33.12:343][646]LogInit: FAudioDevice initialized.
[2025.12.16-21.33.12:343][646]LogAudio: Display: Audio Device (ID: 15) registered with world 'Mars'.
[2025.12.16-21.33.12:371][646]LogLoad: Game class is 'BP_MarsMarine_GameMode_C'
[2025.12.16-21.33.12:381][646]LogWorld: Bringing World /Game/Levels/UEDPIE_0_Mars.Mars up for play (max tick rate 60) at 2025.12.16-22.33.12
[2025.12.16-21.33.12:383][646]LogWorld: Bringing up level for play took: 0.008601
[2025.12.16-21.33.12:384][646]LogOnline: OSS: Creating online subsystem instance for: :Context_29
[2025.12.16-21.33.12:400][646]PIE: Server logged in
[2025.12.16-21.33.12:403][646]PIE: Play in editor total start time 0,585 seconds.
[2025.12.16-21.33.14:047][689]LogShaderCompilers: Display: Worker (4/9): shaders left to compile 110
[2025.12.16-21.33.14:048][689]LogShaderCompilers: Display: Started 10 'Local' shader compile jobs with 'Low' priority
[2025.12.16-21.33.17:929][821]LogShaderCompilers: Display: Worker (6/9): shaders left to compile 100
[2025.12.16-21.33.17:929][821]LogShaderCompilers: Display: Started 10 'Local' shader compile jobs with 'Low' priority
[2025.12.16-21.33.19:665][880]LogShaderCompilers: Display: Worker (2/9): shaders left to compile 4
[2025.12.16-21.33.19:665][880]LogShaderCompilers: Display: Started 1 'Local' shader compile jobs with 'ForceLocal' priority
[2025.12.16-21.33.20:123][894]LogShaderCompilers: Display: Worker (1/9): shaders left to compile 3
[2025.12.16-21.33.20:123][894]LogShaderCompilers: Display: Started 1 'Local' shader compile jobs with 'ForceLocal' priority
[2025.12.16-21.33.25:792][ 82]LogShaderCompilers: Display: Worker (3/9): shaders left to compile 2
[2025.12.16-21.33.25:792][ 82]LogShaderCompilers: Display: Started 1 'Local' shader compile jobs with 'ForceLocal' priority
[2025.12.16-21.33.26:085][ 90]LogShaderCompilers: Display: Worker (5/9): shaders left to compile 1
[2025.12.16-21.33.26:085][ 90]LogShaderCompilers: Display: Started 1 'Local' shader compile jobs with 'ForceLocal' priority
[2025.12.16-21.33.26:194][ 92]LogShaderCompilers: Display: Worker (2/9): shaders left to compile 86
[2025.12.16-21.33.26:194][ 92]LogShaderCompilers: Display: Started 10 'Local' shader compile jobs with 'Low' priority
[2025.12.16-21.33.26:540][105]LogShaderCompilers: Display: Worker (7/9): shaders left to compile 76
[2025.12.16-21.33.26:540][105]LogShaderCompilers: Display: Started 10 'Local' shader compile jobs with 'Low' priority
[2025.12.16-21.33.27:238][128]LogSlate: Updating window title bar state: overlay mode, drag disabled, window buttons hidden, title bar hidden
[2025.12.16-21.33.27:239][128]LogWorld: BeginTearingDown for /Game/Levels/UEDPIE_0_Mars
[2025.12.16-21.33.27:239][128]LogWorld: UWorld::CleanupWorld for Mars, bSessionEnded=true, bCleanupResources=true
[2025.12.16-21.33.27:241][128]LogSlate: InvalidateAllWidgets triggered.  All widgets were invalidated
[2025.12.16-21.33.27:271][128]LogPlayLevel: Display: Shutting down PIE online subsystems
[2025.12.16-21.33.27:291][128]LogSlate: InvalidateAllWidgets triggered.  All widgets were invalidated
[2025.12.16-21.33.27:416][128]LogAudio: Display: Audio Device unregistered from world 'None'.
[2025.12.16-21.33.27:419][128]LogAudioMixer: FMixerPlatformXAudio2::StopAudioStream() called
[2025.12.16-21.33.27:421][128]LogAudioMixer: FMixerPlatformXAudio2::StopAudioStream() called
[2025.12.16-21.33.27:434][128]LogSlate: Updating window title bar state: overlay mode, drag disabled, window buttons hidden, title bar hidden
[2025.12.16-21.33.27:451][128]LogUObjectHash: Compacting FUObjectHashTables data took  10.50ms
[2025.12.16-21.33.27:525][129]LogPlayLevel: Display: Destroying online subsystem :Context_29
[2025.12.16-21.33.30:077][205]LogShaderCompilers: Display: Worker (1/9): shaders left to compile 66
[2025.12.16-21.33.30:077][205]LogShaderCompilers: Display: Started 9 'Local' shader compile jobs with 'Low' priority
[2025.12.16-21.33.30:232][209]LogShaderCompilers: Display: Worker (3/9): shaders left to compile 57
[2025.12.16-21.33.30:232][209]LogShaderCompilers: Display: Started 8 'Local' shader compile jobs with 'Low' priority
[2025.12.16-21.33.34:560][352]LogShaderCompilers: Display: Worker (5/9): shaders left to compile 49
[2025.12.16-21.33.34:560][352]LogShaderCompilers: Display: Started 7 'Local' shader compile jobs with 'Low' priority
[2025.12.16-21.33.41:636][594]LogShaderCompilers: Display: Worker (8/9): shaders left to compile 42
[2025.12.16-21.33.41:636][594]LogShaderCompilers: Display: Started 6 'Local' shader compile jobs with 'Low' priority
[2025.12.16-21.33.52:127][924]LogShaderCompilers: Display: Worker (4/9): shaders left to compile 36
[2025.12.16-21.33.52:127][924]LogShaderCompilers: Display: Started 5 'Local' shader compile jobs with 'Low' priority
[2025.12.16-21.34.08:233][404]LogShaderCompilers: Display: Worker (3/9): shaders left to compile 31
[2025.12.16-21.34.08:234][404]LogShaderCompilers: Display: Started 4 'Local' shader compile jobs with 'Low' priority
[2025.12.16-21.34.16:690][666]LogShaderCompilers: Display: Worker (6/9): shaders left to compile 27
[2025.12.16-21.34.16:690][666]LogShaderCompilers: Display: Started 4 'Local' shader compile jobs with 'Low' priority
[2025.12.16-21.34.17:559][690]LogShaderCompilers: Display: Worker (1/9): shaders left to compile 23
[2025.12.16-21.34.17:559][690]LogShaderCompilers: Display: Started 3 'Local' shader compile jobs with 'Low' priority
[2025.12.16-21.34.24:271][880]LogShaderCompilers: Display: Worker (8/9): shaders left to compile 20
[2025.12.16-21.34.24:271][880]LogShaderCompilers: Display: Started 3 'Local' shader compile jobs with 'Low' priority
[2025.12.16-21.34.34:885][196]LogShaderCompilers: Display: Worker (7/9): shaders left to compile 17
[2025.12.16-21.34.34:885][196]LogShaderCompilers: Display: Started 3 'Local' shader compile jobs with 'Low' priority
[2025.12.16-21.34.35:738][220]LogShaderCompilers: Display: Worker (2/9): shaders left to compile 14
[2025.12.16-21.34.35:738][220]LogShaderCompilers: Display: Started 2 'Local' shader compile jobs with 'Low' priority
[2025.12.16-21.34.37:619][276]LogShaderCompilers: Display: Worker (3/9): shaders left to compile 12
[2025.12.16-21.34.37:619][276]LogShaderCompilers: Display: Started 2 'Local' shader compile jobs with 'Low' priority
[2025.12.16-21.34.41:979][405]LogShaderCompilers: Display: Worker (5/9): shaders left to compile 10
[2025.12.16-21.34.41:979][405]LogShaderCompilers: Display: Started 2 'Local' shader compile jobs with 'Low' priority
[2025.12.16-21.34.43:444][451]LogShaderCompilers: Display: Worker (8/9): shaders left to compile 8
[2025.12.16-21.34.43:444][451]LogShaderCompilers: Display: Started 2 'Local' shader compile jobs with 'Low' priority
[2025.12.16-21.34.43:796][462]LogShaderCompilers: Display: Worker (1/9): shaders left to compile 6
[2025.12.16-21.34.43:797][462]LogShaderCompilers: Display: Started 1 'Local' shader compile jobs with 'Low' priority
[2025.12.16-21.34.45:395][516]LogShaderCompilers: Display: Worker (4/9): shaders left to compile 5
[2025.12.16-21.34.45:396][516]LogShaderCompilers: Display: Started 1 'Local' shader compile jobs with 'Low' priority
[2025.12.16-21.34.48:674][619]LogShaderCompilers: Display: Worker (7/9): shaders left to compile 4
[2025.12.16-21.34.48:674][619]LogShaderCompilers: Display: Started 1 'Local' shader compile jobs with 'Low' priority
[2025.12.16-21.34.48:950][627]LogShaderCompilers: Display: Worker (2/9): shaders left to compile 3
[2025.12.16-21.34.48:950][627]LogShaderCompilers: Display: Started 1 'Local' shader compile jobs with 'Low' priority
[2025.12.16-21.34.48:983][628]LogShaderCompilers: Display: Worker (4/9): shaders left to compile 2
[2025.12.16-21.34.48:983][628]LogShaderCompilers: Display: Started 1 'Local' shader compile jobs with 'Low' priority
[2025.12.16-21.34.49:520][644]LogShaderCompilers: Display: Worker (1/9): shaders left to compile 1
[2025.12.16-21.34.49:520][644]LogShaderCompilers: Display: Started 1 'Local' shader compile jobs with 'Low' priority
[2025.12.16-21.34.59:650][960]LogTemp: Repeating last play command: Selected Viewport
[2025.12.16-21.34.59:679][960]LogPlayLevel: PlayLevel: No blueprints needed recompiling
[2025.12.16-21.34.59:679][960]PIE: New page: PIE session: Mars (16 gru 2025, 23:34:59)
[2025.12.16-21.34.59:680][960]LogPlayLevel: Creating play world package: /Game/Levels/UEDPIE_0_Mars
[2025.12.16-21.34.59:792][960]LogPlayLevel: PIE: StaticDuplicateObject took: (0.112711s)
[2025.12.16-21.34.59:796][960]LogAIModule: Creating AISystem for world Mars
[2025.12.16-21.34.59:797][960]LogPlayLevel: PIE: World Init took: (0.004189s)
[2025.12.16-21.34.59:797][960]LogPlayLevel: PIE: Created PIE world by copying editor world from /Game/Levels/Mars.Mars to /Game/Levels/UEDPIE_0_Mars.Mars (0.117529s)
[2025.12.16-21.34.59:948][960]LogUObjectHash: Compacting FUObjectHashTables data took  11.16ms
[2025.12.16-21.34.59:957][960]LogAudio: Display: Creating Audio Device:                 Id: 16, Scope: Unique, Realtime: True
[2025.12.16-21.34.59:958][960]LogAudioMixer: Display: Audio Mixer Platform Settings:
[2025.12.16-21.34.59:958][960]LogAudioMixer: Display: 	Sample Rate:						  48000
[2025.12.16-21.34.59:958][960]LogAudioMixer: Display: 	Callback Buffer Frame Size Requested: 1024
[2025.12.16-21.34.59:958][960]LogAudioMixer: Display: 	Callback Buffer Frame Size To Use:	  1024
[2025.12.16-21.34.59:958][960]LogAudioMixer: Display: 	Number of buffers to queue:			  2
[2025.12.16-21.34.59:958][960]LogAudioMixer: Display: 	Max Channels (voices):				  32
[2025.12.16-21.34.59:958][960]LogAudioMixer: Display: 	Number of Async Source Workers:		  0
[2025.12.16-21.34.59:958][960]LogAudio: Display: AudioDevice MaxSources: 32
[2025.12.16-21.34.59:959][960]LogAudio: Display: Audio Spatialization Plugin: None (built-in).
[2025.12.16-21.34.59:959][960]LogAudio: Display: Audio Reverb Plugin: None (built-in).
[2025.12.16-21.34.59:959][960]LogAudio: Display: Audio Occlusion Plugin: None (built-in).
[2025.12.16-21.34.59:959][960]LogAudioMixer: Display: Initializing audio mixer.
[2025.12.16-21.34.59:980][960]LogAudioMixer: Display: 0: FrontLeft
[2025.12.16-21.34.59:980][960]LogAudioMixer: Display: 1: FrontRight
[2025.12.16-21.35.00:115][960]LogAudioMixer: Display: Using Audio Device Głośniki (Realtek(R) Audio)
[2025.12.16-21.35.00:115][960]LogAudioMixer: Display: Initializing Sound Submixes...
[2025.12.16-21.35.00:116][960]LogAudioMixer: Display: Creating Master Submix 'MasterSubmixDefault'
[2025.12.16-21.35.00:116][960]LogAudioMixer: Display: Creating Master Submix 'MasterReverbSubmixDefault'
[2025.12.16-21.35.00:117][960]LogAudioMixer: Display: Creating Master Submix 'MasterEQSubmixDefault'
[2025.12.16-21.35.00:117][960]LogAudioMixer: FMixerPlatformXAudio2::StartAudioStream() called
[2025.12.16-21.35.00:117][960]LogAudioMixer: Display: Output buffers initialized: Frames=1024, Channels=2, Samples=2048
[2025.12.16-21.35.00:121][960]LogAudioMixer: Display: Starting AudioMixerPlatformInterface::RunInternal()
[2025.12.16-21.35.00:121][960]LogAudioMixer: Display: FMixerPlatformXAudio2::SubmitBuffer() called for the first time
[2025.12.16-21.35.00:121][960]LogInit: FAudioDevice initialized.
[2025.12.16-21.35.00:121][960]LogAudio: Display: Audio Device (ID: 16) registered with world 'Mars'.
[2025.12.16-21.35.00:148][960]LogLoad: Game class is 'BP_MarsMarine_GameMode_C'
[2025.12.16-21.35.00:160][960]LogWorld: Bringing World /Game/Levels/UEDPIE_0_Mars.Mars up for play (max tick rate 60) at 2025.12.16-22.35.00
[2025.12.16-21.35.00:161][960]LogWorld: Bringing up level for play took: 0.008445
[2025.12.16-21.35.00:161][960]LogOnline: OSS: Creating online subsystem instance for: :Context_30
[2025.12.16-21.35.00:175][960]PIE: Server logged in
[2025.12.16-21.35.00:177][960]PIE: Play in editor total start time 0,503 seconds.
[2025.12.16-21.35.09:959][351]LogSlate: Updating window title bar state: overlay mode, drag disabled, window buttons hidden, title bar hidden
[2025.12.16-21.35.09:959][351]LogWorld: BeginTearingDown for /Game/Levels/UEDPIE_0_Mars
[2025.12.16-21.35.09:960][351]LogWorld: UWorld::CleanupWorld for Mars, bSessionEnded=true, bCleanupResources=true
[2025.12.16-21.35.09:961][351]LogSlate: InvalidateAllWidgets triggered.  All widgets were invalidated
[2025.12.16-21.35.09:991][351]LogPlayLevel: Display: Shutting down PIE online subsystems
[2025.12.16-21.35.10:010][351]LogSlate: InvalidateAllWidgets triggered.  All widgets were invalidated
[2025.12.16-21.35.10:138][351]LogAudio: Display: Audio Device unregistered from world 'None'.
[2025.12.16-21.35.10:138][351]LogAudioMixer: FMixerPlatformXAudio2::StopAudioStream() called
[2025.12.16-21.35.10:140][351]LogAudioMixer: FMixerPlatformXAudio2::StopAudioStream() called
[2025.12.16-21.35.10:152][351]LogSlate: Updating window title bar state: overlay mode, drag disabled, window buttons hidden, title bar hidden
[2025.12.16-21.35.10:165][351]LogUObjectHash: Compacting FUObjectHashTables data took   8.95ms
[2025.12.16-21.35.10:235][352]LogPlayLevel: Display: Destroying online subsystem :Context_30
[2025.12.16-21.35.19:267][669]LogWorld: UWorld::CleanupWorld for World_4, bSessionEnded=true, bCleanupResources=true
[2025.12.16-21.35.19:267][669]LogSlate: InvalidateAllWidgets triggered.  All widgets were invalidated
[2025.12.16-21.35.22:729][836]Cmd: OBJ SAVEPACKAGE PACKAGE="/Game/Blueprints/AI/BP_Alien" FILE="../../../../../../Rzeczy/gry/rok 2/MARIN/03_MarsMarine 4.27 — kopia/03_MarsMarine 4.27/Content/Blueprints/AI/BP_Alien.uasset" SILENT=true
[2025.12.16-21.35.22:774][836]LogSavePackage: Moving '../../../../../../Rzeczy/gry/rok 2/MARIN/03_MarsMarine 4.27 — kopia/03_MarsMarine 4.27/Saved/BP_Alien6870F9ED48DC9BB6A1ABFEB9E030011D.tmp' to '../../../../../../Rzeczy/gry/rok 2/MARIN/03_MarsMarine 4.27 — kopia/03_MarsMarine 4.27/Content/Blueprints/AI/BP_Alien.uasset'
[2025.12.16-21.35.22:837][836]AssetCheck: New page: Asset Save: BP_Alien
[2025.12.16-21.35.22:837][836]LogContentValidation: Display: Validating Blueprint /Game/Blueprints/AI/BP_Alien.BP_Alien
[2025.12.16-21.35.24:585][921]LogUObjectHash: Compacting FUObjectHashTables data took   6.33ms
[2025.12.16-21.35.24:720][921]LogUObjectHash: Compacting FUObjectHashTables data took   5.70ms
[2025.12.16-21.35.24:831][921]LogSavePackage: Moving '../../../../../../Rzeczy/gry/rok 2/MARIN/03_MarsMarine 4.27 — kopia/03_MarsMarine 4.27/Saved/Mars083C88E94D5F4CDC25BF558261CAD277.tmp' to '../../../../../../Rzeczy/gry/rok 2/MARIN/03_MarsMarine 4.27 — kopia/03_MarsMarine 4.27/Content/Levels/Mars.umap'
[2025.12.16-21.35.24:904][921]LogFileHelpers: Saving map 'Mars' took 0.257
[2025.12.16-21.35.24:965][921]LogSavePackage: Moving '../../../../../../Rzeczy/gry/rok 2/MARIN/03_MarsMarine 4.27 — kopia/03_MarsMarine 4.27/Saved/BP_Marine82023DEB48B221379F2FFD8051A51506.tmp' to '../../../../../../Rzeczy/gry/rok 2/MARIN/03_MarsMarine 4.27 — kopia/03_MarsMarine 4.27/Content/Blueprints/Pawns/BP_Marine.uasset'
[2025.12.16-21.35.24:967][921]Cmd: OBJ SAVEPACKAGE PACKAGE="/Game/UI/W_Alienek" FILE="../../../../../../Rzeczy/gry/rok 2/MARIN/03_MarsMarine 4.27 — kopia/03_MarsMarine 4.27/Content/UI/W_Alienek.uasset" SILENT=true
[2025.12.16-21.35.24:983][921]LogSavePackage: Moving '../../../../../../Rzeczy/gry/rok 2/MARIN/03_MarsMarine 4.27 — kopia/03_MarsMarine 4.27/Saved/W_Alienek93EF0DA748A28471BD0452A26B9AB38B.tmp' to '../../../../../../Rzeczy/gry/rok 2/MARIN/03_MarsMarine 4.27 — kopia/03_MarsMarine 4.27/Content/UI/W_Alienek.uasset'
[2025.12.16-21.35.25:058][921]AssetCheck: New page: Asset Save: multiple assets
[2025.12.16-21.35.25:059][921]LogContentValidation: Display: Validating Blueprint /Game/Blueprints/Pawns/BP_Marine.BP_Marine
[2025.12.16-21.35.25:059][921]LogContentValidation: Display: Validating World /Game/Levels/Mars.Mars
[2025.12.16-21.35.25:059][921]LogContentValidation: Display: Validating WidgetBlueprint /Game/UI/W_Alienek.W_Alienek
[2025.12.16-21.35.26:495][995]LogWorld: UWorld::CleanupWorld for World_7, bSessionEnded=true, bCleanupResources=true
[2025.12.16-21.35.26:495][995]LogSlate: InvalidateAllWidgets triggered.  All widgets were invalidated
[2025.12.16-21.35.26:511][995]LogWorld: UWorld::CleanupWorld for World_6, bSessionEnded=true, bCleanupResources=true
[2025.12.16-21.35.26:511][995]LogSlate: InvalidateAllWidgets triggered.  All widgets were invalidated
[2025.12.16-21.35.27:296][ 34]LogWorld: UWorld::CleanupWorld for World_9, bSessionEnded=true, bCleanupResources=true
[2025.12.16-21.35.27:296][ 34]LogSlate: InvalidateAllWidgets triggered.  All widgets were invalidated
[2025.12.16-21.35.27:309][ 34]LogWorld: UWorld::CleanupWorld for World_8, bSessionEnded=true, bCleanupResources=true
[2025.12.16-21.35.27:309][ 34]LogSlate: InvalidateAllWidgets triggered.  All widgets were invalidated
